7f554e4ee37a0c4eb24074855e2806fb4e809d65	UBL-2.5.html
2a04eac846cca26481e9d0ca267d8a4cdde5d088	UBL-2.5.pdf
871d86e38ccadd44f918e11a77694a4a0e6b4fec	UBL-2.5.xml
08c6537e4ccb7a436184327d1049f95b5548f742	art/UBL-1.0-ProcurementProcess.png
5975426a9d4530ae164260ac034d1dd47b274516	art/UBL-2.0-CertificationOfOriginOfGoodsProcess.png
4b07e91dd47ee8bd76c219f18ace7a4e08980ca3	art/UBL-2.0-CreateCatalogueProcess.png
e5f5f929f60e6ad3bf74067a064b24bbb9508c42	art/UBL-2.0-DeleteCatalogueProcess.png
df71ef74fb2d4d6bfce15b790e11f2aa04d5f191	art/UBL-2.0-PaymentNotificationProcess.png
be34354cb47bafb0b90c9df8c54505c83311d6ba	art/UBL-2.0-ReminderForPaymentProcess.png
cfbae89e221da790044652cf8ab4ebf4b3812ac3	art/UBL-2.0-ReportStateofAccountsProcess.png
efa004d35b1f0f1e6308ea611545bb796944c91c	art/UBL-2.0-SelfBillingwithCreditNoteProcess.png
543056943a7b141f6dacd317f42b52d2116abf44	art/UBL-2.0-SelfBillingwithSelfBilledCreditNoteProcess.png
a594f7ed0d825a1885e9f48e117bfbe940be7555	art/UBL-2.0-SourcingBuyerInitiatedProcess.png
01526768f10f70ec49730e1c2edba9714ef54c67	art/UBL-2.0-SourcingPunchoutProcess.png
0accf275bf449856809ca96cdf66fadbfe072925	art/UBL-2.0-UpdateCatalogueItemSpecificationProcess.png
a37eaac3b7f4842cd68ede3573d48b31dcca995f	art/UBL-2.0-UpdateCataloguePricingProcess.png
5e88669fe8f7e8314c51161fc95bbd09fd6e4096	art/UBL-2.2-BusinessCard.png
cadce7b612d8d8888dfbc0672f0b3cac7a4ac6d5	art/UBL-2.2-CPFR-CreateJointBusinessPlan.png
e64c0d6ebe002c42cd9650586f7e902d300841aa	art/UBL-2.2-CPFR-CreateOrderForecast.png
759c4fc0439aab67f1c63962712a36936cb1c25a	art/UBL-2.2-CPFR-CreatingSalesForecast.png
78dc9208632d6e1d524f71cda4beb02326d31a3e	art/UBL-2.2-CPFR-EstablishingCollaborativeRelationships.png
03a20af5d8e58a3d0f3a87f0621c0bea23f97400	art/UBL-2.2-CPFR-ExceptionHandling.png
b494f727b514c30829138b4ee9b294ba7ddfc9ac	art/UBL-2.2-CPFR-ExceptionMonitor.png
3658c0b90ca6bf4d9936f22e1ee4914166324c7a	art/UBL-2.2-CPFR-IdentifyResolve.png
f0593051ec6217dd8e52488c8952fecfb8cd1d84	art/UBL-2.2-CPFR-Steps1-2.png
843d98bce673b0c262945aab35f748e5c02fa92f	art/UBL-2.2-CPFR-Steps3-4-5.png
8b8706611b8543ba5d156f06ec0f69ba485bac58	art/UBL-2.2-CPFR-Steps6-9.png
5479718e1b1a81c275ff0361d70094ee8c65efac	art/UBL-2.2-CRP-BaseArticleCatalogue.png
9e673b49961522d6b40f057aa9f700707815c8a6	art/UBL-2.2-CRP-ChangeArticleCatalogue.png
b351b0cba1b1ab564164aa403c93c6a1bf7d3cd2	art/UBL-2.2-CRP-InitialStockingByRetailer.png
05d26e327bcebc990ddd4389717b9814c216f744	art/UBL-2.2-CRP-Invoicing.png
643bf5e5a05249228204700493e84e1e0c2dc648	art/UBL-2.2-CRP-SalesAndInventoryMovement.png
aad587200fd7e7045f366d3d0cd1f0b8a9d081d3	art/UBL-2.2-CRP-Synchronizing.png
88d947d2f01151d22111c1ce50f2bea2882e2357	art/UBL-2.2-DefaultValidation.png
69a28a16b7c32478f7367261f42b01d4766832ce	art/UBL-2.2-DigitalAgreement.png
ab2fb66e70da0a5760fd6af20dc7e88c8ad1628e	art/UBL-2.2-DigitalCapability.png
e11486842722b7dfecb0d645ab7e4b31fc96d4de	art/UBL-2.2-Enquiry.png
e215cfc275a35eb9bb7ddc545869c9e3fbf83622	art/UBL-2.2-FreightStatusReporting.png
048bb09e8b120dc9b955c12183f1ecee7be01248	art/UBL-2.2-Fulfilment-1simple.png
26acd0de48aec78912959bab96400a909b119d82	art/UBL-2.2-Fulfilment-2split.png
67cdd534d8302197c7be9093851acaaf96d6ac0b	art/UBL-2.2-Fulfilment-3intermediary.png
c3c91cb85430c13e611488486d2c1a7ca0d7b5cb	art/UBL-2.2-Fulfilment-4consolidated.png
9a5c7ae04ef01580241d664db7840a7f5a30dab4	art/UBL-2.2-FulfilmentDespatchAdviceProcess.png
f4e35896b9ac11fc817ae695e29847639b3713d7	art/UBL-2.2-FulfilmentReceiptAdviceProcess.png
472047cc1aaa37cc2e820b411b37fae697540888	art/UBL-2.2-IMFM-BasicTransportExecutionPlan.png
bdb91f4889bcce0b19dc0bed1cee144ed28f682a	art/UBL-2.2-IMFM-GenericIntermodalFreightProcess.png
b10ac89077a5e3819608a430fd6aee72de304677	art/UBL-2.2-IMFM-GoodsItemItinerary.png
30ee8ce11c845547dea1c9363a9124dcc7bd7d33	art/UBL-2.2-IMFM-IntermodalFreightManagementProcess.png
c5e977a4903ac814dadf494f84c424a6d120e980	art/UBL-2.2-IMFM-TransportProgressStatus.png
d58efa5d40d0729c02527ffe46d2cbd40f0c0293	art/UBL-2.2-IMFM-TransportServiceDescription.png
600626e5796a1fd59fdd34e13d19185610f4f159	art/UBL-2.2-InitiateFreightMgmtProcess.png
4f3de1766815982559d25868836ecb032d920f94	art/UBL-2.2-Open-edi-Application.png
9db94d4739d70ca1ab4f0ed11c573a70ca285378	art/UBL-2.2-Open-edi-Overview.png
c3f9b80c126580f1207df2054f18f54ac6eb7199	art/UBL-2.2-ROCD-ArticleAvailability.png
dd5fa606fc4de27290dfb5211f97f520fb5bdeae	art/UBL-2.2-ROCD-BaseArticleCatalogue.png
2f2b296fcd4dd08c591711c14de28ee22d5ab1ec	art/UBL-2.2-ROCD-InitialStocking.png
0d59fa56d00c4a0d2b5ba6d639aae17b647f1c59	art/UBL-2.2-SchemaDependencies.png
5bce0a675f36f4ed5df85e5f78803b709ab2e29f	art/UBL-2.2-Tender-AwardNotification.png
076c4fc562901a3a9ad9392a5ffdc34e8bbd283d	art/UBL-2.2-Tender-AwardPublication.png
42661fcd3a37325bcb43294c105d4a8a943391e3	art/UBL-2.2-Tender-ContractInfoNotify.png
ab08a036b742d26fd11a9df6d9b12b4bbc83e780	art/UBL-2.2-Tender-ContractInfoPrep.png
eb4dfd5662aacbb235f1d184c867db888fd9b24a	art/UBL-2.2-Tender-ExpressionOfInterest.png
b5b54d8b8e992350e484731e891792c879a0bfd5	art/UBL-2.2-Tender-GuaranteeDeposit.png
2f6090befcd0f83de0d5bb89e5f3cd78ef29ddc2	art/UBL-2.2-Tender-Invitation.png
db844e718136e5625cb26300ff0cd8ea8b432b0a	art/UBL-2.2-Tender-QualificationApplication.png
076844f02718b147c1e137d113e022a23228ddc1	art/UBL-2.2-Tender-QualificationInfo.png
929b649ca2efa4b676b463d2544b8d93903be4b1	art/UBL-2.2-Tender-Status.png
67c5029c13d430acaf8e06b77d9a0ff04fae9f1d	art/UBL-2.2-Tender-SubmissionOfTenders.png
8a27590e383fd750ed7b1a06517ca77f461729dd	art/UBL-2.2-Tender-UnsubscribeFromProcedure.png
8b40df2089accf8630693a92ebf2cd30abe76a0e	art/UBL-2.2-Tender-Withdrawal.png
7161d6bfbe5a248e61cb130103d2001c6e929f4c	art/UBL-2.2-UDT-QDT.png
662e943b42817d9ddae902b4495766f8dcef04f6	art/UBL-2.2-VMI-InitialStocking.png
460d5ab16818c3148b758ff6b4034e64a0f5b95c	art/UBL-2.2-VMI-Invoicing.png
60b94c3d2ffb4df9ee6090914324fe8dba84b43b	art/UBL-2.2-VMI-PermanentReplenishment.png
72660ecdc680a155273895042d866a0e220d9819	art/UBL-2.2-VMI-PriceAdjustment.png
7a11789644113e9cdeb68c666ce4f7e1d53a7b34	art/UBL-2.2-VMI-ReturnsByProducer.png
b80817b20457d98266e9d6f66c90ead70df3f783	art/UBL-2.2-VMI-SalesAndInventoryMovement.png
f7bca4bfb1ad6b5915967590c5d292bc052b931f	art/UBL-2.3-CommonTransportationReportProcess.png
38a18a397ec4d7a5b57d6e30f4247ea3583156af	art/UBL-2.3-ExportCustomsDeclarationProcess.png
cc8d678d475e9067b2a42acf66bcb08e07dd247d	art/UBL-2.3-GoodsCertificateExportProcess.png
3d3a50d22a230865b5942e8bc4d64ed9a29bae0c	art/UBL-2.3-GoodsItemPassportApprovalProcess.png
d7b86bb5722cc16df2a9977e6b79db74baeb5298	art/UBL-2.3-GoodsItemPassportPresentationProcess.png
088af16177b8542cea40cce7661bbd1502b427fb	art/UBL-2.3-GoodsItemPassportReturnProcess.png
e5cb04659c76543885c3014a7c03731363fe0de6	art/UBL-2.3-ImportDeclarationProcess.png
ddc5f3b03c8ccb30445493c24d8f777e9bdfe2f6	art/UBL-2.3-ManifestProcess.png
5f810035e349e3e817acae7b92395371d594e8d2	art/UBL-2.3-ModelRealization.png
787f3bedbd320b83ad46d35553e260dc94ade18d	art/UBL-2.3-OrderingProcess.png
14e9870ba29341233af41ea8484fe3caefc78c1d	art/UBL-2.3-Pre-awardProcess.png
7e44b910a3d26a6009be2f7cffd6c30d6f1bb627	art/UBL-2.3-ProcurementProcess.png
7b1f28ea99440514a40a00acaaa082df1046367a	art/UBL-2.3-RequestForProofOfReexportationProcess.png
dbb86b60311d39c35752b9ade4e16dcf703a9d36	art/UBL-2.3-Tender-Contract-Post.png
a0c0ca23189bcea5559bf792f8ef1f5fba4ad94f	art/UBL-2.3-Tender-Contract-Pre.png
950a951f082c14b05bda7c78aa75494e182d896c	art/UBL-2.3-TransitDeclarationProcess.png
eccf56de15995c725d9dd2e2fdec7881d4a562f8	art/UBL-2.4-BusinessInformation.png
5235016f4a26374ef6bf8e9c3cf7c4a2dda3a79c	art/UBL-2.5-BillingwithCreditNoteProcess.png
a448aa0a04e16bbeb95edfa8680a49abd20a5932	art/UBL-2.5-BillingwithDebitNoteProcess.png
df639d811099f1aa530a970dc66846c0e88a22d4	art/UBL-2.5-UtilityBillingProcess.png
6db8c7c86452a2127cccae0feb12926fafb27ebb	art/UBL-2.5-WasteMovementProcess.png
eb912fddc7d9ed2770dcc99a6144c7e19049060d	art/UBL-2.5-WasteNotificationProcess.png
b80b4a4850df3496f92c824d08db42d15771b420	art/artpdf/UBL-1.0-ProcurementProcess.png
ffd1b46d27ad13bdc23fd9c465c81feb30dbcf72	art/artpdf/UBL-2.0-BillingwithCreditNoteProcess.png
efc508b5a86a471171e2aab788cfa311b4caa91b	art/artpdf/UBL-2.0-CertificationOfOriginOfGoodsProcess.png
a6179bc4636c917f1003c326a2f7ee56ad2fe04e	art/artpdf/UBL-2.0-CreateCatalogueProcess.png
91d4d1dd5ac003dfb2c605d6643a71fdb1847eb3	art/artpdf/UBL-2.0-DeleteCatalogueProcess.png
7f4c902a41b287c9731b962d6004540149672391	art/artpdf/UBL-2.0-PaymentNotificationProcess.png
53e1bdc4206e4ffa6f5131c28ebb52d2bd4f1f55	art/artpdf/UBL-2.0-ReminderForPaymentProcess.png
640fc3b27d80f89c5fe9b4edfaed055c2b43854d	art/artpdf/UBL-2.0-ReportStateofAccountsProcess.png
06a060f84c1f21c5b5bb4eff43314058d30b0095	art/artpdf/UBL-2.0-SelfBillingwithCreditNoteProcess.png
0c3210d53e969b2bdb084cc4235a907044deff02	art/artpdf/UBL-2.0-SelfBillingwithSelfBilledCreditNoteProcess.png
10292d12e5e795875b6fde4311cc400061ac438d	art/artpdf/UBL-2.0-SourcingBuyerInitiatedProcess.png
a58a9bcd087e023448f82056d512c5b7c3915bb4	art/artpdf/UBL-2.0-SourcingPunchoutProcess.png
3855a5b30cb083785a20615cb4d875fee38b6c8b	art/artpdf/UBL-2.0-UpdateCatalogueItemSpecificationProcess.png
b0ac35af54a5c76366cb30f10565e1774926d94b	art/artpdf/UBL-2.0-UpdateCataloguePricingProcess.png
4a09e09c69d0ea60a46acd66331f439bb6825394	art/artpdf/UBL-2.2-BusinessCard.png
d07819be5a17d71caabf8fd6973abd4e95284e15	art/artpdf/UBL-2.2-CPFR-CreateJointBusinessPlan.png
b496ef98528cd22843c55a67792abcd09d12c838	art/artpdf/UBL-2.2-CPFR-CreateOrderForecast.png
d9eb441bf145647f0559aa45439dbf2a1a6da9b8	art/artpdf/UBL-2.2-CPFR-CreatingSalesForecast.png
1b2a995c9e688c43e39253159e7c757488928fbf	art/artpdf/UBL-2.2-CPFR-EstablishingCollaborativeRelationships.png
0e3acee5c7ff83ba65608f423d7575201410c12e	art/artpdf/UBL-2.2-CPFR-ExceptionHandling.png
9fc5a1ae0fd599755bf021ef12b83d5e916bc9c4	art/artpdf/UBL-2.2-CPFR-ExceptionMonitor.png
10dd82ac10f6664772e006bb617f5eb32d40be05	art/artpdf/UBL-2.2-CPFR-IdentifyResolve.png
b3c76efe6aa942c22ee79e25b39b105b245f5414	art/artpdf/UBL-2.2-CPFR-Steps1-2.png
e30d77b72239a3d84b923591e99c059c5a169485	art/artpdf/UBL-2.2-CPFR-Steps3-4-5.png
adf716b772dca3a7f77fa29c5530edafd6f40a85	art/artpdf/UBL-2.2-CPFR-Steps6-9.png
ce308e2d0e19b8832ec45bc63bffeb6e906466f7	art/artpdf/UBL-2.2-CRP-BaseArticleCatalogue.png
d0e7f13d648e681eca04aaa6e30f94f45594be68	art/artpdf/UBL-2.2-CRP-ChangeArticleCatalogue.png
d497f1fb22f2d36bdf4d3753dcbb6ce1db45760b	art/artpdf/UBL-2.2-CRP-InitialStockingByRetailer.png
b885c51f43b640b6bd43983538a61fc30a7e4cb7	art/artpdf/UBL-2.2-CRP-Invoicing.png
cd4e2d9d6309a94c375ff61e8c0a1562ac113088	art/artpdf/UBL-2.2-CRP-SalesAndInventoryMovement.png
81295cb885f517f69cae1f4fea9024b58d9e0852	art/artpdf/UBL-2.2-CRP-Synchronizing.png
903fdb989205b8c8be5ae1db04feda33d8f88daa	art/artpdf/UBL-2.2-DefaultValidation.png
5efc5960319bd8ceff180c7376b340b161cc4a87	art/artpdf/UBL-2.2-DigitalAgreement.png
a049c0843b85077298daa20b04846646f47c8e4d	art/artpdf/UBL-2.2-DigitalCapability.png
d619178db500da7255ca3609040c96d5de3ffd92	art/artpdf/UBL-2.2-Enquiry.png
f2240fe9228456c4f3479ca937861cf1efda1589	art/artpdf/UBL-2.2-FreightStatusReporting.png
00607d1d5e7777a6dc8adfd1c4a0abde8012cfea	art/artpdf/UBL-2.2-Fulfilment-1simple.png
437ec5e7e19daba53bbb7126a6bf5c8bc3c8becb	art/artpdf/UBL-2.2-Fulfilment-2split.png
ce83dc4eb12d50f29c9deba200f5771986e6e660	art/artpdf/UBL-2.2-Fulfilment-3intermediary.png
3c819b9b46a32ca790eb18ac0836ba8ece43289c	art/artpdf/UBL-2.2-Fulfilment-4consolidated.png
ca3a4dc96c885fa096d8098029308ee175d4e4aa	art/artpdf/UBL-2.2-FulfilmentDespatchAdviceProcess.png
13fbb5fa688566372ada7f7c553426873e69cd74	art/artpdf/UBL-2.2-FulfilmentReceiptAdviceProcess.png
ed30be3abcf121368529ad6d001e24a4d73389ed	art/artpdf/UBL-2.2-IMFM-BasicTransportExecutionPlan.png
4b465cd022ba06a99d98b60f30f2dff9ffb993e8	art/artpdf/UBL-2.2-IMFM-GenericIntermodalFreightProcess.png
ec06228b8344b2323430203a9ac48cc451e3d333	art/artpdf/UBL-2.2-IMFM-GoodsItemItinerary.png
68e276cb838dd917a95b13c706c87117a856d57c	art/artpdf/UBL-2.2-IMFM-IntermodalFreightManagementProcess.png
440ee6f12c4a6353aace296e2bc1869a84119f10	art/artpdf/UBL-2.2-IMFM-TransportProgressStatus.png
0b9b6ee0b5ce0b1d61d043b596cd324f9405c4e1	art/artpdf/UBL-2.2-IMFM-TransportServiceDescription.png
79ded46cf0b5dc8cc505edda182621493ca963ed	art/artpdf/UBL-2.2-InitiateFreightMgmtProcess.png
2549fd5bf2c81aa27b1c3e81387e9d5485373135	art/artpdf/UBL-2.2-Open-edi-Application.png
5a0b1aa03ec45a4f7e969b7600fdb4419190ad1e	art/artpdf/UBL-2.2-Open-edi-Overview.png
1a7d0bc3245d69cbc431827d9e4336e04bf07df5	art/artpdf/UBL-2.2-ROCD-ArticleAvailability.png
30fed3f7ed557d779668a099d914d072aca02ef4	art/artpdf/UBL-2.2-ROCD-BaseArticleCatalogue.png
f280d372a3236744957ba733e96339ea50b134b3	art/artpdf/UBL-2.2-ROCD-InitialStocking.png
b847c76a6cbcc230532f8bfa37c03927bab2809b	art/artpdf/UBL-2.2-SchemaDependencies.png
fa486212dfa795bc6ca5db9b949f6a6cd575cc55	art/artpdf/UBL-2.2-Tender-AwardNotification.png
e3364b39c5744bce427a15cfa5a047f006f777b7	art/artpdf/UBL-2.2-Tender-AwardPublication.png
b0901411bf294ae3afe45883dbb594eb3101234f	art/artpdf/UBL-2.2-Tender-ContractInfoNotify.png
4b967679844dfedcc1c89f360e9e75dee9f17f13	art/artpdf/UBL-2.2-Tender-ContractInfoPrep.png
3ffcf42108dbd84cc35e068ebc9b5051211a80db	art/artpdf/UBL-2.2-Tender-ExpressionOfInterest.png
532201fc43bde05cdafd345b7e005ebc7623bdc1	art/artpdf/UBL-2.2-Tender-GuaranteeDeposit.png
56750e5e63e3cf795c0290570726cd52f87dee1c	art/artpdf/UBL-2.2-Tender-Invitation.png
a76bb7ab4d6f42b4db3ef1da6aa4b5c1555715f0	art/artpdf/UBL-2.2-Tender-QualificationApplication.png
027115dc7873943b149f3b478e1297e637e34934	art/artpdf/UBL-2.2-Tender-QualificationInfo.png
649607ce720f6a3556bfaa628f82db0af245af5e	art/artpdf/UBL-2.2-Tender-Status.png
95e3e06c193e94dcecea54e1f10b0fcc4ae652a5	art/artpdf/UBL-2.2-Tender-SubmissionOfTenders.png
fe14a81098e2487a930976f98123b7ebbb816feb	art/artpdf/UBL-2.2-Tender-UnsubscribeFromProcedure.png
e2d25fd2f50a0c2ebfa2cc7f79e2216e62846bd0	art/artpdf/UBL-2.2-Tender-Withdrawal.png
f7d6a05850e9482d42fb4f7d1c4dcd4c424e450f	art/artpdf/UBL-2.2-UDT-QDT.png
5f73f8d41859ed27b1f6446fb1f2aa298838f935	art/artpdf/UBL-2.2-VMI-InitialStocking.png
400e42a8c797c4f575e38e31dabdda9f103d89ff	art/artpdf/UBL-2.2-VMI-Invoicing.png
0b986b87a33b4435d39e24fa74d262242e00b304	art/artpdf/UBL-2.2-VMI-PermanentReplenishment.png
90248f9db43705d8caed33754a5f476dbd48368e	art/artpdf/UBL-2.2-VMI-PriceAdjustment.png
4ab5c53e7d6c0d2fc2914ddbe41109efc03c8cc9	art/artpdf/UBL-2.2-VMI-ReturnsByProducer.png
2b4699d35eac6cfb7559db164ac3cdf8e7956e04	art/artpdf/UBL-2.2-VMI-SalesAndInventoryMovement.png
1ec386b9385d7db6b8c8bf3fef13611089d4b847	art/artpdf/UBL-2.3-CommonTransportationReportProcess.png
0f1854ba24523c15837897a595d4007f22dae0c8	art/artpdf/UBL-2.3-ExportCustomsDeclarationProcess.png
25f5807c78c45001ec5baa481f244bc7d3d7f70d	art/artpdf/UBL-2.3-GoodsCertificateExportProcess.png
381161b4c27e58ba81f606732d397b7894fc0f31	art/artpdf/UBL-2.3-GoodsItemPassportApprovalProcess.png
fa78faa926b8bcdc5dca0ae39f8ef14678a96ca2	art/artpdf/UBL-2.3-GoodsItemPassportPresentationProcess.png
0f2b623f38e66c9d0eb4c8cc12e01e6ff5cc8ce1	art/artpdf/UBL-2.3-GoodsItemPassportReturnProcess.png
0b3aec20ccf09e2d107613156f42a910b8bf312a	art/artpdf/UBL-2.3-ImportDeclarationProcess.png
d3e46c533eec7c992a2f555ffca7ce8bd5e72841	art/artpdf/UBL-2.3-ManifestProcess.png
08543783a9f686b8ea93426e9a1704f9723837de	art/artpdf/UBL-2.3-ModelRealization.png
6c9cbd9602681db06132a232c62e25cb067bd3fe	art/artpdf/UBL-2.3-OrderingProcess.png
43367c0e24fe19f3075a35bfb9fa5087d4d1f377	art/artpdf/UBL-2.3-Pre-awardProcess.png
79fe59382a23ce5dacfb9246f92ad63983f1cdb6	art/artpdf/UBL-2.3-ProcurementProcess.png
ee4697154526a97e2fdd14a9462636b3f2b2448a	art/artpdf/UBL-2.3-RequestForProofOfReexportationProcess.png
aee9d69336dd63081a41c56a5634680ce78196a7	art/artpdf/UBL-2.3-Tender-Contract-Post.png
60ffc811883369df232726ac60ecaf5de80994ce	art/artpdf/UBL-2.3-Tender-Contract-Pre.png
4009fb12a397c93e08980416c53a7ec4cc843bac	art/artpdf/UBL-2.3-TransitDeclarationProcess.png
c34102cdfda9522f0e97ac31c9e017a5d73edb9d	art/artpdf/UBL-2.4-BusinessInformation.png
4aedd750c7f2b50eb0fa1486a7a9ee4183fbcd53	art/artpdf/UBL-2.5-BillingwithCreditNoteProcess.png
dd7327c788e7ed86312787c68aa33ede3362c98d	art/artpdf/UBL-2.5-BillingwithDebitNoteProcess.png
c4735cfc359ac32d776b9c7e8e5fed5adbec3964	art/artpdf/UBL-2.5-UtilityBillingProcess.png
1b31c5038305af35b1ef14bd373e9c30aeb288a8	art/artpdf/UBL-2.5-WasteMovementProcess.png
841a8ceef41e57f323813426b55eec9ec2d7e50f	art/artpdf/UBL-2.5-WasteNotificationProcess.png
77e7b1f1cbfe79a0b4e4fb29e67a08a349bd2180	cl/gc/default/AllowanceChargeReasonCode-2.4.gc
4ab411443382bdbe77050299d0f82793e3ba6c30	cl/gc/default/BinaryObjectMimeCode-2.4-incl-deprecated.gc
31214be10cabddce7bfdb67823774c16ecb60f82	cl/gc/default/BinaryObjectMimeCode-2.4.gc
21dcb6f16c0387371c50eba2971df3a92b59d6d8	cl/gc/default/ChannelCode-2.4.gc
001885e50732984e16e5859e12247fa01f88aec2	cl/gc/default/CountryIdentificationCode-2.4.gc
1bb7d49910531b57110cb2205a790884d724c59f	cl/gc/default/CurrencyCode-2.4.gc
87273d68f3892fecfc7bc88c88c0f47020455481	cl/gc/default/LanguageCode-2.4.gc
e8e14cfe26ba4b43fed6e512f767c5b461266b52	cl/gc/default/PackagingTypeCode-2.4-incl-deleted.gc
9a5f8a14276f6bdbbf75cf31c74d8a5eb21f4646	cl/gc/default/PackagingTypeCode-2.4.gc
00c0905e22a3ae0ecea0f5b7535bdf2f0b4e95ff	cl/gc/default/PaymentMeansCode-2.4.gc
a3763b633fb868c1b6c69c0ab775cf10874b2703	cl/gc/default/TransportEquipmentTypeCode-2.4.gc
d913c95a62d19c2b401729942829d90ca6b26c2a	cl/gc/default/TransportModeCode-2.4.gc
22b139f9ccbae9b6ab6f09b4a7cb531c3c02ebf9	cl/gc/default/UnitOfMeasureCode-2.4-incl-deleted.gc
d2f9b04e7e0281638a9d58573efc9e671574682d	cl/gc/default/UnitOfMeasureCode-2.4.gc
8a65d2334e66a5446ac8b42e4bbff0c644246cc1	cva/UBL-DefaultDTQ-2.5.cva
3c6c35069bfdbffdfb05514353d65e8c7b9eb1a9	cva/UBL-DefaultDTQ-2.5.html
920ecb6de7f09ca1e79afda85d4f28e40a591ebe	cva/UBL-DefaultDTQ-2.5.pattern.sch
ba0616eb1f0d839163c95b619dda3ad10047fd43	cva/UBL-DefaultDTQ-2.5.sch
546c1a67dfce3968b49cba5430570c129ce0e9a8	cva/UBL-DocumentConstraints-2.5.patterns.sch
549a72d757eed9e5bb8c1f3e6ff14910cf95e1f2	db/spec-0.9/OASISLogo.png
94cdfe6e438345ac0357f36ff45a6dac2656a98b	db/spec-0.9/catalog.xml
af5fa8a2f4523b6cdafa707322abd42aeb83584b	db/spec-0.9/css/oasis-2025-spec-note.css
8eebb13acc4d19365f07f7fb219ae075cfc3a617	db/spec-0.9/css/oasis-2025-spec-note.css.xml
74170be777a798cd271acc0329fa663ae93f6d3a	db/spec-0.9/css/oasis-note.css
8d0a7b55bfe65778231e29a76a7a33f4e955a059	db/spec-0.9/css/oasis-spec.css
fac58d77e1c34322be0150b1aa5ad3a02f4540ab	db/spec-0.9/docbook/calstblx.dtd
f75c1d764d96b23f08afff91cb2b416b3ce027fc	db/spec-0.9/docbook/catalog.xml
60de99f860c3895ffb636d273b792659bad79f2b	db/spec-0.9/docbook/dbcentx.mod
ff5ba90d1d52a3b79491527bfdc194eebc87b98e	db/spec-0.9/docbook/dbgenent.mod
5f839f5679793024c339dd2737f59589ec08ea30	db/spec-0.9/docbook/dbhierx.mod
2416049bfc34b49996e7032b8cffb71989121e77	db/spec-0.9/docbook/dbnotnx.mod
53b07044a0b853481226e7e54894c269bfd62850	db/spec-0.9/docbook/dbpoolx.mod
25ac4dff02e9c941f11ff0d7f975be4df7289412	db/spec-0.9/docbook/docbook.cat
8b43c59b608270e97f0b21871dea3515a5be85e1	db/spec-0.9/docbook/docbookx.dtd
67998d68d1a007502f49e0f8ed068927f9a61332	db/spec-0.9/docbook/docbookx.rnc
c0da542a66c53d12629413a9efa83ae6ce4074b5	db/spec-0.9/docbook/ent/README
dac3e6242a19cda475e6c78b43d8e8228ffefce1	db/spec-0.9/docbook/ent/isoamsa.ent
4065b66c4473933d5667812877288419fdd47edc	db/spec-0.9/docbook/ent/isoamsb.ent
2fad4175251ca77063a2eb1d07f7b9c821db63dd	db/spec-0.9/docbook/ent/isoamsc.ent
ddca8d14ceb43099afec65988d7a92a80d2c8276	db/spec-0.9/docbook/ent/isoamsn.ent
278e4b40910e830c2ed7ee6c89b7e3c512e39925	db/spec-0.9/docbook/ent/isoamso.ent
18e64bffdb3db5002ce597dcc93f35d1cb46e023	db/spec-0.9/docbook/ent/isoamsr.ent
9ae27d4fa205eccafb25dca829bdab5bf719c780	db/spec-0.9/docbook/ent/isobox.ent
364b6d8411cd86d160aec54a13ccdaa1ed2d89f6	db/spec-0.9/docbook/ent/isocyr1.ent
6432d74c440f8e5f69c798a8d4e7652512db8a4d	db/spec-0.9/docbook/ent/isocyr2.ent
b49c30947f6505e5dd83037e68182f26c992bf15	db/spec-0.9/docbook/ent/isodia.ent
7826f8109b91952b280ca3da0eb4295a95854269	db/spec-0.9/docbook/ent/isogrk1.ent
726b7dd70592f2033aa7e2a22ec6f3487525319c	db/spec-0.9/docbook/ent/isogrk2.ent
28b5c2766c523c401c9643887809ba37ab5639ed	db/spec-0.9/docbook/ent/isogrk3.ent
27c6a514f63fbf11eac32a48284820a5810a6920	db/spec-0.9/docbook/ent/isogrk4.ent
381bd0900ac95639c5218126506692e79283378e	db/spec-0.9/docbook/ent/isolat1.ent
e91ffdbeec105b4fc758054cab3fe874c77de58d	db/spec-0.9/docbook/ent/isolat2.ent
884c0c4d0330b8575efaafb54075d5e5ad7a3716	db/spec-0.9/docbook/ent/isonum.ent
a11787828a38f60b2716ef56ba4c108165af4c54	db/spec-0.9/docbook/ent/isopub.ent
07e81008d2a0a719b28806d06aa488e2b36e956a	db/spec-0.9/docbook/ent/isotech.ent
cdaefed410f271109e69abea32213f38d3b68733	db/spec-0.9/docbook/htmltblx.mod
792865f7ade41a16c29b23317ca4adc2da25c1da	db/spec-0.9/docbook/rnc/calstblx.rnc
5a691d525cf40c315eeac87298c51e76219ba752	db/spec-0.9/docbook/rnc/dbhierx.mod.rnc
c4a7e5a70aedbd67a573448c38552c70fe55cda9	db/spec-0.9/docbook/rnc/dbnotnx.mod.rnc
3d1206dff3f0d182824c82e86633f97f1fb45bf3	db/spec-0.9/docbook/rnc/dbpoolx.mod.rnc
9e54508f99a213beec2d91d1f034af83af71ccac	db/spec-0.9/docbook/rnc/htmltblx.mod.rnc
4a92e116288f00e4e188a1f7bb7870617a183d34	db/spec-0.9/docbook/soextblx.dtd
2f6331c408f2740de9225fed225382990a9e03ba	db/spec-0.9/docbook/xsl/VERSION
2f6331c408f2740de9225fed225382990a9e03ba	db/spec-0.9/docbook/xsl/VERSION.xsl
05647b8496de3149a37b63787305d8de1589a09c	db/spec-0.9/docbook/xsl/common/addns.xsl
209ca9c42b96b8d498689c2fadbd9f715802cb3a	db/spec-0.9/docbook/xsl/common/af.xml
2c3aef9197283ed322ac584ae90bcbb5027097f4	db/spec-0.9/docbook/xsl/common/am.xml
58cf1fb274ed67d8a9677002ce4683e08527b543	db/spec-0.9/docbook/xsl/common/ar.xml
7013bf4f5f8238e564188d1d21c8bacf869b91ca	db/spec-0.9/docbook/xsl/common/as.xml
9f11c918ff4ed30f9326476a88c125a960e36013	db/spec-0.9/docbook/xsl/common/ast.xml
45c785d8b0d0a9b28e279dd6184b3a7bae84be52	db/spec-0.9/docbook/xsl/common/autoidx-kimber.xsl
3d755c4fbb794eb60b3d40f7663cdf26a165609d	db/spec-0.9/docbook/xsl/common/autoidx-kosek.xsl
f9522b36fd2d7ca74bd80c40691d037846183894	db/spec-0.9/docbook/xsl/common/az.xml
cd978727c4c026b274585ba172f0e13f75d85051	db/spec-0.9/docbook/xsl/common/bg.xml
2a8677d6b3bd506c0d6df6930c45ac15fec6bef2	db/spec-0.9/docbook/xsl/common/bn.xml
925e1c5cd07ae3d269c3b3115df1e9a5de42adac	db/spec-0.9/docbook/xsl/common/bn_in.xml
6a61439cd4019c91f0ac11cc96cdfd7bf0a3e4f5	db/spec-0.9/docbook/xsl/common/bs.xml
23c793645e56a82cf398f9f45c5e61fb96b97eca	db/spec-0.9/docbook/xsl/common/build.xml
c2fee96c7419312b4b13d57e019fbf767bb18ea0	db/spec-0.9/docbook/xsl/common/ca.xml
a12a84f2b5f3522b001dfe9397c8ebeb3cb45253	db/spec-0.9/docbook/xsl/common/charmap.xml
3e0f5d4df7f5b88bdcdddd038a8d23d8ff03ac7d	db/spec-0.9/docbook/xsl/common/charmap.xsl
78b6cbde4b9391c18240a1101ebb323ec70a51fa	db/spec-0.9/docbook/xsl/common/common.xml
cd3ea665639ebcef1df061bccd8197fb25f4323b	db/spec-0.9/docbook/xsl/common/common.xsl
574ad4119418533efadcd27c65ddec1ba471a39e	db/spec-0.9/docbook/xsl/common/cs.xml
75e52f7eaa3cd7fb23e1bfa83b557a3445f4f735	db/spec-0.9/docbook/xsl/common/cy.xml
0ff79bbfcba6e7992bcc2408a04befc40b4facf0	db/spec-0.9/docbook/xsl/common/da.xml
f8bd5086f7f705491d1f8e090faafc3ac5f2bb44	db/spec-0.9/docbook/xsl/common/de.xml
188b78f10f98ab1fa3f36882326510ad7afa1ca4	db/spec-0.9/docbook/xsl/common/el.xml
32474d6fa854670597eaef18e896cb9f6d7ed349	db/spec-0.9/docbook/xsl/common/en.xml
9256b1ce2381843513ed801affbb90c13c83d310	db/spec-0.9/docbook/xsl/common/entities.ent
e33dabeefd0e263ade41127be300f2bd399f2c6e	db/spec-0.9/docbook/xsl/common/eo.xml
fd1f61025079657a8ef443a2c56bfefa95e03e40	db/spec-0.9/docbook/xsl/common/es.xml
c1271af12f904581bc994fdf1a9da83c21f20a56	db/spec-0.9/docbook/xsl/common/et.xml
932079c8e65a58c827550c624d5c7b481a4bf4ba	db/spec-0.9/docbook/xsl/common/eu.xml
5574076714ef22989f3606c4289b8e5bd4cc2d93	db/spec-0.9/docbook/xsl/common/fa.xml
62ef6ad47561cecdb9d968c2055a6604b2bdfd15	db/spec-0.9/docbook/xsl/common/fi.xml
9c973e7da4ed04b501be717a723197f93805c773	db/spec-0.9/docbook/xsl/common/fr.xml
0184ddc469be361652c8ff01f022a7eb43e0be63	db/spec-0.9/docbook/xsl/common/ga.xml
65fe4803b8730976ff5a8dde8da4bf9b0a425082	db/spec-0.9/docbook/xsl/common/gentext.xsl
97aaffeb4ffd6f0760698752a56acf54dbd1bb9f	db/spec-0.9/docbook/xsl/common/gl.xml
cf94cb6c5c8f4ced8430fcecc4c94361d5fc370b	db/spec-0.9/docbook/xsl/common/gu.xml
553031397da00f9fcd6325227f134ab96e9baa9e	db/spec-0.9/docbook/xsl/common/he.xml
9636b7a7443aab63dfdfdcdf869df4c07f740326	db/spec-0.9/docbook/xsl/common/hi.xml
d56a573ef06676266cccf30dd397c016d5dbfa12	db/spec-0.9/docbook/xsl/common/hr.xml
1b7bf44eabb1ed4a2ebe73af95a74d250680e148	db/spec-0.9/docbook/xsl/common/hu.xml
0b25923d56f3b0479e51ed402f16149e06e0e832	db/spec-0.9/docbook/xsl/common/id.xml
66bcf410e5ea50e46ead56e12b31923b2a39a437	db/spec-0.9/docbook/xsl/common/insertfile.xsl
352ba68761b2ac33066164daafa14861adb480bd	db/spec-0.9/docbook/xsl/common/is.xml
f2a9144c635a6c15d772675cc601952a353a48bb	db/spec-0.9/docbook/xsl/common/it.xml
67c5e09144be720a07ea6dab75709b8145c97458	db/spec-0.9/docbook/xsl/common/ja.xml
81e6a8d79a55ac7c373016b7e59590ffe1228086	db/spec-0.9/docbook/xsl/common/ka.xml
25a2be42f8065c9bdf0385dc4642e2e864cc35c8	db/spec-0.9/docbook/xsl/common/kn.xml
0f6ac5e8a797222d06008d8052b83dc616ecce7f	db/spec-0.9/docbook/xsl/common/ko.xml
79a9865217ebf99aa51248f0f7dd98d8d681209e	db/spec-0.9/docbook/xsl/common/ky.xml
9bf2f66b70bdc1e2a9834e19875c175a7af5e1a8	db/spec-0.9/docbook/xsl/common/l10n.dtd
98dae0c3bc476e24e0b43266778b59ba8a0883b6	db/spec-0.9/docbook/xsl/common/l10n.xml
50d0ab2da81eb2e3d6bee795de8146416e87c109	db/spec-0.9/docbook/xsl/common/l10n.xsl
1efcece39b1f497918b83c9ea01afdf55944ddd2	db/spec-0.9/docbook/xsl/common/la.xml
0557e8151a9a7b8819d0861759bb066aa46344bf	db/spec-0.9/docbook/xsl/common/labels.xsl
feea885dd2e90a6366cb19cddd48422ca5c9b628	db/spec-0.9/docbook/xsl/common/lt.xml
e7a7f5a29a5c92835f9164527f27db73d33dc14d	db/spec-0.9/docbook/xsl/common/lv.xml
e4887eb75c9e574c767918a60dede187a421918e	db/spec-0.9/docbook/xsl/common/ml.xml
29f0ed7b2e474064e1aa24f2f89fe2b73bdee6d3	db/spec-0.9/docbook/xsl/common/mn.xml
fb390438c3bad2d9230b11df734f5a173489864f	db/spec-0.9/docbook/xsl/common/mr.xml
59a37671d57f0289f87c02f4f915d9dbfdafd4e7	db/spec-0.9/docbook/xsl/common/nb.xml
c38f2d96dd6e7adaf721e0992f62dbd482d920c2	db/spec-0.9/docbook/xsl/common/nds.xml
4833681016de4747fc8c927628c8b167792d53c9	db/spec-0.9/docbook/xsl/common/nl.xml
0ad2a0fbef0a896d317c78a4f8a96c9228ed9085	db/spec-0.9/docbook/xsl/common/nn.xml
653fd1e174b8e401548fdb31b81dc509fecde632	db/spec-0.9/docbook/xsl/common/olink.xsl
126974d54dfe7b12a94408504c1ceada9e64df4e	db/spec-0.9/docbook/xsl/common/or.xml
17e77f90b60c0d11d0ba45950f60e702b48763b1	db/spec-0.9/docbook/xsl/common/pa.xml
64efdcae77494581fabba9c6611315944a26671b	db/spec-0.9/docbook/xsl/common/pi.xml
42aac0d5b35cf95a0421f5077d23f52221209a3b	db/spec-0.9/docbook/xsl/common/pi.xsl
7e98c8a99b7c9c642562089c3602685ba91c3e24	db/spec-0.9/docbook/xsl/common/pl.xml
158ab7a76f88c02bfb58bd908b7c5bb2d80f6506	db/spec-0.9/docbook/xsl/common/pt.xml
686cb018682354b449832659d78e331b6f1d167c	db/spec-0.9/docbook/xsl/common/pt_br.xml
4741ce0dad4480da93f3783a2798e25d59f23a53	db/spec-0.9/docbook/xsl/common/refentry.xml
5a04b60c24389d91b7872490603110a8442796d2	db/spec-0.9/docbook/xsl/common/refentry.xsl
c64794569180cf86e70e7baf4cd306f70db73be6	db/spec-0.9/docbook/xsl/common/ro.xml
b465a3559d1b9eeb63d5a6fd45afb9c9eb89bee0	db/spec-0.9/docbook/xsl/common/ru.xml
cfb59225a2863a3137cb2fcaa264ba3783de3bca	db/spec-0.9/docbook/xsl/common/sk.xml
45d25ac105e5f7a4ffc24c8bedfa720f8d770ca5	db/spec-0.9/docbook/xsl/common/sl.xml
89bb4b27838e7d95a6b71cba800dcb45e5af913b	db/spec-0.9/docbook/xsl/common/sq.xml
2e25735c52429362e72b04d106ac9682b90651b0	db/spec-0.9/docbook/xsl/common/sr.xml
ba2509e1329aa72de6042e19d5612be49aedf634	db/spec-0.9/docbook/xsl/common/sr_Latn.xml
a1e964d6e2209db48bdf45fdd24320d18b52ae59	db/spec-0.9/docbook/xsl/common/stripns.xsl
9fb4ae80fbdbe409ea28b4caeaa0eafc144fc4c2	db/spec-0.9/docbook/xsl/common/subtitles.xsl
bf83ec385ddcff7e719946b23d879b5c9eec0d4c	db/spec-0.9/docbook/xsl/common/sv.xml
43e2e476403ca16a88d5a2bd8896b7298564d2de	db/spec-0.9/docbook/xsl/common/ta.xml
aefdb07f1211e28716718e2180886886c3135580	db/spec-0.9/docbook/xsl/common/table.xsl
2ace1e0030450c17843adf12a159c665d922ab78	db/spec-0.9/docbook/xsl/common/targetdatabase.dtd
31e1fe3d680212e32056d29e9d94bed85e42caa0	db/spec-0.9/docbook/xsl/common/targets.xsl
02abb516bb3db65404e9e5eea08ac8b44a8dcb9a	db/spec-0.9/docbook/xsl/common/te.xml
729130330afa2405d17cb3cc43011c562e4c489f	db/spec-0.9/docbook/xsl/common/th.xml
cfc74f717ddfd6dbd79200d109bf82b3bac73715	db/spec-0.9/docbook/xsl/common/titles.xsl
bf37b52bdf47c34819b6e329e930f61c48172598	db/spec-0.9/docbook/xsl/common/tl.xml
12522e84ae02693938542f4dae9b3a26cdf7e00d	db/spec-0.9/docbook/xsl/common/tr.xml
ebc1dadc5f9dcfb2b6bf57cd2d6c1dbeb87cc30c	db/spec-0.9/docbook/xsl/common/uk.xml
782a0bac1cf5d31fc5ea0da2bc2b207cb8036764	db/spec-0.9/docbook/xsl/common/ur.xml
d9cbe3ca1852511ddb239bf9a1a13d37c9a41c4d	db/spec-0.9/docbook/xsl/common/utility.xml
37092b7c557830115b2f498dcfc6fd021062bb03	db/spec-0.9/docbook/xsl/common/utility.xsl
cf321cfb52c8c3f61e5997e75d2c0220b29513b6	db/spec-0.9/docbook/xsl/common/vi.xml
612c92bb6a1051cd62a073c4842ea46f94f5873b	db/spec-0.9/docbook/xsl/common/xh.xml
0de7a3e2e41942a4aa4d789cd7560bb79bdad87f	db/spec-0.9/docbook/xsl/common/zh.xml
d74373becc63864c783a37624bc3b2108f20327b	db/spec-0.9/docbook/xsl/common/zh_cn.xml
bbb957e240ea5a275e336a918402cf92817baf85	db/spec-0.9/docbook/xsl/common/zh_tw.xml
7e1e33a67ea606474660599ee8bf87ceaf016174	db/spec-0.9/docbook/xsl/html/admon.xsl
f0106320ae3161a69eaf585637ebfc6680fd4aa1	db/spec-0.9/docbook/xsl/html/annotations.xsl
f67b1f6024e5975f6fd9a4c408e4cf954392be0f	db/spec-0.9/docbook/xsl/html/autoidx-kimber.xsl
d03ff4f6610a9b7ff614ca1506aa4a0ea257dbe7	db/spec-0.9/docbook/xsl/html/autoidx-kosek.xsl
9407b5cf98f3cd3383706a1bd8fc10423240c610	db/spec-0.9/docbook/xsl/html/autoidx-ng.xsl
c2b02d2356d314e4bef39367342116c7b3653074	db/spec-0.9/docbook/xsl/html/autoidx.xsl
58b3851d49fb18df6fc10262bc77004aa908bbbb	db/spec-0.9/docbook/xsl/html/autotoc.xsl
375f3671662e2d82e49398f67de1bcba8e231173	db/spec-0.9/docbook/xsl/html/biblio-iso690.xsl
ff41c9ec596fa013998520dec5a8c6f6aacbf838	db/spec-0.9/docbook/xsl/html/biblio.xsl
bc6ae49fe2c5b5ca3d7e08b57d2b23f66245e49a	db/spec-0.9/docbook/xsl/html/block.xsl
e217fda10c8e88fca9544c9d3066bf40ea6ab4f2	db/spec-0.9/docbook/xsl/html/build.xml
dfdb423b37717bfddedf3ba9164d9fb2039046c8	db/spec-0.9/docbook/xsl/html/callout.xsl
7ebf5b0079a99282b53591efab84b6457d999192	db/spec-0.9/docbook/xsl/html/changebars.xsl
6bfd3c079f971f54265967927d444e8f9f3c095e	db/spec-0.9/docbook/xsl/html/chunk-changebars.xsl
536e4f4046d8e13f8190d13224ff50ebfb191ab7	db/spec-0.9/docbook/xsl/html/chunk-code.xsl
61e24c4c7294d3ecc5e28a5ac8ef5711c363b4be	db/spec-0.9/docbook/xsl/html/chunk-common.xsl
0717fdb6ecb0231400334a292a018f8b4d02c991	db/spec-0.9/docbook/xsl/html/chunk.xsl
5a79734a9b02daf857fd0433e1c66fd6037971cf	db/spec-0.9/docbook/xsl/html/chunker.xsl
35a4631eebec8504719320b4cc1284e79a3f7512	db/spec-0.9/docbook/xsl/html/chunkfast.xsl
13fd2fd6c29a78d9424550d0c016ab12f10920a2	db/spec-0.9/docbook/xsl/html/chunktoc.xsl
6ef4926b88ad4a13b0e5e69c7246147178d95a58	db/spec-0.9/docbook/xsl/html/component.xsl
6ab7fe73a0b8c07359389234d584040fa567d24d	db/spec-0.9/docbook/xsl/html/division.xsl
f1509bfd8ac75e7441ec1646689cba3b77889085	db/spec-0.9/docbook/xsl/html/docbook.css.xml
9955c77cbbebcbf958d63b1cdbb036e4eb1e9aff	db/spec-0.9/docbook/xsl/html/docbook.xsl
f6cbe541491c4550ac5f579c45bb553b15aabb4f	db/spec-0.9/docbook/xsl/html/ebnf.xsl
9a4e3c389325f69b04744005629199b049dafaa4	db/spec-0.9/docbook/xsl/html/footnote.xsl
2e80c9600333982a93fc4fa1d2b23484c563996e	db/spec-0.9/docbook/xsl/html/formal.xsl
0a1a40b7f6e9294136660bd45c4ce219faca2890	db/spec-0.9/docbook/xsl/html/glossary.xsl
4aa891df4f90e41122a37d06044b806a5ab1789f	db/spec-0.9/docbook/xsl/html/graphics.xsl
0579f75836ca97df5f46cc518ecd05aa411a6c8e	db/spec-0.9/docbook/xsl/html/highlight.xsl
8de6bb30fd416b691791577e3ddec217ee2275f9	db/spec-0.9/docbook/xsl/html/html-rtf-orig.xsl
c5bb4f88729f58e9c8552d29022fda3749752edf	db/spec-0.9/docbook/xsl/html/html-rtf.xsl
f181103b74378c4c00884a67a29d7ed1de6ecb73	db/spec-0.9/docbook/xsl/html/html.xsl
ca6cfd5549ad9cd26a9b72330b4a98cd01da5dc2	db/spec-0.9/docbook/xsl/html/htmltbl.xsl
c207a604a30dec406525e613733e073d1b04f823	db/spec-0.9/docbook/xsl/html/index.xsl
0e99b2283dcdf05441986c7d8904a61dcac6015e	db/spec-0.9/docbook/xsl/html/info.xsl
acaec9f1394d93d83dc5c486b981e5309fad4dc8	db/spec-0.9/docbook/xsl/html/inline.xsl
a95dfeae2d3998581a35834f345a86f92a69b709	db/spec-0.9/docbook/xsl/html/its.xsl
c12e39fc936d23d6e280b743d3592fe049358e48	db/spec-0.9/docbook/xsl/html/keywords.xsl
ab5395e9c448cd8f1e3b1970aa2220075036f41e	db/spec-0.9/docbook/xsl/html/lists.xsl
1ba3931e567c38f3a2bf90d18bb6eb394cbba95a	db/spec-0.9/docbook/xsl/html/maketoc.xsl
01faaccf3c0c6d5769a6361d7caf7f6c49b2ac6f	db/spec-0.9/docbook/xsl/html/manifest.xsl
f71a1cc244b67ab7fd3845b15d2b07478e12c36a	db/spec-0.9/docbook/xsl/html/math.xsl
fe6b17c3beb34b0c02abc85d673fb61531c904bf	db/spec-0.9/docbook/xsl/html/oldchunker.xsl
527dccfdbd56e9f0025dbeea015fc985f5754dd2	db/spec-0.9/docbook/xsl/html/onechunk.xsl
12dcf01ee6c2afd5343239ef00fe1bfa6a7972a2	db/spec-0.9/docbook/xsl/html/param.xml
36541df71e04801ad17b7c3330e457f9b0c5cb28	db/spec-0.9/docbook/xsl/html/param.xsl
9838f14f315d97021c9f649524bf853ac877c633	db/spec-0.9/docbook/xsl/html/pi.xml
be66b4f529a896bf6d9fb14b63475cbbc25d1124	db/spec-0.9/docbook/xsl/html/pi.xsl
36da48b8893ece57403e1641f575018461e3c44b	db/spec-0.9/docbook/xsl/html/profile-chunk-code.xsl
02920b12f397a06b1103bb2a558972a2e5730518	db/spec-0.9/docbook/xsl/html/profile-chunk.xsl
ac3f992ec8efd505189463774dbf5052c7736d1d	db/spec-0.9/docbook/xsl/html/profile-docbook.xsl
325b8b1238e4ffa085099800d2c6153d8dfb32b1	db/spec-0.9/docbook/xsl/html/profile-onechunk.xsl
bfddf666edd466a4103b6a21418c15f44163775b	db/spec-0.9/docbook/xsl/html/publishers.xsl
9c9be65777db1ee6734fe9e87215328bf945d50c	db/spec-0.9/docbook/xsl/html/qandaset.xsl
12953b767d33b731f0e7ca0a21f44bea2d1d4da3	db/spec-0.9/docbook/xsl/html/refentry.xsl
ba5f174a8eb466c8078def263799e13e06228801	db/spec-0.9/docbook/xsl/html/sections.xsl
c5a4326bfc716028d06d8f5ecee0826eea052221	db/spec-0.9/docbook/xsl/html/synop.xsl
c6760b0ef719fd7ed21a3522229b0603ae009939	db/spec-0.9/docbook/xsl/html/table.xsl
c4f19ff21e03183ba9df5f1f031ca86d4dac42f6	db/spec-0.9/docbook/xsl/html/task.xsl
f4f97ababbb27e47213b1372dfb064aa7c2159ac	db/spec-0.9/docbook/xsl/html/titlepage.templates.xml
46912a2308e2bc5841b579066d583fef5dcccb66	db/spec-0.9/docbook/xsl/html/titlepage.templates.xsl
2c086450c1d335924a181cfc5351137932ae94d6	db/spec-0.9/docbook/xsl/html/titlepage.xsl
5882ae8b3cfa8d84a485956fed4180b4ba9ad791	db/spec-0.9/docbook/xsl/html/toc.xsl
7db9a9c6f7dbe9d7d6a2ca20a88e7d5f30ec643b	db/spec-0.9/docbook/xsl/html/verbatim.xsl
941cdfdad074e216baa3b962dd72c57f4607e70c	db/spec-0.9/docbook/xsl/html/xref.xsl
8412dee3153afc6478aa1dbf2288bc75eca1738e	db/spec-0.9/docbook/xsl/lib/build.xml
2ed92333ce85a0b009374204e33cefa46971463f	db/spec-0.9/docbook/xsl/lib/lib.xsl
8d72f3d85f26f883d0ee721e8d5b65b6173b386e	db/spec-0.9/mathml2/html/lat1.ent
3ac3cdc5d574db28beb941b5798123a48a848e2c	db/spec-0.9/mathml2/html/special.ent
7b270699a742bc7cbd13d4b908403f6b4549e0ab	db/spec-0.9/mathml2/html/symbol.ent
18a7406280a9de1995c3e8a9262fab0a7fd679ba	db/spec-0.9/mathml2/iso8879/isoamsa.ent
6e68d6067860863acf1c14494380a93708e709a9	db/spec-0.9/mathml2/iso8879/isoamsb.ent
c825204df310da6401a8d0b15176a62f4a866624	db/spec-0.9/mathml2/iso8879/isoamsc.ent
e2482c52b7eeac2f3a287d7dcfbaf46f5470a544	db/spec-0.9/mathml2/iso8879/isoamsn.ent
9fce88f454a4a18e389dc0d24341aab6efdc35d7	db/spec-0.9/mathml2/iso8879/isoamso.ent
ad0860364396355aa2cd3d2d8ad097914c7d3059	db/spec-0.9/mathml2/iso8879/isoamsr.ent
05e2b1309ea89f6fba59fcb61236678a5b6d6a4f	db/spec-0.9/mathml2/iso8879/isobox.ent
b4149c7454041aa7d7e0daad72412353e2bb9d45	db/spec-0.9/mathml2/iso8879/isocyr1.ent
b038bd9118759dc9997004c652d653c7e051926e	db/spec-0.9/mathml2/iso8879/isocyr2.ent
39ccfcdfe56e9b563f73521c3861447a1c85cd1f	db/spec-0.9/mathml2/iso8879/isodia.ent
1ed96fad866b94adc208a6126344cb0678612f0e	db/spec-0.9/mathml2/iso8879/isogrk1.ent
d8212b4a51219c034171ad74d18e4cd3eea8bfb3	db/spec-0.9/mathml2/iso8879/isogrk2.ent
e62868f0ceb825a6d3a350e44710dc0735768883	db/spec-0.9/mathml2/iso8879/isogrk3.ent
28cba46a1456a4f9e1ef90c8b0af8ec26506b201	db/spec-0.9/mathml2/iso8879/isogrk4.ent
43ae7649d9b54aaf545d7b4db8ec310e337ccf4d	db/spec-0.9/mathml2/iso8879/isolat1.ent
c29b828f1b2a976863611703a387dc86a521dd52	db/spec-0.9/mathml2/iso8879/isolat2.ent
79f4380b2c277349ec0a747f9e0edbcd9c6e3c90	db/spec-0.9/mathml2/iso8879/isonum.ent
9b27b63d6acbbf71acf9ccde7188f1605bf87b5a	db/spec-0.9/mathml2/iso8879/isopub.ent
ee25b5b00c990ce411940ed1e20bab6ebf5d2e9b	db/spec-0.9/mathml2/iso8879/isotech.ent
c413168bfc79c320df99e77bb278c26e7e57c284	db/spec-0.9/mathml2/iso9573-13/isoamsa.ent
b74414ba8ecd67360c3570acc4a9dcfc76a809fd	db/spec-0.9/mathml2/iso9573-13/isoamsb.ent
46ea2217c3ce11803544303d4dcd7aef5e34c3cf	db/spec-0.9/mathml2/iso9573-13/isoamsc.ent
a1df8b737786ee6837d138821bc4b93f63b1ff00	db/spec-0.9/mathml2/iso9573-13/isoamsn.ent
f99cf110cb520b96f26090d39b92fcd5554ef068	db/spec-0.9/mathml2/iso9573-13/isoamso.ent
2251ef17df70fdf421fdea054e82373ecae6f80b	db/spec-0.9/mathml2/iso9573-13/isoamsr.ent
0cbde885f1005878aadb7dbd5f51c5e23cc5ff25	db/spec-0.9/mathml2/iso9573-13/isogrk3.ent
097f90ed8009d22eb4bb20f2b0f0d76689327022	db/spec-0.9/mathml2/iso9573-13/isogrk4.ent
0e1a9438b6a54085afaa6a348bae5e21ce52c9b5	db/spec-0.9/mathml2/iso9573-13/isomfrk.ent
4b264256a71b962af0ea90b33488d0daddeed3f0	db/spec-0.9/mathml2/iso9573-13/isomopf.ent
a2174f05118ee38d0b5bd788cd68969e99cb590a	db/spec-0.9/mathml2/iso9573-13/isomscr.ent
83db0a531ee2d30ab7cba2d356ed8217021faa9d	db/spec-0.9/mathml2/iso9573-13/isotech.ent
afaf4fdf03433b6df1a5046f986fb30c1be2dfca	db/spec-0.9/mathml2/mathml/mmlalias.ent
669f86baef17cefd76ffec5380d4708ca2104768	db/spec-0.9/mathml2/mathml/mmlextra.ent
821ef3da28fcec886e7a4f1ae3b9d1b167b575b9	db/spec-0.9/mathml2/mathml2-qname-1.mod
437ecd8376a1141cd06190758077e9ba22d3327d	db/spec-0.9/mathml2/mathml2.dtd
8b3ce7e8e40f9a6b09b2c2804216ef4b287a3265	db/spec-0.9/mathml2/xhtml-math11-f.dtd
299a6bb6cba288b10b8d6dd79465c7580425e5bb	db/spec-0.9/mathml3/htmlmathml-f.ent
73c43409222308320da1125cc4e1e9066dcee5e4	db/spec-0.9/mathml3/isoamsa.ent
0ed2f1d454c556d2fe84ddd2a26d9ead3d59f055	db/spec-0.9/mathml3/isoamsb.ent
2f22ffb98e54889f1e483e9b8d20af611df75e82	db/spec-0.9/mathml3/isoamsc.ent
7bb9059295ca4b34e1849d7da1cf108dcd8ade3c	db/spec-0.9/mathml3/isoamsn.ent
6c7765f1a2370addeb477f16b196575fab400948	db/spec-0.9/mathml3/isoamso.ent
80a3ea546d76bf6b20e110762b6874ef33217e30	db/spec-0.9/mathml3/isoamsr.ent
4dd69436c84864dd6392fbf26b152920964cf04b	db/spec-0.9/mathml3/isobox.ent
6c631e3a9a88e880449c1ef5a59a9c239a5e910e	db/spec-0.9/mathml3/isocyr1.ent
c4632cb90b47c85ac4e5553e2d326c0be6390cb7	db/spec-0.9/mathml3/isocyr2.ent
f977c204ae44c1495fffe447764f161fb57bd982	db/spec-0.9/mathml3/isodia.ent
cdd734b34036544f69d5e8811a1ebb78437a27fd	db/spec-0.9/mathml3/isogrk3.ent
7ccf900945dc2f016c110cad072c9b65071ef408	db/spec-0.9/mathml3/isolat1.ent
786bdc497f2c09557550a05115d62014f2c10fef	db/spec-0.9/mathml3/isolat2.ent
97257a916178b8bfacc36e04f652bcd02e5e696c	db/spec-0.9/mathml3/isomfrk.ent
2682710fd6ba5724402bae397d9b40fdaa27d2be	db/spec-0.9/mathml3/isomopf.ent
dac95895e23474ff0e99b0aa3a87888bf0443314	db/spec-0.9/mathml3/isomscr.ent
d0c8043e5f99055717a03cbb81ab7695d2beba6a	db/spec-0.9/mathml3/isonum.ent
cca1520e3a1d819edfa317e710002dc51df100b6	db/spec-0.9/mathml3/isopub.ent
ac642f8fa4265815f2e906558d9d932817f321ce	db/spec-0.9/mathml3/isotech.ent
075c34132c3d350ed8ab13bfad75994b207ee29a	db/spec-0.9/mathml3/mathml2-3.dtd
e86cf93126c43e66d282fced60b1bf42489a4431	db/spec-0.9/mathml3/mathml2.dtd
e33a403fa2afbccc434b05a98c6fa83462f4d39b	db/spec-0.9/mathml3/mathml3-qname.mod
4b616dfa130016f85a80a0846ff4eaa4c0d2fdc4	db/spec-0.9/mathml3/mathml3.dtd
5b920471da2175b3323591ab5986fcae097fa48b	db/spec-0.9/mathml3/mmlalias.ent
b0a9af1a7bb6e0adb63d94fb19c00bd652e61d67	db/spec-0.9/mathml3/mmlextra.ent
212dd20aa257fb9efef4514de1a2d1f909302382	db/spec-0.9/mathml3/predefined.ent
744435fc6a1885a55c5b87ec2cde8971bde34ddc	db/spec-0.9/oasis-spec-note.sch
b5f2a86271a10ba5b119a12b46043c9bac56b198	db/spec-0.9/oasis-spec-note.xsl
cec840144cf2d427281d8ce5079ed91e5cfdf614	db/spec-0.9/stylesheets/ibexconfig.xml
62454eb92123b326b9234abec43d429f2f77c5bd	db/spec-0.9/stylesheets/oasis-2020-specification-fo-a4.xsl
d4af74ff4da5255073d0daa9ec73521876ee9577	db/spec-0.9/stylesheets/oasis-2020-specification-html-offline.xsl
6b41256f983744b99b25e779f3af9922c5118687	db/spec-0.9/stylesheets/oasis-2020-specification-html.xsl
ec5e87bbcb78f0e4b2e0661e28e3a072fad239cb	db/spec-0.9/stylesheets/oasis-2025-spec-note-fo-a4.xsl
1628fe04d3ca513dffa2d85ad94feb19a08e532b	db/spec-0.9/stylesheets/oasis-2025-spec-note-html.xsl
d17105efb4e6570d4a7592391d7fa91ad12faecb	db/spec-0.9/stylesheets/oasis-mathml-fo.xsl
74d2ab35b627b38a2b0eb4986835834a4da9520e	db/spec-0.9/stylesheets/oasis-mathml-html.xsl
d79de51cfb62208471e8a943945f28b52f2a997a	db/spec-0.9/stylesheets/oasis-note-fo-a4.xsl
d7860c98d765981c1b6160a24229505a984bd96f	db/spec-0.9/stylesheets/oasis-note-fo-us.xsl
4cc67e38ef21aeaf6d00dad3ada5fdc6e9e001e6	db/spec-0.9/stylesheets/oasis-note-html-offline.xsl
a172ff14f0956356d92a7252b2eae9c9bd991baa	db/spec-0.9/stylesheets/oasis-note-html.xsl
141cba3470911aab1bdede770a6d6ed57281d2fe	db/spec-0.9/stylesheets/oasis-specification-fo-a4.xsl
4acd6303729cfcade0cdff8072d01344585fc7f1	db/spec-0.9/stylesheets/oasis-specification-fo-us.xsl
9fe4a6cf6f583099ef3530e1ae82755977b49bab	db/spec-0.9/stylesheets/oasis-specification-html-offline.xsl
b6834b33e5ba85990f912c0755ce72a1fce50bb4	db/spec-0.9/stylesheets/oasis-specification-html.xsl
e632e9120883d5d5ed572b1cadf3e8d5a751816f	db/spec-0.9/stylesheets/titlepage-2025-fo.xsl
5c48166318b904d38f33aafcb4b9ef7241fe8f4d	db/spec-0.9/stylesheets/titlepage-2025-html.xsl
24ce4d953e422de3b885fdc8fdefd1256a1a7fbb	db/spec-0.9/stylesheets/titlepage-fo.xsl
a83bec4b87fe3f7c7294baa8b369ba7d69ed7ad1	db/spec-0.9/stylesheets/titlepage-html.xsl
de673a0f8f2a29add0e95b30809d56865da8fb72	db/spec-0.9/stylesheets/titlepage-notes-fo.xsl
a83bec4b87fe3f7c7294baa8b369ba7d69ed7ad1	db/spec-0.9/stylesheets/titlepage-notes-html.xsl
87336f2087b45bb18490440eb3ea0ed06768faa7	db/spec-0.9/stylesheets/xslfo-note-pdf.bat
6c5547c79380dc1a7d3c2af806610cd970753ac6	db/spec-0.9/stylesheets/xslfo-spec-pdf.bat
8a65d2334e66a5446ac8b42e4bbff0c644246cc1	endorsed/cva/UBL-DefaultDTQ-2.5.cva
cdcc1dba1ba9bfcfde7199d2a1f527b4b4007d0a	endorsed/mod/UBL-Endorsed-Entities-2.5.gc
f7054310535421a19ae68327775a20ebe751e37e	endorsed/mod/UBL-Endorsed-Entities-2.5.ods
ea65556aad9f6f32a0232c80a3e63355e8d66fa8	endorsed/mod/UBL-Endorsed-Entities-2.5.xls
d84432693962c80b75acc5553fecd936961f8320	endorsed/mod/summary/ReportLegend1.png
a77f644abb8ff4bb125643ae4fe0a8811129ce1d	endorsed/mod/summary/ReportLegend2.png
688ad495e2b63534afd4381e9a686965365598ed	endorsed/mod/summary/ReportLegend3.png
2636ef73f8aa8fcfa4f72b3dca7b2fbd6f2324d7	endorsed/mod/summary/ReportLegend4.png
c2c47de3d97879e7073cdcd3c75079833793111e	endorsed/mod/summary/readme-Reports.html
ea7e045429fef5a2a4eb00e1f35f043d9ce87c91	endorsed/mod/summary/reports/All-UBL-2.5-Documents-Endorsed.html
82d3fea226adbb25c3d9c327658e3160a6811a7f	endorsed/mod/summary/reports/UBL-ApplicationResponse-2.5-Endorsed.html
3daf560f844ffbd7647850eaa85f08ecd98d346f	endorsed/mod/summary/reports/UBL-AwardedNotification-2.5-Endorsed.html
3abd289f8185bc5853fb7bb1da09a7746950c6da	endorsed/mod/summary/reports/UBL-BillOfLading-2.5-Endorsed.html
0b6fdc850cb66ad5eba455570ca9df9af82242b8	endorsed/mod/summary/reports/UBL-BusinessCard-2.5-Endorsed.html
3349b6589d35f2b6144e97bd804b9977cf964649	endorsed/mod/summary/reports/UBL-BusinessInformation-2.5-Endorsed.html
3d42a3024f887824983e9320d48a1916280e518f	endorsed/mod/summary/reports/UBL-CallForTenders-2.5-Endorsed.html
55c2a0c5f4bd1f4581b83f6c4b75520e8872c3ec	endorsed/mod/summary/reports/UBL-Catalogue-2.5-Endorsed.html
1508e1f6e9f4c661e2a49f82b4bb2df6e67946cf	endorsed/mod/summary/reports/UBL-CatalogueDeletion-2.5-Endorsed.html
82911fef4f73d2372665f17a21d2c689bb1ba083	endorsed/mod/summary/reports/UBL-CatalogueItemSpecificationUpdate-2.5-Endorsed.html
ae68ba8ebca96c1c606721658351fca3192407df	endorsed/mod/summary/reports/UBL-CataloguePricingUpdate-2.5-Endorsed.html
d85ebe439ce606dfd5a27026cad1b15f52bbb0b4	endorsed/mod/summary/reports/UBL-CatalogueRequest-2.5-Endorsed.html
1b79888b839206f340d455ed1c849958b5bd0075	endorsed/mod/summary/reports/UBL-CertificateOfOrigin-2.5-Endorsed.html
ca0879ddf84d0b3bc3e7f0b9e2b60e7bd9234204	endorsed/mod/summary/reports/UBL-CommonSignatureComponents-2.5-Endorsed.html
71aee7a3a02333020e97d1d84b872ba25dbfe8b7	endorsed/mod/summary/reports/UBL-CommonTransportationReport-2.5-Endorsed.html
dd07ea412166cc6fb5fa7ce6ff92b59af745a40c	endorsed/mod/summary/reports/UBL-ContractAwardNotice-2.5-Endorsed.html
b8d590db6d7f6de42135d22a781e71ec86ecbb8b	endorsed/mod/summary/reports/UBL-ContractNotice-2.5-Endorsed.html
c3beb2e02bbdc82f940a410fee19a4cf34e55803	endorsed/mod/summary/reports/UBL-CreditNote-2.5-Endorsed.html
fb63fcb88079e2061af0fa817dfc7e43d387b8d2	endorsed/mod/summary/reports/UBL-DebitNote-2.5-Endorsed.html
2499117326edb4a2441a7577cc6c45bff3c29df4	endorsed/mod/summary/reports/UBL-DeliveryNote-2.5-Endorsed.html
6efc3125565a2eb9b11ca0f87346b5d74162bca5	endorsed/mod/summary/reports/UBL-DespatchAdvice-2.5-Endorsed.html
441089ab59e721bd835176298176f200ad2bf0f2	endorsed/mod/summary/reports/UBL-DigitalAgreement-2.5-Endorsed.html
aaabbed836a3c35d35b01f47215531974d798144	endorsed/mod/summary/reports/UBL-DigitalCapability-2.5-Endorsed.html
e27ff61e37d247b7b64e84ac96669d311730150a	endorsed/mod/summary/reports/UBL-DocumentStatus-2.5-Endorsed.html
8a56cca4fa748d5fb83baa4f7ef5ba2f8f13be87	endorsed/mod/summary/reports/UBL-DocumentStatusRequest-2.5-Endorsed.html
0809670b72955e2f995c6bfb46de43e02c020e44	endorsed/mod/summary/reports/UBL-ExceptionCriteria-2.5-Endorsed.html
0232e21e0e9e1fac3b0577fd0240ba95c0903e9c	endorsed/mod/summary/reports/UBL-ExceptionNotification-2.5-Endorsed.html
7327c6f2797058132dcb7aa5d24e4945f5645a25	endorsed/mod/summary/reports/UBL-ExportCustomsDeclaration-2.5-Endorsed.html
af3734430baf3f0d0b90b5fe215b6ca029dc61f4	endorsed/mod/summary/reports/UBL-ExpressionOfInterestRequest-2.5-Endorsed.html
f425e15699909831479e35d4312d513d817eedb2	endorsed/mod/summary/reports/UBL-ExpressionOfInterestResponse-2.5-Endorsed.html
c4452daa90711f51b025ee92e7f813d8f586f5e3	endorsed/mod/summary/reports/UBL-Forecast-2.5-Endorsed.html
c42961c34c2e7b2a520f57b8e88fdd188358106e	endorsed/mod/summary/reports/UBL-ForecastRevision-2.5-Endorsed.html
5f2c1aacb536b68bab21bd4dcecba7039e69addc	endorsed/mod/summary/reports/UBL-ForwardingInstructions-2.5-Endorsed.html
1bc4fafa7b51d2e8d0cc0dce64f31b2b6b3b36a4	endorsed/mod/summary/reports/UBL-FulfilmentCancellation-2.5-Endorsed.html
35e594955df3974de9be08c361fce8ef7820875f	endorsed/mod/summary/reports/UBL-GoodsCertificate-2.5-Endorsed.html
34ca6f1f25083598ea910b71fbd0b87ef5f873b4	endorsed/mod/summary/reports/UBL-GoodsItemItinerary-2.5-Endorsed.html
3bb0fafec1e242cdaa1e513f3fb689b48e126696	endorsed/mod/summary/reports/UBL-GoodsItemPassport-2.5-Endorsed.html
65118ea921d34f4127b9ad306d7ba50a4ecf49a7	endorsed/mod/summary/reports/UBL-GuaranteeCertificate-2.5-Endorsed.html
345215f6f75ffb621721d5302655efb3ef9b5f09	endorsed/mod/summary/reports/UBL-ImportCustomsDeclaration-2.5-Endorsed.html
0a711d77a0bbb7af2f21ccbd95d38bba813fe736	endorsed/mod/summary/reports/UBL-InstructionForReturns-2.5-Endorsed.html
3ef8998d957b30bc3c953fe60d80980411b7e6b0	endorsed/mod/summary/reports/UBL-InventoryReport-2.5-Endorsed.html
e9e4d12f66add2fbe1d12c66aea725de44a15343	endorsed/mod/summary/reports/UBL-Invoice-2.5-Endorsed.html
e93034e5a43aa6b52dd11f5189fa16052de0acbd	endorsed/mod/summary/reports/UBL-InvoiceStatusRequest-2.5-Endorsed.html
5df256ec85b6f01ca8a21ff37d3370bdf8d6ea04	endorsed/mod/summary/reports/UBL-InvoiceStatusResponse-2.5-Endorsed.html
336398be8805d71e0bfc243d0aad377cb12545d9	endorsed/mod/summary/reports/UBL-ItemInformationRequest-2.5-Endorsed.html
588a8bb13e258d42299b9d46d38290e66573094f	endorsed/mod/summary/reports/UBL-Manifest-2.5-Endorsed.html
1865b149d263a77436b006f6d673085b1b557a9d	endorsed/mod/summary/reports/UBL-Order-2.5-Endorsed.html
1b4ca433ec71f5d59f82e891d43671bae51c8d87	endorsed/mod/summary/reports/UBL-OrderCancellation-2.5-Endorsed.html
077865569a6be8feff6b2d44a8b36cd80fa3fa68	endorsed/mod/summary/reports/UBL-OrderChange-2.5-Endorsed.html
0ffbd6d3d6cfc0fb5d63e875383e80a7ae4aae5c	endorsed/mod/summary/reports/UBL-OrderResponse-2.5-Endorsed.html
252844aee23663cb74bfa5df06aa9f30d136d0d0	endorsed/mod/summary/reports/UBL-PackingList-2.5-Endorsed.html
2ee503e2e354892c781cf9d462c8511dc475613a	endorsed/mod/summary/reports/UBL-PriorInformationNotice-2.5-Endorsed.html
a3d39a37c7ca45b01eb8f003094f697d954c9654	endorsed/mod/summary/reports/UBL-ProcurementStatus-2.5-Endorsed.html
b8f649eaef392b66c4cbb93acba282acd3ab81d4	endorsed/mod/summary/reports/UBL-ProcurementStatusRequest-2.5-Endorsed.html
7be9c83d8b7713013dd97b0199fa9d2ec844953a	endorsed/mod/summary/reports/UBL-ProductActivity-2.5-Endorsed.html
79b05becbc7cc4daff009be1fe7561ada1a68df9	endorsed/mod/summary/reports/UBL-ProofOfReexportation-2.5-Endorsed.html
edc41bc8b56c776ff8c46b10957dcf67fc0caeac	endorsed/mod/summary/reports/UBL-ProofOfReexportationReminder-2.5-Endorsed.html
80cb38448c810c2f87d5c28516075716a66bbe84	endorsed/mod/summary/reports/UBL-ProofOfReexportationRequest-2.5-Endorsed.html
3ffeb30e9130b4a39e9ca929b186950f1524b415	endorsed/mod/summary/reports/UBL-PurchaseReceipt-2.5-Endorsed.html
df21d8059fc2f25f5e1c98033da055348742d49a	endorsed/mod/summary/reports/UBL-QualificationApplicationRequest-2.5-Endorsed.html
bb47924d32f67c5c6b90bc7364bf57b0d29c2e3e	endorsed/mod/summary/reports/UBL-QualificationApplicationResponse-2.5-Endorsed.html
73ae264cdee4473bc2090797f03b5df4670c7448	endorsed/mod/summary/reports/UBL-Quotation-2.5-Endorsed.html
ff5de404d01aab65fa6aec6de6c78645acaad789	endorsed/mod/summary/reports/UBL-ReceiptAdvice-2.5-Endorsed.html
0dffafc0402cccec78375f2f0dbe712cf617f7b4	endorsed/mod/summary/reports/UBL-Reminder-2.5-Endorsed.html
8a2a211b52068075725ec97a571e67c229c888aa	endorsed/mod/summary/reports/UBL-RemittanceAdvice-2.5-Endorsed.html
6e3edeb0d13bbf01c2cf6ebc379df3799304c899	endorsed/mod/summary/reports/UBL-RequestForQuotation-2.5-Endorsed.html
5dd9f931ff46dca340bd63b1de0356c1fbab3ae0	endorsed/mod/summary/reports/UBL-RetailEvent-2.5-Endorsed.html
b9cbcbb19b76cc164cbcdbce38ceaad4ecc78b1b	endorsed/mod/summary/reports/UBL-SelfBilledCreditNote-2.5-Endorsed.html
bceea3a6bb712d57697d63bb47d3d16a371717ad	endorsed/mod/summary/reports/UBL-SelfBilledInvoice-2.5-Endorsed.html
78eebbee6701a8540ee0fdc51a9f1a7ac54feb77	endorsed/mod/summary/reports/UBL-Statement-2.5-Endorsed.html
b3f0171901429febb3dec11f01de92178334ebfa	endorsed/mod/summary/reports/UBL-Tender-2.5-Endorsed.html
2a81a90e24e06b11d8896d3768053537812e8b81	endorsed/mod/summary/reports/UBL-TenderContract-2.5-Endorsed.html
9db90c276eaae69af1681fe782beab6ea198d32f	endorsed/mod/summary/reports/UBL-TenderReceipt-2.5-Endorsed.html
a7959735d4f713f2a32c55d5ebc68469d187af7c	endorsed/mod/summary/reports/UBL-TenderWithdrawal-2.5-Endorsed.html
ddff6b65689219eb20b3923c446d6a449b8fedc9	endorsed/mod/summary/reports/UBL-TendererQualification-2.5-Endorsed.html
9ad71fac4a1c7f85ce0769cad29cc467b635f48c	endorsed/mod/summary/reports/UBL-TendererQualificationResponse-2.5-Endorsed.html
ebfaaafe8481883ae515af64e512d8c8ff3999e3	endorsed/mod/summary/reports/UBL-TradeItemLocationProfile-2.5-Endorsed.html
99f9bb359e3312c267b72cfa9c914f9f04f1247c	endorsed/mod/summary/reports/UBL-TransitCustomsDeclaration-2.5-Endorsed.html
b60256139ea8f388ae999428267e9754a3095ef6	endorsed/mod/summary/reports/UBL-TransportExecutionPlan-2.5-Endorsed.html
c7cb2a6af0427b4ce3451b2b0f0521279322f367	endorsed/mod/summary/reports/UBL-TransportExecutionPlanRequest-2.5-Endorsed.html
c0290363ec5f8c3c08e59bdf202337be96f14ef2	endorsed/mod/summary/reports/UBL-TransportProgressStatus-2.5-Endorsed.html
a3b57c2b2a6f79c1b5543c50f3670f46cfb02c24	endorsed/mod/summary/reports/UBL-TransportProgressStatusRequest-2.5-Endorsed.html
910866abc34ea802e280eb23fba71a4b03431156	endorsed/mod/summary/reports/UBL-TransportServiceDescription-2.5-Endorsed.html
da13b0416dceaa952a0e40cb549ddb8ae2f6ea53	endorsed/mod/summary/reports/UBL-TransportServiceDescriptionRequest-2.5-Endorsed.html
ab182ab7bdb456e323d3f8b4db6f93e804778ce7	endorsed/mod/summary/reports/UBL-TransportationStatus-2.5-Endorsed.html
aa7bbc1c1581105f491a1469f1525661dcc61661	endorsed/mod/summary/reports/UBL-TransportationStatusRequest-2.5-Endorsed.html
9ca504926365368482d4e2d5b4ef270de300ee95	endorsed/mod/summary/reports/UBL-UnawardedNotification-2.5-Endorsed.html
53877a525d45c20a06199c974a2f148d269a8b70	endorsed/mod/summary/reports/UBL-UnsubscribeFromProcedureRequest-2.5-Endorsed.html
4945d58b2f5904dccdcaf87146de81c9219bcaac	endorsed/mod/summary/reports/UBL-UnsubscribeFromProcedureResponse-2.5-Endorsed.html
73af17dbe639785b26ec5562ec55b372766ae563	endorsed/mod/summary/reports/UBL-UtilityStatement-2.5-Endorsed.html
8aa3266050a7563721caad5d20d84264621d0c79	endorsed/mod/summary/reports/UBL-WasteMovement-2.5-Endorsed.html
fd6d6de6aa1301efb20c05180dfb6832e467a5cb	endorsed/mod/summary/reports/UBL-WasteNotification-2.5-Endorsed.html
9425717c46f77cc43207d127dc4a444f7bc47073	endorsed/mod/summary/reports/UBL-Waybill-2.5-Endorsed.html
0b554a7642deea951c6a3c84aafc73a99357abba	endorsed/mod/summary/reports/UBL-WeightStatement-2.5-Endorsed.html
16024659100b227c194e9a6502c947835a964ec3	endorsed/mod/summary/reports/UBL-WorkReport-2.5-Endorsed.html
82d9d3ebf1a1cb9b5e690b433fd911a1c54a65c7	endorsed/xsd/common/BDNDR-CCTS_CCT_SchemaModule-1.1.xsd
a5788876f702dad09e9c1eaf5f3a613d80f54393	endorsed/xsd/common/BDNDR-UnqualifiedDataTypes-1.1.xsd
79dd45be3342102db7a2798ee75bd878e67ad5d6	endorsed/xsd/common/UBL-CommonAggregateComponents-2.5.xsd
f2b3e8a6d65787803850b6a80f5e9e648b09d7ea	endorsed/xsd/common/UBL-CommonBasicComponents-2.5.xsd
b057b2b7b1aebe2533644c265da7b57514b92562	endorsed/xsd/common/UBL-CommonExtensionComponents-2.5.xsd
c4c55527379a6f7f6fe9028e3f27284721974254	endorsed/xsd/common/UBL-CommonSignatureComponents-2.5.xsd
cae22dc333e2c5ad71711d8b7227fa7e3477932a	endorsed/xsd/common/UBL-ExtensionContentDataType-2.5.xsd
3d171c8e580d8df42b331648ecff341456640768	endorsed/xsd/common/UBL-QualifiedDataTypes-2.5.xsd
ee4c9af4cb8d77bf5ae509c8b16266359354932a	endorsed/xsd/common/UBL-SignatureAggregateComponents-2.5.xsd
4db168f4e136c4e899c4c671dee73eb51f7bdae1	endorsed/xsd/common/UBL-SignatureBasicComponents-2.5.xsd
dd713452704a7be95d86c6c8a215e8ab42e1c67f	endorsed/xsd/common/UBL-XAdES01903v132-201601-2.5.xsd
254f8e06c92d042ce5a4a4b73d6471f874ea0122	endorsed/xsd/common/UBL-XAdES01903v141-201601-2.5.xsd
fdb57cab7b1ce37099138198b9d08deb6ffe6c23	endorsed/xsd/common/UBL-xmldsig-core-schema-2.5.xsd
b692a584323d4f0f1808d33a16c82d2c1adcbdd0	endorsed/xsd/common/UBL-xmldsig1-schema-2.5.xsd
fd2e0a367a03c4ebecf95cb4b7865d073cfe1d07	endorsed/xsd/common/UBL-xmldsig11-schema-2.5.xsd
f2a22842612255d89879ac9c605463bfe1ef90a1	endorsed/xsd/maindoc/UBL-ApplicationResponse-2.5.xsd
62c7bdce3a2591d376f9635af54526a9af00e8e2	endorsed/xsd/maindoc/UBL-AwardedNotification-2.5.xsd
676fe4dfafc83448a5496e44ed0f559e05e93afe	endorsed/xsd/maindoc/UBL-BillOfLading-2.5.xsd
7ece0a4c433de8d6011a5137222ebe80e59fa179	endorsed/xsd/maindoc/UBL-BusinessCard-2.5.xsd
3d36549ab0fbf2499e5f0c6076b45aa521d29c32	endorsed/xsd/maindoc/UBL-BusinessInformation-2.5.xsd
056d446a6f8d6c6416f674b231de9650cb85f9b6	endorsed/xsd/maindoc/UBL-CallForTenders-2.5.xsd
5256e4c7840f8fda1696b838de520c4343182b7a	endorsed/xsd/maindoc/UBL-Catalogue-2.5.xsd
180f170efc284075c23df230d3131fbb091b2e16	endorsed/xsd/maindoc/UBL-CatalogueDeletion-2.5.xsd
4156ce90d5170efc36c6b1b016b5ff039564645e	endorsed/xsd/maindoc/UBL-CatalogueItemSpecificationUpdate-2.5.xsd
bd68bf215fa8e0180eda214159cf001beeb12a65	endorsed/xsd/maindoc/UBL-CataloguePricingUpdate-2.5.xsd
55f632d73fc3a8f9b40288fb6c258d10b300303c	endorsed/xsd/maindoc/UBL-CatalogueRequest-2.5.xsd
4335c4856954b143b72f023d23ee8af15807f194	endorsed/xsd/maindoc/UBL-CertificateOfOrigin-2.5.xsd
d5e6d9066fb081ff862a8ff059d16af9b40f338a	endorsed/xsd/maindoc/UBL-CommonTransportationReport-2.5.xsd
c4d59e620e4462032f7ec4ddd4f735fdbf886141	endorsed/xsd/maindoc/UBL-ContractAwardNotice-2.5.xsd
f9e64c632fb039369889ab3bc98e567606ca239f	endorsed/xsd/maindoc/UBL-ContractNotice-2.5.xsd
f45651c674320e705381d3e5285a50aab0424ce4	endorsed/xsd/maindoc/UBL-CreditNote-2.5.xsd
75286df6465d0e16b45e9d8b98ddb4328bca5dbd	endorsed/xsd/maindoc/UBL-DebitNote-2.5.xsd
77735b30efdd084048b41f433bd256c04b190ba7	endorsed/xsd/maindoc/UBL-DeliveryNote-2.5.xsd
d99d3c9c564a82653444f808bbd37c376b91b6e9	endorsed/xsd/maindoc/UBL-DespatchAdvice-2.5.xsd
a935125757127914137135cb19bd52d326b2de42	endorsed/xsd/maindoc/UBL-DigitalAgreement-2.5.xsd
77b4791c7213531644ba9bf07d59f1909882501b	endorsed/xsd/maindoc/UBL-DigitalCapability-2.5.xsd
90eadc4344ddb8c5a422a8d662ae0ac7d5a8fe6a	endorsed/xsd/maindoc/UBL-DocumentStatus-2.5.xsd
d490b50646e41c242a7a134ac71b172ef36b976d	endorsed/xsd/maindoc/UBL-DocumentStatusRequest-2.5.xsd
24b7f2ef62418f4ef1c2d5f39434e5dda76ac771	endorsed/xsd/maindoc/UBL-ExceptionCriteria-2.5.xsd
fbfd065a3ca41caef76e1af89f844f48cb14d354	endorsed/xsd/maindoc/UBL-ExceptionNotification-2.5.xsd
1d106e3c4baf43a3d92d286dc6e13256a12e66b3	endorsed/xsd/maindoc/UBL-ExportCustomsDeclaration-2.5.xsd
6de22e227214611de09aef601038391ae4c46dda	endorsed/xsd/maindoc/UBL-ExpressionOfInterestRequest-2.5.xsd
c5c16963bd96c25352d0d48de3ca4d374cfd4cc0	endorsed/xsd/maindoc/UBL-ExpressionOfInterestResponse-2.5.xsd
de0ffe79a1348d57ac3a14db09186b3c5f05b817	endorsed/xsd/maindoc/UBL-Forecast-2.5.xsd
12eeec058a12dcde0181947247c94963228520dd	endorsed/xsd/maindoc/UBL-ForecastRevision-2.5.xsd
a49dfc9750acf3d64809907caffbd530ade9cea4	endorsed/xsd/maindoc/UBL-ForwardingInstructions-2.5.xsd
73c23765582f1963cf7490cddd89d9bfe4edebda	endorsed/xsd/maindoc/UBL-FulfilmentCancellation-2.5.xsd
a63c445f9da9ee482d6018b86edc564c8bfd12a5	endorsed/xsd/maindoc/UBL-GoodsCertificate-2.5.xsd
e75f21324802508f7e1f0e7b242eb2f6ca3926ab	endorsed/xsd/maindoc/UBL-GoodsItemItinerary-2.5.xsd
8a00aef977e63214788a840cd0363df11e067ec0	endorsed/xsd/maindoc/UBL-GoodsItemPassport-2.5.xsd
a294b82558f9a344d0e424ba2a83c35da8a8126f	endorsed/xsd/maindoc/UBL-GuaranteeCertificate-2.5.xsd
c5f2c134f581d86336dd1c3f5bc33a337ce98ca4	endorsed/xsd/maindoc/UBL-ImportCustomsDeclaration-2.5.xsd
a4874fab8f4f03934b83a0fb59be1542890f1145	endorsed/xsd/maindoc/UBL-InstructionForReturns-2.5.xsd
679615c5e0918c1859952cab5c3fb0953e9bac98	endorsed/xsd/maindoc/UBL-InventoryReport-2.5.xsd
a6a7beb3a2966ce8b9fef914945a4d758410e3cb	endorsed/xsd/maindoc/UBL-Invoice-2.5.xsd
687615941bc73417886b70b1db8b99e41e2e08e0	endorsed/xsd/maindoc/UBL-InvoiceStatusRequest-2.5.xsd
0bc89f4625cd43fad9e58bd2bec131c51fc0a9ab	endorsed/xsd/maindoc/UBL-InvoiceStatusResponse-2.5.xsd
3e359b8b683e186f53cecbabfb4707c3deccbb4e	endorsed/xsd/maindoc/UBL-ItemInformationRequest-2.5.xsd
63b06c427fafed7215e15a7fa49bfc6e08e35b62	endorsed/xsd/maindoc/UBL-Manifest-2.5.xsd
f3da48e3b6a052c28c2512d98f64b017af30666f	endorsed/xsd/maindoc/UBL-Order-2.5.xsd
a0874ed5648a340a64beeab3254a5fe8a75bfd1e	endorsed/xsd/maindoc/UBL-OrderCancellation-2.5.xsd
b4a1819ae9288419f7cdf9916051921a3397feb0	endorsed/xsd/maindoc/UBL-OrderChange-2.5.xsd
7d5afd82a84e1b7612d85875a8b4596e73f92102	endorsed/xsd/maindoc/UBL-OrderResponse-2.5.xsd
5d80fe2c4972cc33f79ba74d9929b25ddff6603b	endorsed/xsd/maindoc/UBL-PackingList-2.5.xsd
89baebb26564df0c4eef8f975cfa86168f0c4212	endorsed/xsd/maindoc/UBL-PriorInformationNotice-2.5.xsd
284565c2a0bf734b38a0629d0003aff73ae3bbda	endorsed/xsd/maindoc/UBL-ProcurementStatus-2.5.xsd
dab442c7416becada8cd41ecfd63166baed301cc	endorsed/xsd/maindoc/UBL-ProcurementStatusRequest-2.5.xsd
92846c6f6b6b14a5eead27980d3b42925b4fc8d6	endorsed/xsd/maindoc/UBL-ProductActivity-2.5.xsd
b5d119252ce356f042ae39fd7108f80f3dd9557d	endorsed/xsd/maindoc/UBL-ProofOfReexportation-2.5.xsd
8bfaf66d987ab2894e48bf12096eee5d5487987c	endorsed/xsd/maindoc/UBL-ProofOfReexportationReminder-2.5.xsd
9fdf33ec106a31678b0feb3f2c02809aa6945ad1	endorsed/xsd/maindoc/UBL-ProofOfReexportationRequest-2.5.xsd
7eeccb3cf5500f1b4d847e09fecf2a96b05b9938	endorsed/xsd/maindoc/UBL-PurchaseReceipt-2.5.xsd
4617ec7918c45c605f5fa0114b568f6fc2fdc86c	endorsed/xsd/maindoc/UBL-QualificationApplicationRequest-2.5.xsd
eb4e7c26611a88b437f3b18e3a95984b64c883a7	endorsed/xsd/maindoc/UBL-QualificationApplicationResponse-2.5.xsd
0518826cf9aae868b04a514f7fdf593d46ad35c7	endorsed/xsd/maindoc/UBL-Quotation-2.5.xsd
ea93f480e837cdcad8a47e5cc648d364a8b66651	endorsed/xsd/maindoc/UBL-ReceiptAdvice-2.5.xsd
94375d66fdccdd34d7ba979455080f9c7d5e0d1a	endorsed/xsd/maindoc/UBL-Reminder-2.5.xsd
f29786e22c5b798654f2028aa9ea3ae1a9fc8c10	endorsed/xsd/maindoc/UBL-RemittanceAdvice-2.5.xsd
cf73f5abefdfc58eca2cbb046f28aa8f31daf40d	endorsed/xsd/maindoc/UBL-RequestForQuotation-2.5.xsd
aed56732e821e621f814154ee235ae0291f7770d	endorsed/xsd/maindoc/UBL-RetailEvent-2.5.xsd
f009dee63c744d01e2b1f847336b636f5a816591	endorsed/xsd/maindoc/UBL-SelfBilledCreditNote-2.5.xsd
34106a10ac117f902ada4ef9aa5ae34a8ef07a37	endorsed/xsd/maindoc/UBL-SelfBilledInvoice-2.5.xsd
0d244ab6c5d7916f21b49950cd2e0c72b8f7ef3d	endorsed/xsd/maindoc/UBL-Statement-2.5.xsd
02af3d35da4bcd1d582539b495af3911a5bb8e94	endorsed/xsd/maindoc/UBL-Tender-2.5.xsd
84725a35bbc4726699d49ad3ab181c5710aba8f0	endorsed/xsd/maindoc/UBL-TenderContract-2.5.xsd
ebdc1befc768381052f961275209780317159d1d	endorsed/xsd/maindoc/UBL-TenderReceipt-2.5.xsd
7029f018b1228e1aa7fa913972b408e5c002c808	endorsed/xsd/maindoc/UBL-TenderWithdrawal-2.5.xsd
57e8b17818fa4ce5cd43af8387c12fa4a8bbfd6f	endorsed/xsd/maindoc/UBL-TendererQualification-2.5.xsd
71b4ddfcece42c336a465406309700fcd706c5c5	endorsed/xsd/maindoc/UBL-TendererQualificationResponse-2.5.xsd
1cef8ca3785cbd2cb77b81a023a3082c415bdc5a	endorsed/xsd/maindoc/UBL-TradeItemLocationProfile-2.5.xsd
79c1217a8558e0ceff0ad81e935f7d9f193f2f7c	endorsed/xsd/maindoc/UBL-TransitCustomsDeclaration-2.5.xsd
c55512b255a9e181c59d75548fee35094a3684f1	endorsed/xsd/maindoc/UBL-TransportExecutionPlan-2.5.xsd
735385a1f50912e22f8b01c9ea937c1549653be4	endorsed/xsd/maindoc/UBL-TransportExecutionPlanRequest-2.5.xsd
d34ff2ac66e6c06cee60c82778647c78a9113b88	endorsed/xsd/maindoc/UBL-TransportProgressStatus-2.5.xsd
4031bc057cad21a7bca7075e309c498cad12b83d	endorsed/xsd/maindoc/UBL-TransportProgressStatusRequest-2.5.xsd
56f52bd301e8f583a7dc56aec3fe91a8f2fc1d0a	endorsed/xsd/maindoc/UBL-TransportServiceDescription-2.5.xsd
efb830f9b6603273c71c5e45abe6354eacd1578d	endorsed/xsd/maindoc/UBL-TransportServiceDescriptionRequest-2.5.xsd
2d0885dc1dadd2ffd270074b84ea36d6c315b00b	endorsed/xsd/maindoc/UBL-TransportationStatus-2.5.xsd
7180c8c166ffbf258667efc01485da6ce30e517d	endorsed/xsd/maindoc/UBL-TransportationStatusRequest-2.5.xsd
be314fb833cf9a726f8f77912b53d414dfed8c40	endorsed/xsd/maindoc/UBL-UnawardedNotification-2.5.xsd
3cdafd2a3a9ad28a841f6ba2288efb4f9f50d898	endorsed/xsd/maindoc/UBL-UnsubscribeFromProcedureRequest-2.5.xsd
ca0ce298a3cf6082e491dc10212069477286b608	endorsed/xsd/maindoc/UBL-UnsubscribeFromProcedureResponse-2.5.xsd
92eb5c33e8c903fd1f5ea06da75e3288011fe305	endorsed/xsd/maindoc/UBL-UtilityStatement-2.5.xsd
ff055d7aa659469d51586236bfcc2dd3624baf1f	endorsed/xsd/maindoc/UBL-WasteMovement-2.5.xsd
c4df0512f050778889e6756e78f4cf6d3cbc61d9	endorsed/xsd/maindoc/UBL-WasteNotification-2.5.xsd
5af8b10492389e63bed7ddad3ec50c67f30f2c7a	endorsed/xsd/maindoc/UBL-Waybill-2.5.xsd
f503f7869a7262fa46e4141c1d5753d9cbcf2245	endorsed/xsd/maindoc/UBL-WeightStatement-2.5.xsd
4b071f755dc79895bdb8545625c674b3d08cab5b	endorsed/xsd/maindoc/UBL-WorkReport-2.5.xsd
5be7ba1d7ad7fe2c561ddc5918899a665d28c6b8	endorsed/xsdrt/common/BDNDR-CCTS_CCT_SchemaModule-1.1.xsd
4a3a80b44e48af7fc5ab61ac72ab001fbc9668b1	endorsed/xsdrt/common/BDNDR-UnqualifiedDataTypes-1.1.xsd
f9bb9712c57bef8b62dc7e543dc094c5bcef9372	endorsed/xsdrt/common/UBL-CommonAggregateComponents-2.5.xsd
29462005520a9f9d3889fb9c729a97e488f050fd	endorsed/xsdrt/common/UBL-CommonBasicComponents-2.5.xsd
b057b2b7b1aebe2533644c265da7b57514b92562	endorsed/xsdrt/common/UBL-CommonExtensionComponents-2.5.xsd
c4c55527379a6f7f6fe9028e3f27284721974254	endorsed/xsdrt/common/UBL-CommonSignatureComponents-2.5.xsd
cae22dc333e2c5ad71711d8b7227fa7e3477932a	endorsed/xsdrt/common/UBL-ExtensionContentDataType-2.5.xsd
233915dee8917db8659e34446867870d552a2825	endorsed/xsdrt/common/UBL-QualifiedDataTypes-2.5.xsd
50f96165037472b00f58346151a9ad7f1be27d6c	endorsed/xsdrt/common/UBL-SignatureAggregateComponents-2.5.xsd
333a68a5596508201b59e22fecd7b15fa2eb680e	endorsed/xsdrt/common/UBL-SignatureBasicComponents-2.5.xsd
dd713452704a7be95d86c6c8a215e8ab42e1c67f	endorsed/xsdrt/common/UBL-XAdES01903v132-201601-2.5.xsd
254f8e06c92d042ce5a4a4b73d6471f874ea0122	endorsed/xsdrt/common/UBL-XAdES01903v141-201601-2.5.xsd
fdb57cab7b1ce37099138198b9d08deb6ffe6c23	endorsed/xsdrt/common/UBL-xmldsig-core-schema-2.5.xsd
b692a584323d4f0f1808d33a16c82d2c1adcbdd0	endorsed/xsdrt/common/UBL-xmldsig1-schema-2.5.xsd
fd2e0a367a03c4ebecf95cb4b7865d073cfe1d07	endorsed/xsdrt/common/UBL-xmldsig11-schema-2.5.xsd
430cba93be44439e234716786ac1dec851f4a317	endorsed/xsdrt/maindoc/UBL-ApplicationResponse-2.5.xsd
5a3c85eaef4f498b01de6adc2616742eceb8168e	endorsed/xsdrt/maindoc/UBL-AwardedNotification-2.5.xsd
dfd863b2c5aff520b81b3548b74c0fb42e476408	endorsed/xsdrt/maindoc/UBL-BillOfLading-2.5.xsd
7993cacb33373b4a7b50c15f81a6dfbeba3142ab	endorsed/xsdrt/maindoc/UBL-BusinessCard-2.5.xsd
26766734eb312dc03526a32b8426262836fdf530	endorsed/xsdrt/maindoc/UBL-BusinessInformation-2.5.xsd
7032d6ece8422ce2bf8b5895e85622cc94a4e4a5	endorsed/xsdrt/maindoc/UBL-CallForTenders-2.5.xsd
a0585063a3b0f2b6d68f27007ea9cefafa729353	endorsed/xsdrt/maindoc/UBL-Catalogue-2.5.xsd
def6af44660683847078ef812bf8da275c9ba08e	endorsed/xsdrt/maindoc/UBL-CatalogueDeletion-2.5.xsd
4ad0041a5a42ccb11e27d05e6baec4245fdad0e9	endorsed/xsdrt/maindoc/UBL-CatalogueItemSpecificationUpdate-2.5.xsd
076e46173f54df84b6a57ce966ea1d706e97aea3	endorsed/xsdrt/maindoc/UBL-CataloguePricingUpdate-2.5.xsd
fe56ba046bc4972e216b8541fb46e784aa1a01a2	endorsed/xsdrt/maindoc/UBL-CatalogueRequest-2.5.xsd
de71ef345d7cfaf95acc7578da72425f954e24cf	endorsed/xsdrt/maindoc/UBL-CertificateOfOrigin-2.5.xsd
878526ca893f7843682079f72b26992dcd6cab51	endorsed/xsdrt/maindoc/UBL-CommonTransportationReport-2.5.xsd
512929f9c129efdb37f14237daa4d0e8def31d04	endorsed/xsdrt/maindoc/UBL-ContractAwardNotice-2.5.xsd
bd4f86b5f90ece88fd28c58de9648ee599cbafff	endorsed/xsdrt/maindoc/UBL-ContractNotice-2.5.xsd
70360347d7f5865a0778cb918121d5161792f98f	endorsed/xsdrt/maindoc/UBL-CreditNote-2.5.xsd
b791d263bc05b0dec31eeb5892ba9b4eb1e443a0	endorsed/xsdrt/maindoc/UBL-DebitNote-2.5.xsd
7c6969af9a83472ba24f4a0361df89d76572dbb6	endorsed/xsdrt/maindoc/UBL-DeliveryNote-2.5.xsd
472eae5a525b6a5912d2b2c59430af9879cb869f	endorsed/xsdrt/maindoc/UBL-DespatchAdvice-2.5.xsd
b9415efb4544fe460c8dd90b951df3364700a4ed	endorsed/xsdrt/maindoc/UBL-DigitalAgreement-2.5.xsd
3cda61be73e9fe39bd16ca6849724e5e2da36c8f	endorsed/xsdrt/maindoc/UBL-DigitalCapability-2.5.xsd
cb6974d12328f1910c56168ab46d69faf84836a0	endorsed/xsdrt/maindoc/UBL-DocumentStatus-2.5.xsd
282bcee57286df54161489a307c5f7ecbcc9a68f	endorsed/xsdrt/maindoc/UBL-DocumentStatusRequest-2.5.xsd
74aee5a0ed1a20457355d2078e02930df3c5d3a8	endorsed/xsdrt/maindoc/UBL-ExceptionCriteria-2.5.xsd
63165d48a8980b7b5812f780caa66d424307b789	endorsed/xsdrt/maindoc/UBL-ExceptionNotification-2.5.xsd
95bdedcbd46118e91d48f4e4183e65ed11993b55	endorsed/xsdrt/maindoc/UBL-ExportCustomsDeclaration-2.5.xsd
52c48fc1cb9da1dd3a4e36700413fed9e6b63cfc	endorsed/xsdrt/maindoc/UBL-ExpressionOfInterestRequest-2.5.xsd
e118d60fce0d393a8756eec848aab6cbb27de923	endorsed/xsdrt/maindoc/UBL-ExpressionOfInterestResponse-2.5.xsd
9f3e579d6f56230587d837b69683fef233fb4b51	endorsed/xsdrt/maindoc/UBL-Forecast-2.5.xsd
4b1ff64a2e2d71d800768198f5a5afdebccebab3	endorsed/xsdrt/maindoc/UBL-ForecastRevision-2.5.xsd
e738b7bfce901f0c099fb3c8f154bc34557d137a	endorsed/xsdrt/maindoc/UBL-ForwardingInstructions-2.5.xsd
382800bda6fdd3048a86a0421fea20e3e0a08987	endorsed/xsdrt/maindoc/UBL-FulfilmentCancellation-2.5.xsd
3cbb882d7417b93fb2bbb2195b03f4ba60cc9361	endorsed/xsdrt/maindoc/UBL-GoodsCertificate-2.5.xsd
e819411c7305840d3561a044d0b9be31766a1a19	endorsed/xsdrt/maindoc/UBL-GoodsItemItinerary-2.5.xsd
807e997ed41b5b028d06dadffac49bf7a8c6b528	endorsed/xsdrt/maindoc/UBL-GoodsItemPassport-2.5.xsd
2173934555bd6584bbe0bbb1f84b05b32add7490	endorsed/xsdrt/maindoc/UBL-GuaranteeCertificate-2.5.xsd
e66b2aa4f044fb1769b128a5b45f7388be9b9f86	endorsed/xsdrt/maindoc/UBL-ImportCustomsDeclaration-2.5.xsd
68f7a4dfc45918f348c872d112e17a232930ee88	endorsed/xsdrt/maindoc/UBL-InstructionForReturns-2.5.xsd
4c9ff4d84defaa57598d0b6889f59fa4a06a9dfc	endorsed/xsdrt/maindoc/UBL-InventoryReport-2.5.xsd
bca7a5e5b57f8be4b1c4858cba4dccb8b4189d3c	endorsed/xsdrt/maindoc/UBL-Invoice-2.5.xsd
e4c06cd00767e8d979b617740940951883642fc2	endorsed/xsdrt/maindoc/UBL-InvoiceStatusRequest-2.5.xsd
0459fff12e7ecd81cb6ef5cef0fbed3222098238	endorsed/xsdrt/maindoc/UBL-InvoiceStatusResponse-2.5.xsd
9d88991169746cb33e5b051509afa71139e289af	endorsed/xsdrt/maindoc/UBL-ItemInformationRequest-2.5.xsd
7ad5eaa0ce51d0b07340145047e8a7afdab3d2ed	endorsed/xsdrt/maindoc/UBL-Manifest-2.5.xsd
c3781174801e15892004d780c70d3468bd6f550b	endorsed/xsdrt/maindoc/UBL-Order-2.5.xsd
13913ac6d84a9b5e8d50af0ddd94effd5fe5bf83	endorsed/xsdrt/maindoc/UBL-OrderCancellation-2.5.xsd
e246935b54fe4e8d1704a274d08cec2054f57913	endorsed/xsdrt/maindoc/UBL-OrderChange-2.5.xsd
c0ace59b7330b82f24ef1fbca056b3fbf3e90c70	endorsed/xsdrt/maindoc/UBL-OrderResponse-2.5.xsd
0804b5e52eb778c0c32c2b770976e47153a52c9d	endorsed/xsdrt/maindoc/UBL-PackingList-2.5.xsd
f14371d1d68d7e78cfd54dfb1c8c31ecb29fa2e1	endorsed/xsdrt/maindoc/UBL-PriorInformationNotice-2.5.xsd
ef0bbd5a8b5f56aa3ad620bd1a692703adb38922	endorsed/xsdrt/maindoc/UBL-ProcurementStatus-2.5.xsd
d7a05f177cf5110e734c62411d8aa52c8e2865cb	endorsed/xsdrt/maindoc/UBL-ProcurementStatusRequest-2.5.xsd
011868d4bd6cbe5bafb2fcf136c4441ce84e17aa	endorsed/xsdrt/maindoc/UBL-ProductActivity-2.5.xsd
a838def951b04d84095224305a3d98816f666a76	endorsed/xsdrt/maindoc/UBL-ProofOfReexportation-2.5.xsd
6faa016394c40ae1f462f919a8da48e96d00b4bc	endorsed/xsdrt/maindoc/UBL-ProofOfReexportationReminder-2.5.xsd
1528d3a3376680a3c251a6cc096b44f5cce85cc1	endorsed/xsdrt/maindoc/UBL-ProofOfReexportationRequest-2.5.xsd
b9947d6a18bfc8a7735ce6eba0dcba3b7953944e	endorsed/xsdrt/maindoc/UBL-PurchaseReceipt-2.5.xsd
407f5b0254167bba7e8c5ce9b8907bdd74e93d5d	endorsed/xsdrt/maindoc/UBL-QualificationApplicationRequest-2.5.xsd
304bf0db74e7ba3c360be7361968de29c10a777a	endorsed/xsdrt/maindoc/UBL-QualificationApplicationResponse-2.5.xsd
140bf06987f1f08f1a241115ecd188b196f8c629	endorsed/xsdrt/maindoc/UBL-Quotation-2.5.xsd
43f452c4b8d057f760061c9b03ad7dc07de7f02c	endorsed/xsdrt/maindoc/UBL-ReceiptAdvice-2.5.xsd
36f106ce5b67fa49d1e4e753dc39fd522698e6b2	endorsed/xsdrt/maindoc/UBL-Reminder-2.5.xsd
0c39a3042a6de6d2b40c4ca237ea144fd3cc95e2	endorsed/xsdrt/maindoc/UBL-RemittanceAdvice-2.5.xsd
3f45742bff10be020e928737e18653be8545ee8f	endorsed/xsdrt/maindoc/UBL-RequestForQuotation-2.5.xsd
346d0afebe45a5c811cbbc9dd2c302ee7962f3ea	endorsed/xsdrt/maindoc/UBL-RetailEvent-2.5.xsd
d01d87ffbd56fa2d38fc088b56fae2bb81886e91	endorsed/xsdrt/maindoc/UBL-SelfBilledCreditNote-2.5.xsd
e5f4a748c6ce9489aef76306dc7457845507730b	endorsed/xsdrt/maindoc/UBL-SelfBilledInvoice-2.5.xsd
f64164d6382155a7a859f8b4523e28620a3caa11	endorsed/xsdrt/maindoc/UBL-Statement-2.5.xsd
a633b62e002588147053474876ef92f4d829ac6e	endorsed/xsdrt/maindoc/UBL-Tender-2.5.xsd
72261cf3777af9af0e316a157f1d2728de2465db	endorsed/xsdrt/maindoc/UBL-TenderContract-2.5.xsd
c07938318c7ddc62098c174e5480954e41932d38	endorsed/xsdrt/maindoc/UBL-TenderReceipt-2.5.xsd
271262d25b2543fc6a1e8a56ba88137e85c5baf2	endorsed/xsdrt/maindoc/UBL-TenderWithdrawal-2.5.xsd
849c7de2108de7c9bb3c2ddac3ebb4d151248019	endorsed/xsdrt/maindoc/UBL-TendererQualification-2.5.xsd
0ab607eb2d214ef2765795ce03d7f8be6912bd02	endorsed/xsdrt/maindoc/UBL-TendererQualificationResponse-2.5.xsd
6d49b7543e8fe810a9a9f613965fac89f1c57419	endorsed/xsdrt/maindoc/UBL-TradeItemLocationProfile-2.5.xsd
f69445d06022ed9efe84c7de0d78703aa3243dc1	endorsed/xsdrt/maindoc/UBL-TransitCustomsDeclaration-2.5.xsd
c68397e7a2e1defa61fcd39d6ca949f6aa842f34	endorsed/xsdrt/maindoc/UBL-TransportExecutionPlan-2.5.xsd
2b788d4d814b0faf25a6c2d4129041b8634ac03b	endorsed/xsdrt/maindoc/UBL-TransportExecutionPlanRequest-2.5.xsd
3fc860bdffd9b4a043f7e975265130f7d05afb18	endorsed/xsdrt/maindoc/UBL-TransportProgressStatus-2.5.xsd
04c46bed0cc5b98b9f26d3bb9f35d86237abba77	endorsed/xsdrt/maindoc/UBL-TransportProgressStatusRequest-2.5.xsd
65b81de5891c9f7e2e53376a972ffc9064ae4224	endorsed/xsdrt/maindoc/UBL-TransportServiceDescription-2.5.xsd
282f177cf4923eab6064f059020397bbcf17557f	endorsed/xsdrt/maindoc/UBL-TransportServiceDescriptionRequest-2.5.xsd
986370087bb4764b3033fb5ae751ad4234ba2e03	endorsed/xsdrt/maindoc/UBL-TransportationStatus-2.5.xsd
0cb5ca5a9a51e9a2c4ba38145ad4fd8bf91094b0	endorsed/xsdrt/maindoc/UBL-TransportationStatusRequest-2.5.xsd
61bb15ba4172fc2e121b8177856ed2a37d95a102	endorsed/xsdrt/maindoc/UBL-UnawardedNotification-2.5.xsd
150b1e297220f139a9894026e5733840aa3aee5d	endorsed/xsdrt/maindoc/UBL-UnsubscribeFromProcedureRequest-2.5.xsd
9396537e5bebd5c5834b1eb53a1cd8413a1a72b6	endorsed/xsdrt/maindoc/UBL-UnsubscribeFromProcedureResponse-2.5.xsd
ecd2210e66e587b5f79a1874fcf034dbcd75686a	endorsed/xsdrt/maindoc/UBL-UtilityStatement-2.5.xsd
19875f0c9608ba3797e4b5f5f1ed4ce427d1c3d8	endorsed/xsdrt/maindoc/UBL-WasteMovement-2.5.xsd
7ef5560524e1e53c56453777808986ad6a5554cd	endorsed/xsdrt/maindoc/UBL-WasteNotification-2.5.xsd
5f053e273e1657c65018e62bac695add31cbe9eb	endorsed/xsdrt/maindoc/UBL-Waybill-2.5.xsd
8d6a38c593750357fcc87badd9f04665fff522f7	endorsed/xsdrt/maindoc/UBL-WeightStatement-2.5.xsd
f99344bcee6953e272e0c22cc406d1c167455301	endorsed/xsdrt/maindoc/UBL-WorkReport-2.5.xsd
63cba6b0ba9c767e738aa4efc4e1df943641ae72	mod/UBL-Entities-2.5.gc
c0575280b62805f949b8442c39c931db58ab2249	mod/UBL-Entities-2.5.ods
9a02635b25bd9f44182aaa6369d215009fea6012	mod/UBL-Entities-2.5.xls
b5b01796f8b62939c164833878ab893f39a8f291	mod/UBL-Signature-Entities-2.5.gc
695c95124d8cd79468de0f21ee66ffc6b77fffc2	mod/UBL-Signature-Entities-2.5.ods
40a607760f40df5dc47fb7b259eb1132603cd058	mod/UBL-Signature-Entities-2.5.xls
d84432693962c80b75acc5553fecd936961f8320	mod/summary/ReportLegend1.png
a77f644abb8ff4bb125643ae4fe0a8811129ce1d	mod/summary/ReportLegend2.png
688ad495e2b63534afd4381e9a686965365598ed	mod/summary/ReportLegend3.png
2636ef73f8aa8fcfa4f72b3dca7b2fbd6f2324d7	mod/summary/ReportLegend4.png
c2c47de3d97879e7073cdcd3c75079833793111e	mod/summary/readme-Reports.html
40625883cdfdb42e3ad825db92aef864f025a7d0	mod/summary/reports/All-UBL-2.5-Documents.html
b31b3919b2580eb715584ec49d648d3f6c7f323f	mod/summary/reports/UBL-ApplicationResponse-2.5.html
430d846c71b841bcd881c39b7417a577a8f5ed5c	mod/summary/reports/UBL-AttachedDocument-2.5.html
0cc16860db2b8c0c031f946f133da1024499d256	mod/summary/reports/UBL-AwardedNotification-2.5.html
4d861575874ae2b2aef21e5d46c5f7ba740893e7	mod/summary/reports/UBL-BillOfLading-2.5.html
afd5b0361556c1b8d90d8d586eb92432aa4f7e28	mod/summary/reports/UBL-BusinessCard-2.5.html
6b2e9440b58e04594e5f5d0a62a1df845712ed29	mod/summary/reports/UBL-BusinessInformation-2.5.html
4f054314ee2c1e93c8263c706f1c135f672589dd	mod/summary/reports/UBL-CallForTenders-2.5.html
1ac7331d294ce085fcc761fbe94ab88a0797a64d	mod/summary/reports/UBL-Catalogue-2.5.html
5b605229c3c95ddbd266a0f3f7925bb5bb533b1f	mod/summary/reports/UBL-CatalogueDeletion-2.5.html
92d27e5592afab04876db5af7160bc19255a6dae	mod/summary/reports/UBL-CatalogueItemSpecificationUpdate-2.5.html
ee1e393e414d4487af0e03709871b8947c9fa055	mod/summary/reports/UBL-CataloguePricingUpdate-2.5.html
9e4631df48bf74b7304481b7d8f73400209b8e6f	mod/summary/reports/UBL-CatalogueRequest-2.5.html
8c857460b542bf95ccbef18bbd7f5bc0a9c35d8d	mod/summary/reports/UBL-CertificateOfOrigin-2.5.html
82f4757f347fe2e66f0f5eb29437a0ec8361f3a7	mod/summary/reports/UBL-CommonSignatureComponents-2.5.html
b55c1c4d936daab66bc6a9ad57f738ab2c09e79b	mod/summary/reports/UBL-CommonTransportationReport-2.5.html
a4722aef6e220dd3597a4a2415aa50b0ed13cf2d	mod/summary/reports/UBL-ContractAwardNotice-2.5.html
6d8fb45d97f692bdce3ae4c17c59cee46f0b375f	mod/summary/reports/UBL-ContractNotice-2.5.html
163ebf2042d08b17cda35eaf9ad6a59a0d0db4a9	mod/summary/reports/UBL-CreditNote-2.5.html
32b25e8e1cdb004dde4c6d896fe7d9b7e1fcde10	mod/summary/reports/UBL-DebitNote-2.5.html
affc10dde93b74f9bf1a45ca648f7b8e6bafd0b3	mod/summary/reports/UBL-DeliveryNote-2.5.html
7a9b337753d419f32ac1660d269fa9d8b1e0f324	mod/summary/reports/UBL-DespatchAdvice-2.5.html
02ce614901933c94df2724634914d4a71ad95970	mod/summary/reports/UBL-DigitalAgreement-2.5.html
994536dd20355454285fc56d6ab3f497d8131ac7	mod/summary/reports/UBL-DigitalCapability-2.5.html
36fb4f53da485c8dcea23de1f1d88087195223cd	mod/summary/reports/UBL-DocumentStatus-2.5.html
4cadbe332b73da0f59128a75ffb20755a9bdabb3	mod/summary/reports/UBL-DocumentStatusRequest-2.5.html
2ad14b22a31c9ec6edb7669030ac98b191037188	mod/summary/reports/UBL-Enquiry-2.5.html
5aa3f33272fb27faaa29967413afd693ea9081ec	mod/summary/reports/UBL-EnquiryResponse-2.5.html
6b6ff5f4a60be4d0fe3bbc18466c1afd3e995812	mod/summary/reports/UBL-ExceptionCriteria-2.5.html
1f8a25ac1f05cdeabd5b13c9c7ec2c5fbca78698	mod/summary/reports/UBL-ExceptionNotification-2.5.html
f45733af1e27c448dec3079383630c945318fe38	mod/summary/reports/UBL-ExportCustomsDeclaration-2.5.html
fcbcf1b7610cc444bce5da1d61a5f5be990e8dc2	mod/summary/reports/UBL-ExpressionOfInterestRequest-2.5.html
0218aeb6979a1e697133b305f4e80c2da2c34e9d	mod/summary/reports/UBL-ExpressionOfInterestResponse-2.5.html
73a21feccae79fa5b9afb3579f8461ad4486085c	mod/summary/reports/UBL-Forecast-2.5.html
e21147214f02236cc3b4cfd3aa044892d024d0fd	mod/summary/reports/UBL-ForecastRevision-2.5.html
380e7e10bed3bcc97cd13b34e1938937c2f3d8ee	mod/summary/reports/UBL-ForwardingInstructions-2.5.html
b5f8ddd41ea5b6e3e5157022ed3e0e6d6b3c81fa	mod/summary/reports/UBL-FreightInvoice-2.5.html
b046aee5307b6279bb0eaf4ee82f277498c1da1c	mod/summary/reports/UBL-FulfilmentCancellation-2.5.html
b8be2f630d70b5e7a59d1b7b5ccd3f591d03c7ca	mod/summary/reports/UBL-GoodsCertificate-2.5.html
219bfae767ef9b0028ed3d0a0109862b9ef7e617	mod/summary/reports/UBL-GoodsItemItinerary-2.5.html
ec80c61b63c2eefb79fd6c0ac3216a9d5b73ea1a	mod/summary/reports/UBL-GoodsItemPassport-2.5.html
ca8fd4c748f5cce14cb553bf7407d2b9e09b9f96	mod/summary/reports/UBL-GuaranteeCertificate-2.5.html
bff7606c97c23f2ad16bb82f69a2208b16efdeb6	mod/summary/reports/UBL-ImportCustomsDeclaration-2.5.html
a502a15639a60ccf2234e8206c7402c1a7777874	mod/summary/reports/UBL-InstructionForReturns-2.5.html
a54bceb71d0b8937ea9f899bd47ca0f55dc334b4	mod/summary/reports/UBL-InventoryReport-2.5.html
5340ee69b4116df40704bc1d9af5d12c879a484d	mod/summary/reports/UBL-Invoice-2.5.html
c28327f663290e0650ee429ac8761a25876e9ad7	mod/summary/reports/UBL-InvoiceStatusRequest-2.5.html
c3ff82c6c8a017717c3972c09583097beb651997	mod/summary/reports/UBL-InvoiceStatusResponse-2.5.html
bc54920bf86199bd8bd944dc65cd0d70c0193a03	mod/summary/reports/UBL-ItemInformationRequest-2.5.html
d9c7ae6594c3c86f1bd9aa8d456d1a420c84caea	mod/summary/reports/UBL-Manifest-2.5.html
774437769d2eb523b2f79a0fb529b9faa98ba710	mod/summary/reports/UBL-Order-2.5.html
9b2c881243fb120d845952d5a6fc7b4e9fc0a636	mod/summary/reports/UBL-OrderCancellation-2.5.html
ee4a78902e31560fad3f54b28e5edeb43f5f1035	mod/summary/reports/UBL-OrderChange-2.5.html
9aef5cd54b446219ede5d2c9a82eaf1efd6c472f	mod/summary/reports/UBL-OrderResponse-2.5.html
92149fe021ab94109115d09547637bb5a34d94e8	mod/summary/reports/UBL-OrderResponseSimple-2.5.html
c80561eff8b34b724ed11cfc6fefe9e26adc1e17	mod/summary/reports/UBL-PackingList-2.5.html
0a556a32358428d364a1ec2a4143c90c9e220b87	mod/summary/reports/UBL-PriorInformationNotice-2.5.html
e4b2d2e54a6da6543e44cfa7b69dd9037ca474e8	mod/summary/reports/UBL-ProcurementStatus-2.5.html
a40b3b54ab7db814326dcc2c8b95ffd379fc2018	mod/summary/reports/UBL-ProcurementStatusRequest-2.5.html
b21675baf90a9f3d8c49289f088b660235a8e29c	mod/summary/reports/UBL-ProductActivity-2.5.html
9d8237b13736018287633975292a42469624090d	mod/summary/reports/UBL-ProofOfReexportation-2.5.html
455b937d81d28a3e128ab16b1ad1446a985ef26f	mod/summary/reports/UBL-ProofOfReexportationReminder-2.5.html
c774ba5202082e8af857a23d7a78aa1f674e30cf	mod/summary/reports/UBL-ProofOfReexportationRequest-2.5.html
ffae02cd2f65e0ee214fd080dbee1a1a1f542495	mod/summary/reports/UBL-PurchaseReceipt-2.5.html
4afe3cbb754d25d3b77614012999af22de81216d	mod/summary/reports/UBL-QualificationApplicationRequest-2.5.html
7091da219763be91319cdd6b92c7cd4a9af22ee2	mod/summary/reports/UBL-QualificationApplicationResponse-2.5.html
0dc473f5e0c60184314e73af7237ec08d6f3c5b8	mod/summary/reports/UBL-Quotation-2.5.html
aaac56d7eb0b34549ee7dd30ab2d72a468850974	mod/summary/reports/UBL-ReceiptAdvice-2.5.html
0a3f7fb14f73078653708ac8806787af1fb21b1d	mod/summary/reports/UBL-Reminder-2.5.html
cd72eae01586910e356b4707c24abdaec2532937	mod/summary/reports/UBL-RemittanceAdvice-2.5.html
f66a7f46c19dcfb5a25704cf8e71bb84ab82d66b	mod/summary/reports/UBL-RequestForQuotation-2.5.html
d3cafb94bd694aebf87e50e6bd3fb2a16ca8052e	mod/summary/reports/UBL-RetailEvent-2.5.html
3ab7bd99a842da961a2440a46904f935e2621539	mod/summary/reports/UBL-SelfBilledCreditNote-2.5.html
6e390b481f27f7cf79cdf885bf62897e21235c4e	mod/summary/reports/UBL-SelfBilledInvoice-2.5.html
8bf5557b3502b54e64432c1517ab2bcb0d417c0f	mod/summary/reports/UBL-Statement-2.5.html
6df27e4c309bbeb1b67a8b715b350ea5b8b77cee	mod/summary/reports/UBL-StockAvailabilityReport-2.5.html
c4d6790251537af14e6b8586a2213a8da901dacc	mod/summary/reports/UBL-Tender-2.5.html
b171aaf793929f8e95c8c3b82b59d5da8bf2aea9	mod/summary/reports/UBL-TenderContract-2.5.html
48be2512856f12e9ca8a139f8daaac34f2505ad8	mod/summary/reports/UBL-TenderReceipt-2.5.html
a183ad6687ad032392198e7f7b6e2524e339a1e6	mod/summary/reports/UBL-TenderStatus-2.5.html
ee68935529027a45b7bbf10f3b9364ec73cf3c85	mod/summary/reports/UBL-TenderStatusRequest-2.5.html
f36849c54c4dac1c0d9872923490f66c1fd4717d	mod/summary/reports/UBL-TenderWithdrawal-2.5.html
2af020f85983d354508dfa95a44f8b25bbdc46a6	mod/summary/reports/UBL-TendererQualification-2.5.html
5f1d209411662935ca7aa2a1cd7d56fdbba4e9bc	mod/summary/reports/UBL-TendererQualificationResponse-2.5.html
1a863cbc8735b875eb64410f96c60d62d7809589	mod/summary/reports/UBL-TradeItemLocationProfile-2.5.html
1d21a56ba52013779dee63f60f85868e54862b26	mod/summary/reports/UBL-TransitCustomsDeclaration-2.5.html
d15f11c163936b3cc064743e1713b745989dc9ab	mod/summary/reports/UBL-TransportExecutionPlan-2.5.html
d5690c5d6a0d4bc9bd7667aa34e83e52ebd732da	mod/summary/reports/UBL-TransportExecutionPlanRequest-2.5.html
238754b19b4e87631eb23004a8d4e346497161d3	mod/summary/reports/UBL-TransportProgressStatus-2.5.html
ecfdd275c4186f61d83265455e34b43e9c99aadb	mod/summary/reports/UBL-TransportProgressStatusRequest-2.5.html
9b1dc0b916fd602a39b169de7ff88c6edea6482a	mod/summary/reports/UBL-TransportServiceDescription-2.5.html
2a79186181ba4192171d4a0e0a539d2ebf71de4b	mod/summary/reports/UBL-TransportServiceDescriptionRequest-2.5.html
331e9aad646a37eca25e4ffbc1b9d146ddb60d90	mod/summary/reports/UBL-TransportationStatus-2.5.html
31004016c74dd2946f62e17164c282766a236ff9	mod/summary/reports/UBL-TransportationStatusRequest-2.5.html
99779007eec3763cb6e287586a9b671af6d57ff6	mod/summary/reports/UBL-UnawardedNotification-2.5.html
884cce752606d3a9fd6c484eec295cef430a1ba4	mod/summary/reports/UBL-UnsubscribeFromProcedureRequest-2.5.html
80524e5c5476f4c8881e701d2ac5389fd0009848	mod/summary/reports/UBL-UnsubscribeFromProcedureResponse-2.5.html
e5dd5a0a88ecf47027ed2aaa3447f4a1c2225374	mod/summary/reports/UBL-UtilityStatement-2.5.html
322ab75e6fb0d5987fa858edf25d074cff0288a2	mod/summary/reports/UBL-WasteMovement-2.5.html
9062d33db2d5f5951ee8286681f45e78fd20467a	mod/summary/reports/UBL-WasteNotification-2.5.html
0b71739c9bf398dcdf05c7c6b0e1a33954ffaa0f	mod/summary/reports/UBL-Waybill-2.5.html
96da77e7684aeda4349baa1837d9e26743de840a	mod/summary/reports/UBL-WeightStatement-2.5.html
767e8af76464fe10bdb0009a04b27ef232d2d083	mod/summary/reports/UBL-WorkReport-2.5.html
92e5085b354dff3cced8a1d25fd55f9ffe2e1671	val/UBL-DefaultDTQ-2.5.xsl
957b6752af9a60c1bb2a4f65db0e90e5ce00f521	val/lib/commons-codec-1.3.jar
7c59774aed4f5dd08778489aaad565690ff7c132	val/lib/commons-httpclient-3.1.jar
8758a96b70cfba9466bacca19c0d99b87cf53734	val/lib/commons-logging-1.1.1.jar
de9b007b4c9caf12aa9619e4a5d473ff8b299645	val/lib/serializer.jar
2fbc3de0eaf3d0754fe6905d5088add299e1ac96	val/lib/xercesImpl.jar
46733464fc746776c331ecc51061f3a05e662fd1	val/lib/xml-apis.jar
24beb32d31b825af70c802f73d24ef5ab3e4a434	val/lib/xmlresolver.jar
a155b84a0ba8ca16a98e8d7170d5706d11c452dd	val/notices-saxon9he/CERN.txt
1eb55f73d41891db39c95475ed8566347baa5a25	val/notices-saxon9he/JAMESCLARK.txt
c71e017b31c8717217a442784ebec73ec453ac1b	val/notices-saxon9he/LICENSE.txt
827ffecf6b097bb56a149a1bcca90326d2295d8d	val/notices-saxon9he/THAI.txt
cef16068b361599b1ba06360569282faa7e6b929	val/notices-saxon9he/UNICODE.txt
a6b82dd97fd750ee4dcace0ec925b184be3985ef	val/notices-xjparse/APACHE-CODEC.txt
d1f571e43579147b4872e2f397d76f7924deb3cc	val/notices-xjparse/APACHE-HTTPCLIENT.txt
f4312184c60591f75218241a40971ffe1dc318ca	val/notices-xjparse/APACHE-LOGGING.txt
375327262983baf3f557f8b3acd2d77ef773afb3	val/notices-xjparse/APACHE-XERCES.txt
2f211dde02315b441e353d44e51a84294f899b20	val/order-test-bad-code.xml
d06f641123f4340ba0569f8cdf1d41aaa0f850a9	val/order-test-bad-code.xml.error.txt
e855a77a653f9403132c98c20590053d2b3fb178	val/order-test-bad-code.xml.svrl.xml
33b643c69313b8c4ac82873b05940524267b95f7	val/order-test-bad-model.xml
f9304c95f8c2e4a4ec89582769423c349a0d7676	val/order-test-bad-model.xml.error.txt
758eb5c17d7ea169feef23b8a3aa5999af0e001a	val/order-test-bad-syntax.xml
9aea00a17902ac2b4a2d46e0a9bdb6f9337e1a0b	val/order-test-bad-syntax.xml.error.txt
4f5e66884c02e46e7e16e6a73073e4cc31f3eb4a	val/order-test-good.xml
5204e982a690694029331862c74a8e25ebd3883f	val/saxon9he.jar
6303e86519b289ed3293cf61c32eabdff0bcf4fb	val/test.bat
bc41e198987147a654bf7263c2930921962e3d36	val/test.sh
1f05ae7528a091d632c6d9fb5f5c971b3fb3e587	val/testSVRL4UBLerrors.xsl
724cfc33b396af4feb4371a0714b21c07ca97940	val/testsamples.bat
089b1122a86ab52346ba598cec43c0e8d1dc4321	val/testsamples.sh
462093db619a27d5f3546e3ddfd607fe4f0c88c5	val/validate.bat
bfa92467bd95d2f98de59aec0a36e1c84538e69a	val/validate.sh
a1e74afe6879f15060bf26671ad651b195347be3	val/w3cschema.bat
0bfe3cc9951ef4533701e2dd777fe5ef08d2b1a7	val/w3cschema.sh
c1a578f4489a890b6439c58e0f112a7c64f7e116	val/xjparse.jar
f8eeb6e2981831eb7eacb4a63ab59d6a67d7cab5	val/xslt2.bat
974bcb1cf33ec2e5987458f4fb99e16ddf90431f	val/xslt2.sh
70e9eb87d7dc96885a15fe9824b1a6dafcc95fc2	xml/MyTransportationStatus.xml
707d18f484f502dd654ef2a11296bc7f7d2bad8a	xml/UBL-BusinessCard-2.2-Example.xml
00a5b5f3be7647438e197f8599f8ab31ed15c7e5	xml/UBL-CommonTransportationReport-2.3-Example.xml
32d9aa3c509c4369d45737cddd89cf9e52f040a1	xml/UBL-CreditNote-2.0-Example.xml
a22f5440cf278ecc3cb6935d81b70729b54f65b0	xml/UBL-CreditNote-2.1-Example.xml
82294eeea865cf1a5abd6d1c3ffd181f256a4731	xml/UBL-DebitNote-2.5-Example.xml
8096d2ee36388c218ecbeda562d3d1e1b46182e5	xml/UBL-DespatchAdvice-2.0-Example.xml
75f5dc9bd71d28b199d7ae3861782b42b4374810	xml/UBL-DigitalAgreement-2.2-Example-Multilateral.xml
6d5996292a19ca4f005fd084b3f81cc79e0eb00d	xml/UBL-DigitalAgreement-2.2-Example.xml
17491241bddef935df0e70f938ff14efae2175c2	xml/UBL-DigitalCapability-2.2-Example.xml
b6a27fbaae01270de98681a25814c76379ae0963	xml/UBL-ExceptionCriteria-2.1-Example.xml
e1aa4c15a85d6270446c67dec828e2abd1450989	xml/UBL-ExceptionNotification-2.1-Example.xml
961c05b19bca108fe74f423af3774b10a479ced9	xml/UBL-ExportCustomsDeclaration-2.3-Example.xml
fc2e852224da48335e438bfa8e5925921207214c	xml/UBL-ExpressionOfInterestRequest-2.2-Example.xml
fc63bd8365335420b4d44277ffc1826ea8cb3c51	xml/UBL-Forecast-2.1-Example.xml
4c041ff780b9a80e87e969ad2ae04b4c4e4a1d81	xml/UBL-ForecastRevision-2.1-Example.xml
81f9ccf9afbfd96628245397e7c769c9dd30be44	xml/UBL-ForwardingInstructions-2.0-Example-International.xml
ae9b1f03ab216058c49f01efa55941d8a8dee44e	xml/UBL-FulfilmentCancellation-2.1-Example.xml
cc1fafb40fddf27b8604f19e748e07e7b6c7f2bd	xml/UBL-GoodsCertificate-2.3-Example.xml
2dd3fe8e07a288e5b4d0f4200954fd6f02bc7179	xml/UBL-GoodsItemItinerary-2.1-Example.xml
7d6962e55cca335aa2a7154f5a3a577aac644531	xml/UBL-GoodsItemPassport-2.3-Example-Issued.xml
c19d3cc60955385bf78fd723da09cd5b50c68567	xml/UBL-ImportCustomsDeclaration-2.3-Example.xml
815c8983f6a4f3eacce57c869aafd05193aa03cb	xml/UBL-InstructionForReturns-2.1-Example.xml
7c9faa2ddaebeaa68bb87006b4d8680bd290e612	xml/UBL-InventoryReport-2.1-Example.xml
da3a9886278107d600e93b0ffd40a8a881f7b04b	xml/UBL-Invoice-2.0-Detached-Signature.xml
d714533bb65eff4ab28f1aa593e2366e3133be43	xml/UBL-Invoice-2.0-Detached.xml
8d14ca2679d2b8bbc3c42125f2f583ebc1198969	xml/UBL-Invoice-2.0-Enveloped.xml
171856e040f101f9d03281b231bd95b25e75a655	xml/UBL-Invoice-2.0-Example-NS1.xml
200e1f2915d85167e46de78efbef892414cdf63e	xml/UBL-Invoice-2.0-Example-NS2.xml
48eaf1485a7fc20310119a5a3659ba07b46649a6	xml/UBL-Invoice-2.0-Example-NS3.xml
d5da7d2e9c3dbca383ce91f862ff0159c3eebc7c	xml/UBL-Invoice-2.0-Example-NS4.xml
742ba1ae294139cbc449a251fb6615d281fbc2a2	xml/UBL-Invoice-2.0-Example.xml
b3bff3117df36c8dc72ea7c58a393f5316b0c231	xml/UBL-Invoice-2.1-Example-Trivial.xml
1263994fbb9ca30dcd2caa7dbbd835fe6431386f	xml/UBL-Invoice-2.1-Example.xml
8dd68bea61544d7b5a34d886ef0a6356d261f4e3	xml/UBL-Manifest-2.3-Example-Reference-Only.xml
3bc3670ebf06eb4156e3746f3d7e503e6aafbd79	xml/UBL-Manifest-2.3-Example-Shipment.xml
9671afa8dd963e372df6c1a5c6c93032589af8a8	xml/UBL-Order-2.0-Example-International.xml
befb0d69355c6069ff2b3dee22a621d3ecf8df6b	xml/UBL-Order-2.0-Example.xml
36b8b7702ecc9fb1dcd782371bf8474171ada3d3	xml/UBL-Order-2.1-Example.xml
bf8e93eb5dd527f4c0e603cbeaebfe42f9b7a9c4	xml/UBL-OrderCancellation-2.1-Example.xml
6afc474c4cb3346d3d83870300f3b6d8cdc2a094	xml/UBL-OrderChange-2.1-Example.xml
b1c66f4581e81ea3423cfe6498e3d09178b3d2a3	xml/UBL-OrderResponse-2.1-Example.xml
dfcbf6d0c558ac2ed8bf239bab0cfa6d12ce14ee	xml/UBL-OrderResponseSimple-2.0-Example.xml
5ca6d04f692f7b5ec3c0bfe776556d3c11cfbfda	xml/UBL-OrderResponseSimple-2.1-Example.xml
18016a4aeb1f9f7bb4f048f1831921fcb3584c8b	xml/UBL-PriorInformationNotice-2.2-Example-Embedded.xml
fe94d585c699a0ff4558de42b349a3b5569ab5f5	xml/UBL-PriorInformationNotice-2.2-Example-External.xml
d9e65817c8e24a89e6f4f79755d617131b3ecf82	xml/UBL-ProductActivity-2.1-Example-1.xml
7cb114de8bdd26c81c646736e808a161a41fbb28	xml/UBL-ProductActivity-2.1-Example-2.xml
be3c2face3820a94c1417bb94932b7b978102626	xml/UBL-ProductActivity-2.1-Example-3.xml
06a0c7c5f87cfb0f7d6e46bbe63625682da90557	xml/UBL-ProofOfReexportation-2.3-Example.xml
edf1c704d1937c3112b3a6c5728f490857b8940e	xml/UBL-ProofOfReexportationReminder-2.3-Example.xml
77487c95e77f0f5e1c0fc5638f07a716675d0c01	xml/UBL-ProofOfReexportationRequest-2.3-Example.xml
f411fb01a8bfbadadc315bbaf630188bb4a8aa59	xml/UBL-PurchaseReceipt-2.4-Example.xml
d74d715265382e57c273b99482cc752cfa900208	xml/UBL-Quotation-2.0-Example.xml
b10c612a8b9623ff2647c62ad8be3da987d3f154	xml/UBL-Quotation-2.1-Example.xml
a484cbc143e1508a8282cd24cd506cf4d16cf938	xml/UBL-ReceiptAdvice-2.0-Example.xml
846bcf71bbe2f0268e7e2dbcbc7c0d4e4e466ddd	xml/UBL-Reminder-2.1-Example.xml
5c72f146c270770f2bad0e675f5c891c165bc97c	xml/UBL-RemittanceAdvice-2.0-Example.xml
82f49dc64975807feccd39c24aad27f9cf397fbd	xml/UBL-RequestForQuotation-2.0-Example.xml
dfe4beb49518399f895db16a4cf93ebc94d85cce	xml/UBL-RequestForQuotation-2.1-Example.xml
181acb89e164e1393411df3a6b6b04609cd3dfd3	xml/UBL-RetailEvent-2.1-Example.xml
4fa0136058e944ac51e6a310a2cbb3d04048f34f	xml/UBL-SelfBilledCreditNote-2.1-Example.xml
8c510ad542cbffe4e00e89a8dfff2859b0b39a86	xml/UBL-Statement-2.0-Example.xml
b72a21083787b7d95fe7a9734c9f934bd5d57e65	xml/UBL-StockAvailabilityReport-2.1-Example.xml
9367d51c523b3ebaf67b313ea4441b30edcd1f44	xml/UBL-TradeItemLocationProfile-2.1-Example.xml
082fb6420beb2b01421d801d7849753784c80ee2	xml/UBL-TransitCustomsDeclaration-2.3-Example.xml
6314b046d9026c7bc9e67952c601383716a70782	xml/UBL-TransportExecutionPlan-2.1-Example.xml
a7d3a54cb2665d9dcc46744175193272ea6ba2c2	xml/UBL-TransportExecutionPlanRequest-2.1-Example.xml
d7f252a9f2732072a5e342a5e55d990d26d2597e	xml/UBL-TransportProgressStatus-2.1-Example.xml
0d3fd7dfb6ccdcee7f5d76584cfab29ae6f8b289	xml/UBL-TransportProgressStatusRequest-2.1-Example.xml
55b0d8aa4b52b2ce657b48a9db16673d4375e48f	xml/UBL-TransportServiceDescription-2.1-Example.xml
4ad8bed3273d3e2501b095be67dfb009cc541ad6	xml/UBL-TransportServiceDescriptionRequest-2.1-Example.xml
1280e4939a5c04cd57c93aa270d184ac9d8bf809	xml/UBL-TransportationStatus-2.1-Example.xml
792578b66bc5940545ffa80e6c74f4e23cedf8fb	xml/UBL-TransportationStatusRequest-2.1-Example.xml
f261ee0dddf20e1c7eb4e5acb0cfb72a735ccae0	xml/UBL-Waybill-2.0-Example-International.xml
36ac84b4a5f31e3f30460ba1f429178efeb7522e	xml/UBL-WeightStatement-2.2-Example.xml
0bf8ebc5d0f4ca12d875ceb0cc48f65c26909509	xsd/UBL-2.5-catalog.xml
5be7ba1d7ad7fe2c561ddc5918899a665d28c6b8	xsd/common/BDNDR-CCTS_CCT_SchemaModule-1.1.xsd
4a3a80b44e48af7fc5ab61ac72ab001fbc9668b1	xsd/common/BDNDR-UnqualifiedDataTypes-1.1.xsd
437cb22bd5205eb62d9be9290c6b446e919dfb1d	xsd/common/UBL-CommonAggregateComponents-2.5.xsd
b062ed528ffcb1872e412b5ea1996a021feba37c	xsd/common/UBL-CommonBasicComponents-2.5.xsd
b057b2b7b1aebe2533644c265da7b57514b92562	xsd/common/UBL-CommonExtensionComponents-2.5.xsd
f6badbfe93f02a980120954168db88cb307bdb17	xsd/common/UBL-CommonSignatureComponents-2.5.xsd
cae22dc333e2c5ad71711d8b7227fa7e3477932a	xsd/common/UBL-ExtensionContentDataType-2.5.xsd
e891fe5cf4f69c7b68714e5c0ecb41ab84296644	xsd/common/UBL-QualifiedDataTypes-2.5.xsd
ee4c9af4cb8d77bf5ae509c8b16266359354932a	xsd/common/UBL-SignatureAggregateComponents-2.5.xsd
4db168f4e136c4e899c4c671dee73eb51f7bdae1	xsd/common/UBL-SignatureBasicComponents-2.5.xsd
dd713452704a7be95d86c6c8a215e8ab42e1c67f	xsd/common/UBL-XAdES01903v132-201601-2.5.xsd
254f8e06c92d042ce5a4a4b73d6471f874ea0122	xsd/common/UBL-XAdES01903v141-201601-2.5.xsd
fdb57cab7b1ce37099138198b9d08deb6ffe6c23	xsd/common/UBL-xmldsig-core-schema-2.5.xsd
b692a584323d4f0f1808d33a16c82d2c1adcbdd0	xsd/common/UBL-xmldsig1-schema-2.5.xsd
fd2e0a367a03c4ebecf95cb4b7865d073cfe1d07	xsd/common/UBL-xmldsig11-schema-2.5.xsd
d4e32434e86deec9fbcc9a1f9de9f63b54de4a4e	xsd/maindoc/UBL-ApplicationResponse-2.5.xsd
bbb5f969af35e56f09259f80af78811e9b69f798	xsd/maindoc/UBL-AttachedDocument-2.5.xsd
f9f8d67cfd49a363ecbd0ffbdcef13510bc40230	xsd/maindoc/UBL-AwardedNotification-2.5.xsd
b9e97b53ebc89291fe533a1f01467356f9e430e4	xsd/maindoc/UBL-BillOfLading-2.5.xsd
b7f73130f8ee94ef3000ef336af74bd654acc3a6	xsd/maindoc/UBL-BusinessCard-2.5.xsd
3d99995d238b753a17ea7560cb05a3f0c93326aa	xsd/maindoc/UBL-BusinessInformation-2.5.xsd
984c7a80e9406192fe4f0f5b02fe96973aa54993	xsd/maindoc/UBL-CallForTenders-2.5.xsd
5b3de35e1ee9225c6db84312e66662cc1194a286	xsd/maindoc/UBL-Catalogue-2.5.xsd
6da9197aa84bd8cd2eb61530f9e3ef54662b0a3c	xsd/maindoc/UBL-CatalogueDeletion-2.5.xsd
4fc228c5f71b2f37e24fdb8e45d2f639c1b12ce5	xsd/maindoc/UBL-CatalogueItemSpecificationUpdate-2.5.xsd
cb2b3c741b238df543e8f55683342ca9fa696918	xsd/maindoc/UBL-CataloguePricingUpdate-2.5.xsd
6d2b3eac2b3a96563be9868fde1bdaf78f2730af	xsd/maindoc/UBL-CatalogueRequest-2.5.xsd
39abf48e823c98085992efb9b62b6b9a51d00635	xsd/maindoc/UBL-CertificateOfOrigin-2.5.xsd
1d63bcb60d32382d8a093a9d8720d0c13e0ffa48	xsd/maindoc/UBL-CommonTransportationReport-2.5.xsd
795945b03b8e1a271303d8c42cd2682b660ceb7d	xsd/maindoc/UBL-ContractAwardNotice-2.5.xsd
647345fd465d5b2e1bdb7644cff038656851f203	xsd/maindoc/UBL-ContractNotice-2.5.xsd
26dbee8134457646480e205032692966c619cfcb	xsd/maindoc/UBL-CreditNote-2.5.xsd
cb0e972ea0b6847568ceeccdf92b4ea8505a3b15	xsd/maindoc/UBL-DebitNote-2.5.xsd
a5e20c4ee1999724ddf06d68e32b861d401df2a5	xsd/maindoc/UBL-DeliveryNote-2.5.xsd
9c61520b27f94cc20a6252a6fc4fd55466a39d93	xsd/maindoc/UBL-DespatchAdvice-2.5.xsd
d07517c1eb116e67014cd9343406f65d57218299	xsd/maindoc/UBL-DigitalAgreement-2.5.xsd
45e0f14a1eb4d438b66a948361491407a16846d0	xsd/maindoc/UBL-DigitalCapability-2.5.xsd
86c994fb52c1f2e98cbd1663d8bdfbb48da5d899	xsd/maindoc/UBL-DocumentStatus-2.5.xsd
5bef038f10ddb148ac52b3e3dd0cd440dc4a8314	xsd/maindoc/UBL-DocumentStatusRequest-2.5.xsd
23140aa192e73820981cacba9b33de4ced1858a5	xsd/maindoc/UBL-Enquiry-2.5.xsd
01c5e575a6839825dd67ff906539a5ce01c50e13	xsd/maindoc/UBL-EnquiryResponse-2.5.xsd
739bb747679c8e4b834906adb2cde751c949627c	xsd/maindoc/UBL-ExceptionCriteria-2.5.xsd
7dfaed9e3577a7ce97f3db5fb7500105331139ef	xsd/maindoc/UBL-ExceptionNotification-2.5.xsd
ed9fd3c904f286c0e3ee0ea627af13dc48da7bd8	xsd/maindoc/UBL-ExportCustomsDeclaration-2.5.xsd
30d24ef2156997969667508bb8beb46d09456e1f	xsd/maindoc/UBL-ExpressionOfInterestRequest-2.5.xsd
7de8702a8fcab247b280d1d170527de3a715cdc6	xsd/maindoc/UBL-ExpressionOfInterestResponse-2.5.xsd
14b6340fa10d2a1c459375f19db31d31e5128a8d	xsd/maindoc/UBL-Forecast-2.5.xsd
66f274db5b905a5474610012c36453564c48f0a7	xsd/maindoc/UBL-ForecastRevision-2.5.xsd
45855aefc55587a6fc706fabd48a94793d4cbecd	xsd/maindoc/UBL-ForwardingInstructions-2.5.xsd
c45f532036b6020b713e1b944c58333bfe53f7b6	xsd/maindoc/UBL-FreightInvoice-2.5.xsd
d06606975496bc1762d2870c33e24fd7afe139a2	xsd/maindoc/UBL-FulfilmentCancellation-2.5.xsd
33eb53c5e3c133c9b7ccc3b9e7628b548a41b4f7	xsd/maindoc/UBL-GoodsCertificate-2.5.xsd
11beb461a81fd0379ccde69e5d089d85adcbaa02	xsd/maindoc/UBL-GoodsItemItinerary-2.5.xsd
4dec4a805edc735733b9096ff87ddd80e9ba80cf	xsd/maindoc/UBL-GoodsItemPassport-2.5.xsd
4afbe6536358e43d6222d0949166cf707a32d4c2	xsd/maindoc/UBL-GuaranteeCertificate-2.5.xsd
eb430617d71eba5d016d3a2f6b2f95468ab69632	xsd/maindoc/UBL-ImportCustomsDeclaration-2.5.xsd
e9c06ba4d03aa8a514c97da2894b15f0e9822e1b	xsd/maindoc/UBL-InstructionForReturns-2.5.xsd
27b630cfc8dbede709f0ccfaa9f4d591dab84184	xsd/maindoc/UBL-InventoryReport-2.5.xsd
e22751241fed82bce03283d0b8d9c423872e77b3	xsd/maindoc/UBL-Invoice-2.5.xsd
5ff3f872ecfb341f907881b99b306eb78c1067e2	xsd/maindoc/UBL-InvoiceStatusRequest-2.5.xsd
293afacd8738d3a74a6d9ad9bec893efaf3bc34a	xsd/maindoc/UBL-InvoiceStatusResponse-2.5.xsd
427044896e610695f46acebe5eae99fb04811465	xsd/maindoc/UBL-ItemInformationRequest-2.5.xsd
aecbb5fc6f451b0f795c6271e1d7001624321fe8	xsd/maindoc/UBL-Manifest-2.5.xsd
07090e7be02577bf659637ba6faa161707b4bd46	xsd/maindoc/UBL-Order-2.5.xsd
bc1ea4d81a79c185d76ac3b4609375e91116b203	xsd/maindoc/UBL-OrderCancellation-2.5.xsd
7d3c29df1e02b372c7dd7189abf26ac1c7b0483c	xsd/maindoc/UBL-OrderChange-2.5.xsd
d62a216983317177db136dc36014796b4905aaaa	xsd/maindoc/UBL-OrderResponse-2.5.xsd
93b46f548648a34a84bde570e8de3483f554aaa0	xsd/maindoc/UBL-OrderResponseSimple-2.5.xsd
dc4016bafee7e54864c2f4af5c1b7768395f5d72	xsd/maindoc/UBL-PackingList-2.5.xsd
c6a5691a2b3e9d8bcb59bdacb202688320f9fd6a	xsd/maindoc/UBL-PriorInformationNotice-2.5.xsd
364a2525fc31841273ec5dcf5ecf92ce0fd201b5	xsd/maindoc/UBL-ProcurementStatus-2.5.xsd
7882c5cb3bef3fbba05aabd90b9fefc5e74d16a6	xsd/maindoc/UBL-ProcurementStatusRequest-2.5.xsd
3a2c54804544ff982b44b60db476662e0b2ecf6f	xsd/maindoc/UBL-ProductActivity-2.5.xsd
087a35e08716e835fb0dcc5f44469ae8f607def7	xsd/maindoc/UBL-ProofOfReexportation-2.5.xsd
ab29e9c92b9bf1dc4821b4b9b9cf85ad274076d2	xsd/maindoc/UBL-ProofOfReexportationReminder-2.5.xsd
ba48627e92fd7f7a856f4d98807894d75c97c2ab	xsd/maindoc/UBL-ProofOfReexportationRequest-2.5.xsd
abe9016a248cf26d670b6d9b70f1aa7d08227b12	xsd/maindoc/UBL-PurchaseReceipt-2.5.xsd
f9b653fc95021c457791ad06d5c7bd76709b4f0f	xsd/maindoc/UBL-QualificationApplicationRequest-2.5.xsd
e226f0800e8c8de4fc3055b5e8b6e3ac12e4b897	xsd/maindoc/UBL-QualificationApplicationResponse-2.5.xsd
00b3589a8443dd9e01b1b50806afdbd680b932e9	xsd/maindoc/UBL-Quotation-2.5.xsd
75524347feec2c21148699e7d8126408ad56e259	xsd/maindoc/UBL-ReceiptAdvice-2.5.xsd
82967ca88c1fb0795cfd41eb3f659df94e19db4d	xsd/maindoc/UBL-Reminder-2.5.xsd
e2adcb6b7a22e9f9ab0d50608631c66d9c21e146	xsd/maindoc/UBL-RemittanceAdvice-2.5.xsd
e805d844d14252f74e1d3f00ee8227560886631e	xsd/maindoc/UBL-RequestForQuotation-2.5.xsd
2d4857891df19b67b146c7253dbe3d8212f5df4c	xsd/maindoc/UBL-RetailEvent-2.5.xsd
bdab7549dd50e88b77dd418792c9e19c431144ca	xsd/maindoc/UBL-SelfBilledCreditNote-2.5.xsd
c650cf31df0a9549701c29db927496e2c9b02883	xsd/maindoc/UBL-SelfBilledInvoice-2.5.xsd
4311552b122de5b3b542719c3d576d54ef6c3317	xsd/maindoc/UBL-Statement-2.5.xsd
ee08d6e089fff1f7422d7a8bab0f40e3da9199db	xsd/maindoc/UBL-StockAvailabilityReport-2.5.xsd
a89cfd4138bc359bb0af345173480dd4a82fb804	xsd/maindoc/UBL-Tender-2.5.xsd
17ef801bc6757092a067259538d5c0abaab50947	xsd/maindoc/UBL-TenderContract-2.5.xsd
9631f29f7b9c384f5888ce95992a5299209eb3ab	xsd/maindoc/UBL-TenderReceipt-2.5.xsd
09e8b66b5a93132fd04b09aff336799f754ba328	xsd/maindoc/UBL-TenderStatus-2.5.xsd
211358e2488c750bdff32362381f57a83e2621ab	xsd/maindoc/UBL-TenderStatusRequest-2.5.xsd
bf82efec7ad3ed201fc07543f5bbed1f543d30ff	xsd/maindoc/UBL-TenderWithdrawal-2.5.xsd
a1550b85650777af63e3d8f7f409af301676d9e6	xsd/maindoc/UBL-TendererQualification-2.5.xsd
b7b639f727e10c95d2fb3b938ed4d56028deedbf	xsd/maindoc/UBL-TendererQualificationResponse-2.5.xsd
681d80a2527284661260a59a23890f2279018aa0	xsd/maindoc/UBL-TradeItemLocationProfile-2.5.xsd
c2b67ab606ddd8280c79f9b52c37df55f30cba0b	xsd/maindoc/UBL-TransitCustomsDeclaration-2.5.xsd
2fc402d2c0bb0a79ef82263a50d8abbd40263860	xsd/maindoc/UBL-TransportExecutionPlan-2.5.xsd
2971924424f3ab2131d576890987f7dd90cafdac	xsd/maindoc/UBL-TransportExecutionPlanRequest-2.5.xsd
5213af02f9477f4e95d74e34e52fc63db9a33d9f	xsd/maindoc/UBL-TransportProgressStatus-2.5.xsd
aabc05133d61ce3e9fe9464b937217fc4a6a905c	xsd/maindoc/UBL-TransportProgressStatusRequest-2.5.xsd
54033c06f38c42047be46f7a576e46e2bad2ce8d	xsd/maindoc/UBL-TransportServiceDescription-2.5.xsd
51b43006c768f65179bd382de42a19d495ded94c	xsd/maindoc/UBL-TransportServiceDescriptionRequest-2.5.xsd
830ae07761b850b449d62172bc813d1f65805003	xsd/maindoc/UBL-TransportationStatus-2.5.xsd
f6a022502de2d109e600adcc40046165f0efb13d	xsd/maindoc/UBL-TransportationStatusRequest-2.5.xsd
039924506f3622e9f3267d69bfd7fd33bb582620	xsd/maindoc/UBL-UnawardedNotification-2.5.xsd
0f13764a8cd051d40fa2d0a67e7c3d174bf02c29	xsd/maindoc/UBL-UnsubscribeFromProcedureRequest-2.5.xsd
21ce9e2bb3406e466df7caf7cd895a150e3d32ef	xsd/maindoc/UBL-UnsubscribeFromProcedureResponse-2.5.xsd
a78ad4fb1682b5255ce802de9f362f3614ffb3ca	xsd/maindoc/UBL-UtilityStatement-2.5.xsd
b05b5e4d0e192fac0df199199a2b31b05aeee209	xsd/maindoc/UBL-WasteMovement-2.5.xsd
76ddb786e02b4afa1cccd7dc8ddab68702c3a87f	xsd/maindoc/UBL-WasteNotification-2.5.xsd
913603ae9f64201f06712d2e444b9f16bdf0221f	xsd/maindoc/UBL-Waybill-2.5.xsd
20f630e2d7b05b1fc811cf5d7162d761727b759e	xsd/maindoc/UBL-WeightStatement-2.5.xsd
347b3c9b9e4a14e9f8d3664b10f4d302e036e08f	xsd/maindoc/UBL-WorkReport-2.5.xsd
0bf8ebc5d0f4ca12d875ceb0cc48f65c26909509	xsdrt/UBL-2.5-catalog.xml
5be7ba1d7ad7fe2c561ddc5918899a665d28c6b8	xsdrt/common/BDNDR-CCTS_CCT_SchemaModule-1.1.xsd
4a3a80b44e48af7fc5ab61ac72ab001fbc9668b1	xsdrt/common/BDNDR-UnqualifiedDataTypes-1.1.xsd
be821d8b25c58b12c7b8edcb81609e36c1f8e1f6	xsdrt/common/UBL-CommonAggregateComponents-2.5.xsd
0ff909157230919b76d44baaa1a2223fe8472ed8	xsdrt/common/UBL-CommonBasicComponents-2.5.xsd
b057b2b7b1aebe2533644c265da7b57514b92562	xsdrt/common/UBL-CommonExtensionComponents-2.5.xsd
9258fa0b1d1d7718df4630143a768e97b330c641	xsdrt/common/UBL-CommonSignatureComponents-2.5.xsd
cae22dc333e2c5ad71711d8b7227fa7e3477932a	xsdrt/common/UBL-ExtensionContentDataType-2.5.xsd
d17dee10dfb5b8ab8bdb6eb56d016036ff66e1b7	xsdrt/common/UBL-QualifiedDataTypes-2.5.xsd
50f96165037472b00f58346151a9ad7f1be27d6c	xsdrt/common/UBL-SignatureAggregateComponents-2.5.xsd
333a68a5596508201b59e22fecd7b15fa2eb680e	xsdrt/common/UBL-SignatureBasicComponents-2.5.xsd
dd713452704a7be95d86c6c8a215e8ab42e1c67f	xsdrt/common/UBL-XAdES01903v132-201601-2.5.xsd
254f8e06c92d042ce5a4a4b73d6471f874ea0122	xsdrt/common/UBL-XAdES01903v141-201601-2.5.xsd
fdb57cab7b1ce37099138198b9d08deb6ffe6c23	xsdrt/common/UBL-xmldsig-core-schema-2.5.xsd
b692a584323d4f0f1808d33a16c82d2c1adcbdd0	xsdrt/common/UBL-xmldsig1-schema-2.5.xsd
fd2e0a367a03c4ebecf95cb4b7865d073cfe1d07	xsdrt/common/UBL-xmldsig11-schema-2.5.xsd
d9ccce5dc9d3953608fc658f284bb5d7ad3f10cb	xsdrt/maindoc/UBL-ApplicationResponse-2.5.xsd
80b14f8e24a4e028a62d41a0f970a749360adf1a	xsdrt/maindoc/UBL-AttachedDocument-2.5.xsd
86d2040d83322c743d0174844df232f5dc753815	xsdrt/maindoc/UBL-AwardedNotification-2.5.xsd
7294a83bc330e519501ee27b647760a567b29b33	xsdrt/maindoc/UBL-BillOfLading-2.5.xsd
79b08c37d9f454abf44b76dc041bca0ba3c48aaa	xsdrt/maindoc/UBL-BusinessCard-2.5.xsd
e93dccce88b830c199a59f948ec21db2e02b8bbf	xsdrt/maindoc/UBL-BusinessInformation-2.5.xsd
b03a129f0bf0a9c34d487f7673c9dce6f58a9305	xsdrt/maindoc/UBL-CallForTenders-2.5.xsd
25f15533ec1d2bc0d1b95db8238188ee1bc14b4b	xsdrt/maindoc/UBL-Catalogue-2.5.xsd
50a322da7ede84ead02b185189f5679245a535a8	xsdrt/maindoc/UBL-CatalogueDeletion-2.5.xsd
337dd7bec4e7335a6c4eac1a31c88addc6c40a8f	xsdrt/maindoc/UBL-CatalogueItemSpecificationUpdate-2.5.xsd
eb589eeaed14204b831d8e6d395824c59938b916	xsdrt/maindoc/UBL-CataloguePricingUpdate-2.5.xsd
1f6762b6eaedd95182dadd287dfc77002ba9c48b	xsdrt/maindoc/UBL-CatalogueRequest-2.5.xsd
dd44447f1155c9fb27160d0052cbda7209a66799	xsdrt/maindoc/UBL-CertificateOfOrigin-2.5.xsd
a030e86cbf82a61eca2cc745cf03ac69d60b4ff6	xsdrt/maindoc/UBL-CommonTransportationReport-2.5.xsd
66513ff773e2ac1cb2cb9621cc7d9b89dae0cb49	xsdrt/maindoc/UBL-ContractAwardNotice-2.5.xsd
c63440454df5a512f6e5c8ad23343c5d55830083	xsdrt/maindoc/UBL-ContractNotice-2.5.xsd
d66e6e03f1105ee1de8a39c749416b5fc4363777	xsdrt/maindoc/UBL-CreditNote-2.5.xsd
624d3d1a552ae2fa2738b4ef09b86ac1c0bd4512	xsdrt/maindoc/UBL-DebitNote-2.5.xsd
18fb9c07363883e26368f35c5e833de39d9fbf50	xsdrt/maindoc/UBL-DeliveryNote-2.5.xsd
429b9f40abdab0f735f16741e6cb190521c87f12	xsdrt/maindoc/UBL-DespatchAdvice-2.5.xsd
c71ffad6ef41dacaaf5358ca4d79ae546415c66b	xsdrt/maindoc/UBL-DigitalAgreement-2.5.xsd
9bb06a387a2dad696aea0e152a4f7517e5b71230	xsdrt/maindoc/UBL-DigitalCapability-2.5.xsd
d2620a410dfc935d395fb0036da771af02106a5b	xsdrt/maindoc/UBL-DocumentStatus-2.5.xsd
7331f616e607c1c883cca817322b70c505e5b573	xsdrt/maindoc/UBL-DocumentStatusRequest-2.5.xsd
87d6ca81fc0ce5b5a79555fd3f6b6ce0659542e4	xsdrt/maindoc/UBL-Enquiry-2.5.xsd
ff6f494bd5ffc955f0820ccf3dd33e0e3fe74a95	xsdrt/maindoc/UBL-EnquiryResponse-2.5.xsd
1d230da13af06c8182b9b7f8dfd77126083da5d5	xsdrt/maindoc/UBL-ExceptionCriteria-2.5.xsd
db5f867bb5083f2363cc01fc8b84fe4e8a382ffc	xsdrt/maindoc/UBL-ExceptionNotification-2.5.xsd
bc6fb8195870b16c825835bda392a7961b10ac69	xsdrt/maindoc/UBL-ExportCustomsDeclaration-2.5.xsd
4dcf9651cba71ccff690ce3d7b4e8cd1af05e0ac	xsdrt/maindoc/UBL-ExpressionOfInterestRequest-2.5.xsd
a0dbe6fc757ef4c7e4f92180ebc8f2d0d5e2d52e	xsdrt/maindoc/UBL-ExpressionOfInterestResponse-2.5.xsd
29bc77b4ec2c9357bf409702c271a126f553c364	xsdrt/maindoc/UBL-Forecast-2.5.xsd
f9b2f46f0e7a58ca4f5728a08af59ea16eded1dd	xsdrt/maindoc/UBL-ForecastRevision-2.5.xsd
f18d804ce38515f6ac0639400282a60429b2c9cc	xsdrt/maindoc/UBL-ForwardingInstructions-2.5.xsd
83ed2f7b4d11defc423c109d09d0a75e1d388cbb	xsdrt/maindoc/UBL-FreightInvoice-2.5.xsd
4d9f0b83c4a30592298da0e419003d665f84f1f6	xsdrt/maindoc/UBL-FulfilmentCancellation-2.5.xsd
96bf645b53cbb41b6b512db24a91988bb0b7e5a9	xsdrt/maindoc/UBL-GoodsCertificate-2.5.xsd
96c3926ee8313c3cdabd2732040371f8331c9143	xsdrt/maindoc/UBL-GoodsItemItinerary-2.5.xsd
253ed44c6102fed2a3e0aae0f0afcf5f3655c700	xsdrt/maindoc/UBL-GoodsItemPassport-2.5.xsd
805af968cc8560c8fd8291ca76280b920bac5050	xsdrt/maindoc/UBL-GuaranteeCertificate-2.5.xsd
89ad3852abf94d3caad30f9bf31281a7cb7251ff	xsdrt/maindoc/UBL-ImportCustomsDeclaration-2.5.xsd
475e4c4b46a8deafb0042835c17a0567c7a9ced0	xsdrt/maindoc/UBL-InstructionForReturns-2.5.xsd
63f8849f18064b0f71bc60e327698fc1a502baf8	xsdrt/maindoc/UBL-InventoryReport-2.5.xsd
e286e64c547f5ac81ab553872b6973fd63facb24	xsdrt/maindoc/UBL-Invoice-2.5.xsd
845a34bc0b0aa4de4dd9062b8f9b89d46e6c1ae5	xsdrt/maindoc/UBL-InvoiceStatusRequest-2.5.xsd
5bc3fc95de47f21721038e2e4f6b950ecdc51667	xsdrt/maindoc/UBL-InvoiceStatusResponse-2.5.xsd
a1f8a399cc37235c9042a30a0c9bc995011085a6	xsdrt/maindoc/UBL-ItemInformationRequest-2.5.xsd
1ec2daafc71ed68064cb1016a24b7956e219ee36	xsdrt/maindoc/UBL-Manifest-2.5.xsd
d4f61e032d667b39165f28bd74987f46b57a7bd7	xsdrt/maindoc/UBL-Order-2.5.xsd
ee069eb1fcb4756ea24bec34c86cf15d6f9976ad	xsdrt/maindoc/UBL-OrderCancellation-2.5.xsd
7712696ff698e785183ef8a4848d589babe393ec	xsdrt/maindoc/UBL-OrderChange-2.5.xsd
28e6bf757addea6e13045013b96fa7310ad2d7ea	xsdrt/maindoc/UBL-OrderResponse-2.5.xsd
d9dc2b8f30c04ca43136bcd6b6b3dca458d6e731	xsdrt/maindoc/UBL-OrderResponseSimple-2.5.xsd
6028219fa7cf85a8bb9095cba36c0b6f563e3183	xsdrt/maindoc/UBL-PackingList-2.5.xsd
a62430dc995e8c516c30f410885d71432b29c428	xsdrt/maindoc/UBL-PriorInformationNotice-2.5.xsd
d896f0214ecb8ab5ba8b8378b04d20f5a51dbce1	xsdrt/maindoc/UBL-ProcurementStatus-2.5.xsd
0a81016d337f28ab08a1da3ea08d1d9f67c027f5	xsdrt/maindoc/UBL-ProcurementStatusRequest-2.5.xsd
5b1adbea31db08d172d2c539746644134490b093	xsdrt/maindoc/UBL-ProductActivity-2.5.xsd
c14901f4e940b9a62d6fc5fc0f1c7aeed042d501	xsdrt/maindoc/UBL-ProofOfReexportation-2.5.xsd
0973d7fb79795cd3d6068db5c53062c58abb0e35	xsdrt/maindoc/UBL-ProofOfReexportationReminder-2.5.xsd
43a0eb4ec45e84d7a838361129403f07322220a8	xsdrt/maindoc/UBL-ProofOfReexportationRequest-2.5.xsd
10b5371f395d00ac81837b6111150a315c2f2be8	xsdrt/maindoc/UBL-PurchaseReceipt-2.5.xsd
8b3dc31f613d55dd08e17b38e7484b1043ebf71d	xsdrt/maindoc/UBL-QualificationApplicationRequest-2.5.xsd
c5acc404b20e061fd155c45f0a3ae707b75a3807	xsdrt/maindoc/UBL-QualificationApplicationResponse-2.5.xsd
c4323316c9453670e117ddb188bb8a1c6d828b89	xsdrt/maindoc/UBL-Quotation-2.5.xsd
01bd02cfafbb8ebaf309171c3edc16b63c339e16	xsdrt/maindoc/UBL-ReceiptAdvice-2.5.xsd
bd6323d58c287fa3b020e0b20a699fbb7efaa798	xsdrt/maindoc/UBL-Reminder-2.5.xsd
c450f6f2343d1827d3790e90d80baba624a662d2	xsdrt/maindoc/UBL-RemittanceAdvice-2.5.xsd
0e23e670314676acf7467fc9e2aa3dbcbbaa7c2e	xsdrt/maindoc/UBL-RequestForQuotation-2.5.xsd
ec3aa0fd57d88e38154277b1f0106815810b44f0	xsdrt/maindoc/UBL-RetailEvent-2.5.xsd
703ead2542bca0c5a3b5db0afdaad3f684d1dd51	xsdrt/maindoc/UBL-SelfBilledCreditNote-2.5.xsd
3d98b6d7c75b17c21e8f2d382b5b48518a3ab00b	xsdrt/maindoc/UBL-SelfBilledInvoice-2.5.xsd
bccb34c1a50c4ce647bc78a502b72a2365fbb593	xsdrt/maindoc/UBL-Statement-2.5.xsd
a3c42af868d5d8b8d6e9631ae4f936c330ffaecd	xsdrt/maindoc/UBL-StockAvailabilityReport-2.5.xsd
3c64a487f58f056840510ce393d24f75e6232672	xsdrt/maindoc/UBL-Tender-2.5.xsd
acfb7a0dfcb53fc45ce23118e858ad4a4c5e15c8	xsdrt/maindoc/UBL-TenderContract-2.5.xsd
38f62565d336181a35e1b11d995aa6cf8b54821b	xsdrt/maindoc/UBL-TenderReceipt-2.5.xsd
9f3080ef43b5dcd159db4d41b8fbf27f34da4d34	xsdrt/maindoc/UBL-TenderStatus-2.5.xsd
d633a1a0dafd35d3eda02785bb10651fcb8ac9d0	xsdrt/maindoc/UBL-TenderStatusRequest-2.5.xsd
9bc1b169f7f3c6f2822e86065ba3789f29291e28	xsdrt/maindoc/UBL-TenderWithdrawal-2.5.xsd
ce76f7c97e0242f7bb793038db19ac6427e09353	xsdrt/maindoc/UBL-TendererQualification-2.5.xsd
8b13a6528ff33efb4d9d354fd5e07aa61cdb2c7f	xsdrt/maindoc/UBL-TendererQualificationResponse-2.5.xsd
25b5417ff3dd46b1897127dc7426060fddd53bae	xsdrt/maindoc/UBL-TradeItemLocationProfile-2.5.xsd
6f7ae79b3333b60a80d057850c84b50e1d5a41ad	xsdrt/maindoc/UBL-TransitCustomsDeclaration-2.5.xsd
a39ad9f6699c348cf8a4994b7d0398ca7e69bc3f	xsdrt/maindoc/UBL-TransportExecutionPlan-2.5.xsd
554786b43cd4d49a05eabcb263cf2b654d1c483e	xsdrt/maindoc/UBL-TransportExecutionPlanRequest-2.5.xsd
63d1ec09227965e785f60ccf9da7ae8d3383b5ae	xsdrt/maindoc/UBL-TransportProgressStatus-2.5.xsd
ffff302b7c48eee948763e7400dd5fe8c5a2827a	xsdrt/maindoc/UBL-TransportProgressStatusRequest-2.5.xsd
a64420120812c9f577cc4372c3a19f8f7c6e2e8a	xsdrt/maindoc/UBL-TransportServiceDescription-2.5.xsd
4ddc097f5531418ab456cd819dcf161a8fe0a71c	xsdrt/maindoc/UBL-TransportServiceDescriptionRequest-2.5.xsd
5d62162cdbfc631e9d489563577b7843c356256c	xsdrt/maindoc/UBL-TransportationStatus-2.5.xsd
b0f9493ea25292b15ada0654547643555c5b920a	xsdrt/maindoc/UBL-TransportationStatusRequest-2.5.xsd
80d25cb87fa84f1ab471ae76d9df977f7ba2a1ee	xsdrt/maindoc/UBL-UnawardedNotification-2.5.xsd
5441abf87d4989d66f40d25923c898f1cf9e985b	xsdrt/maindoc/UBL-UnsubscribeFromProcedureRequest-2.5.xsd
bf7f317aaadab75d4ee8bbc3b09cdb79bb1f19ee	xsdrt/maindoc/UBL-UnsubscribeFromProcedureResponse-2.5.xsd
5a409af5efbdef7b5070809e7f6f54ab6d07c894	xsdrt/maindoc/UBL-UtilityStatement-2.5.xsd
c3182827077c48616bc888ca2368d6cb62bcb787	xsdrt/maindoc/UBL-WasteMovement-2.5.xsd
335e59c1ea7176564a680d6362ae2c9a4bbd7252	xsdrt/maindoc/UBL-WasteNotification-2.5.xsd
6e8d44285f2f67056f102e71c77c01db5f04ed37	xsdrt/maindoc/UBL-Waybill-2.5.xsd
c57b9aa5b8e16d93149b1a2a5a2ea6d70ef2f7aa	xsdrt/maindoc/UBL-WeightStatement-2.5.xsd
3b46037c80492e7a52b8f840f555cfb566b84496	xsdrt/maindoc/UBL-WorkReport-2.5.xsd
