550e3f4ef946637c6c28318526bbd0af2970b77d	UBL-2.5.html
ff2e99715bf46ccd1b51d116f632df560a153675	UBL-2.5.pdf
44edcf6e34ce9efd43baf068dbbd923b0bc5804e	UBL-2.5.xml
08c6537e4ccb7a436184327d1049f95b5548f742	art/UBL-1.0-ProcurementProcess.png
5975426a9d4530ae164260ac034d1dd47b274516	art/UBL-2.0-CertificationOfOriginOfGoodsProcess.png
4b07e91dd47ee8bd76c219f18ace7a4e08980ca3	art/UBL-2.0-CreateCatalogueProcess.png
e5f5f929f60e6ad3bf74067a064b24bbb9508c42	art/UBL-2.0-DeleteCatalogueProcess.png
df71ef74fb2d4d6bfce15b790e11f2aa04d5f191	art/UBL-2.0-PaymentNotificationProcess.png
be34354cb47bafb0b90c9df8c54505c83311d6ba	art/UBL-2.0-ReminderForPaymentProcess.png
cfbae89e221da790044652cf8ab4ebf4b3812ac3	art/UBL-2.0-ReportStateofAccountsProcess.png
efa004d35b1f0f1e6308ea611545bb796944c91c	art/UBL-2.0-SelfBillingwithCreditNoteProcess.png
543056943a7b141f6dacd317f42b52d2116abf44	art/UBL-2.0-SelfBillingwithSelfBilledCreditNoteProcess.png
a594f7ed0d825a1885e9f48e117bfbe940be7555	art/UBL-2.0-SourcingBuyerInitiatedProcess.png
01526768f10f70ec49730e1c2edba9714ef54c67	art/UBL-2.0-SourcingPunchoutProcess.png
0accf275bf449856809ca96cdf66fadbfe072925	art/UBL-2.0-UpdateCatalogueItemSpecificationProcess.png
a37eaac3b7f4842cd68ede3573d48b31dcca995f	art/UBL-2.0-UpdateCataloguePricingProcess.png
5e88669fe8f7e8314c51161fc95bbd09fd6e4096	art/UBL-2.2-BusinessCard.png
cadce7b612d8d8888dfbc0672f0b3cac7a4ac6d5	art/UBL-2.2-CPFR-CreateJointBusinessPlan.png
e64c0d6ebe002c42cd9650586f7e902d300841aa	art/UBL-2.2-CPFR-CreateOrderForecast.png
759c4fc0439aab67f1c63962712a36936cb1c25a	art/UBL-2.2-CPFR-CreatingSalesForecast.png
78dc9208632d6e1d524f71cda4beb02326d31a3e	art/UBL-2.2-CPFR-EstablishingCollaborativeRelationships.png
03a20af5d8e58a3d0f3a87f0621c0bea23f97400	art/UBL-2.2-CPFR-ExceptionHandling.png
b494f727b514c30829138b4ee9b294ba7ddfc9ac	art/UBL-2.2-CPFR-ExceptionMonitor.png
3658c0b90ca6bf4d9936f22e1ee4914166324c7a	art/UBL-2.2-CPFR-IdentifyResolve.png
f0593051ec6217dd8e52488c8952fecfb8cd1d84	art/UBL-2.2-CPFR-Steps1-2.png
843d98bce673b0c262945aab35f748e5c02fa92f	art/UBL-2.2-CPFR-Steps3-4-5.png
8b8706611b8543ba5d156f06ec0f69ba485bac58	art/UBL-2.2-CPFR-Steps6-9.png
5479718e1b1a81c275ff0361d70094ee8c65efac	art/UBL-2.2-CRP-BaseArticleCatalogue.png
9e673b49961522d6b40f057aa9f700707815c8a6	art/UBL-2.2-CRP-ChangeArticleCatalogue.png
b351b0cba1b1ab564164aa403c93c6a1bf7d3cd2	art/UBL-2.2-CRP-InitialStockingByRetailer.png
05d26e327bcebc990ddd4389717b9814c216f744	art/UBL-2.2-CRP-Invoicing.png
643bf5e5a05249228204700493e84e1e0c2dc648	art/UBL-2.2-CRP-SalesAndInventoryMovement.png
aad587200fd7e7045f366d3d0cd1f0b8a9d081d3	art/UBL-2.2-CRP-Synchronizing.png
88d947d2f01151d22111c1ce50f2bea2882e2357	art/UBL-2.2-DefaultValidation.png
69a28a16b7c32478f7367261f42b01d4766832ce	art/UBL-2.2-DigitalAgreement.png
ab2fb66e70da0a5760fd6af20dc7e88c8ad1628e	art/UBL-2.2-DigitalCapability.png
e11486842722b7dfecb0d645ab7e4b31fc96d4de	art/UBL-2.2-Enquiry.png
e215cfc275a35eb9bb7ddc545869c9e3fbf83622	art/UBL-2.2-FreightStatusReporting.png
048bb09e8b120dc9b955c12183f1ecee7be01248	art/UBL-2.2-Fulfilment-1simple.png
26acd0de48aec78912959bab96400a909b119d82	art/UBL-2.2-Fulfilment-2split.png
67cdd534d8302197c7be9093851acaaf96d6ac0b	art/UBL-2.2-Fulfilment-3intermediary.png
c3c91cb85430c13e611488486d2c1a7ca0d7b5cb	art/UBL-2.2-Fulfilment-4consolidated.png
9a5c7ae04ef01580241d664db7840a7f5a30dab4	art/UBL-2.2-FulfilmentDespatchAdviceProcess.png
f4e35896b9ac11fc817ae695e29847639b3713d7	art/UBL-2.2-FulfilmentReceiptAdviceProcess.png
472047cc1aaa37cc2e820b411b37fae697540888	art/UBL-2.2-IMFM-BasicTransportExecutionPlan.png
bdb91f4889bcce0b19dc0bed1cee144ed28f682a	art/UBL-2.2-IMFM-GenericIntermodalFreightProcess.png
b10ac89077a5e3819608a430fd6aee72de304677	art/UBL-2.2-IMFM-GoodsItemItinerary.png
30ee8ce11c845547dea1c9363a9124dcc7bd7d33	art/UBL-2.2-IMFM-IntermodalFreightManagementProcess.png
c5e977a4903ac814dadf494f84c424a6d120e980	art/UBL-2.2-IMFM-TransportProgressStatus.png
d58efa5d40d0729c02527ffe46d2cbd40f0c0293	art/UBL-2.2-IMFM-TransportServiceDescription.png
600626e5796a1fd59fdd34e13d19185610f4f159	art/UBL-2.2-InitiateFreightMgmtProcess.png
4f3de1766815982559d25868836ecb032d920f94	art/UBL-2.2-Open-edi-Application.png
9db94d4739d70ca1ab4f0ed11c573a70ca285378	art/UBL-2.2-Open-edi-Overview.png
c3f9b80c126580f1207df2054f18f54ac6eb7199	art/UBL-2.2-ROCD-ArticleAvailability.png
dd5fa606fc4de27290dfb5211f97f520fb5bdeae	art/UBL-2.2-ROCD-BaseArticleCatalogue.png
2f2b296fcd4dd08c591711c14de28ee22d5ab1ec	art/UBL-2.2-ROCD-InitialStocking.png
0d59fa56d00c4a0d2b5ba6d639aae17b647f1c59	art/UBL-2.2-SchemaDependencies.png
5bce0a675f36f4ed5df85e5f78803b709ab2e29f	art/UBL-2.2-Tender-AwardNotification.png
076c4fc562901a3a9ad9392a5ffdc34e8bbd283d	art/UBL-2.2-Tender-AwardPublication.png
42661fcd3a37325bcb43294c105d4a8a943391e3	art/UBL-2.2-Tender-ContractInfoNotify.png
ab08a036b742d26fd11a9df6d9b12b4bbc83e780	art/UBL-2.2-Tender-ContractInfoPrep.png
eb4dfd5662aacbb235f1d184c867db888fd9b24a	art/UBL-2.2-Tender-ExpressionOfInterest.png
b5b54d8b8e992350e484731e891792c879a0bfd5	art/UBL-2.2-Tender-GuaranteeDeposit.png
2f6090befcd0f83de0d5bb89e5f3cd78ef29ddc2	art/UBL-2.2-Tender-Invitation.png
db844e718136e5625cb26300ff0cd8ea8b432b0a	art/UBL-2.2-Tender-QualificationApplication.png
076844f02718b147c1e137d113e022a23228ddc1	art/UBL-2.2-Tender-QualificationInfo.png
929b649ca2efa4b676b463d2544b8d93903be4b1	art/UBL-2.2-Tender-Status.png
67c5029c13d430acaf8e06b77d9a0ff04fae9f1d	art/UBL-2.2-Tender-SubmissionOfTenders.png
8a27590e383fd750ed7b1a06517ca77f461729dd	art/UBL-2.2-Tender-UnsubscribeFromProcedure.png
8b40df2089accf8630693a92ebf2cd30abe76a0e	art/UBL-2.2-Tender-Withdrawal.png
7161d6bfbe5a248e61cb130103d2001c6e929f4c	art/UBL-2.2-UDT-QDT.png
662e943b42817d9ddae902b4495766f8dcef04f6	art/UBL-2.2-VMI-InitialStocking.png
460d5ab16818c3148b758ff6b4034e64a0f5b95c	art/UBL-2.2-VMI-Invoicing.png
60b94c3d2ffb4df9ee6090914324fe8dba84b43b	art/UBL-2.2-VMI-PermanentReplenishment.png
72660ecdc680a155273895042d866a0e220d9819	art/UBL-2.2-VMI-PriceAdjustment.png
7a11789644113e9cdeb68c666ce4f7e1d53a7b34	art/UBL-2.2-VMI-ReturnsByProducer.png
b80817b20457d98266e9d6f66c90ead70df3f783	art/UBL-2.2-VMI-SalesAndInventoryMovement.png
f7bca4bfb1ad6b5915967590c5d292bc052b931f	art/UBL-2.3-CommonTransportationReportProcess.png
38a18a397ec4d7a5b57d6e30f4247ea3583156af	art/UBL-2.3-ExportCustomsDeclarationProcess.png
cc8d678d475e9067b2a42acf66bcb08e07dd247d	art/UBL-2.3-GoodsCertificateExportProcess.png
3d3a50d22a230865b5942e8bc4d64ed9a29bae0c	art/UBL-2.3-GoodsItemPassportApprovalProcess.png
d7b86bb5722cc16df2a9977e6b79db74baeb5298	art/UBL-2.3-GoodsItemPassportPresentationProcess.png
088af16177b8542cea40cce7661bbd1502b427fb	art/UBL-2.3-GoodsItemPassportReturnProcess.png
e5cb04659c76543885c3014a7c03731363fe0de6	art/UBL-2.3-ImportDeclarationProcess.png
ddc5f3b03c8ccb30445493c24d8f777e9bdfe2f6	art/UBL-2.3-ManifestProcess.png
5f810035e349e3e817acae7b92395371d594e8d2	art/UBL-2.3-ModelRealization.png
787f3bedbd320b83ad46d35553e260dc94ade18d	art/UBL-2.3-OrderingProcess.png
14e9870ba29341233af41ea8484fe3caefc78c1d	art/UBL-2.3-Pre-awardProcess.png
7e44b910a3d26a6009be2f7cffd6c30d6f1bb627	art/UBL-2.3-ProcurementProcess.png
7b1f28ea99440514a40a00acaaa082df1046367a	art/UBL-2.3-RequestForProofOfReexportationProcess.png
dbb86b60311d39c35752b9ade4e16dcf703a9d36	art/UBL-2.3-Tender-Contract-Post.png
a0c0ca23189bcea5559bf792f8ef1f5fba4ad94f	art/UBL-2.3-Tender-Contract-Pre.png
950a951f082c14b05bda7c78aa75494e182d896c	art/UBL-2.3-TransitDeclarationProcess.png
eccf56de15995c725d9dd2e2fdec7881d4a562f8	art/UBL-2.4-BusinessInformation.png
5235016f4a26374ef6bf8e9c3cf7c4a2dda3a79c	art/UBL-2.5-BillingwithCreditNoteProcess.png
a448aa0a04e16bbeb95edfa8680a49abd20a5932	art/UBL-2.5-BillingwithDebitNoteProcess.png
df639d811099f1aa530a970dc66846c0e88a22d4	art/UBL-2.5-UtilityBillingProcess.png
6db8c7c86452a2127cccae0feb12926fafb27ebb	art/UBL-2.5-WasteMovementProcess.png
eb912fddc7d9ed2770dcc99a6144c7e19049060d	art/UBL-2.5-WasteNotificationProcess.png
b80b4a4850df3496f92c824d08db42d15771b420	art/artpdf/UBL-1.0-ProcurementProcess.png
ffd1b46d27ad13bdc23fd9c465c81feb30dbcf72	art/artpdf/UBL-2.0-BillingwithCreditNoteProcess.png
efc508b5a86a471171e2aab788cfa311b4caa91b	art/artpdf/UBL-2.0-CertificationOfOriginOfGoodsProcess.png
a6179bc4636c917f1003c326a2f7ee56ad2fe04e	art/artpdf/UBL-2.0-CreateCatalogueProcess.png
91d4d1dd5ac003dfb2c605d6643a71fdb1847eb3	art/artpdf/UBL-2.0-DeleteCatalogueProcess.png
7f4c902a41b287c9731b962d6004540149672391	art/artpdf/UBL-2.0-PaymentNotificationProcess.png
53e1bdc4206e4ffa6f5131c28ebb52d2bd4f1f55	art/artpdf/UBL-2.0-ReminderForPaymentProcess.png
640fc3b27d80f89c5fe9b4edfaed055c2b43854d	art/artpdf/UBL-2.0-ReportStateofAccountsProcess.png
06a060f84c1f21c5b5bb4eff43314058d30b0095	art/artpdf/UBL-2.0-SelfBillingwithCreditNoteProcess.png
0c3210d53e969b2bdb084cc4235a907044deff02	art/artpdf/UBL-2.0-SelfBillingwithSelfBilledCreditNoteProcess.png
10292d12e5e795875b6fde4311cc400061ac438d	art/artpdf/UBL-2.0-SourcingBuyerInitiatedProcess.png
a58a9bcd087e023448f82056d512c5b7c3915bb4	art/artpdf/UBL-2.0-SourcingPunchoutProcess.png
3855a5b30cb083785a20615cb4d875fee38b6c8b	art/artpdf/UBL-2.0-UpdateCatalogueItemSpecificationProcess.png
b0ac35af54a5c76366cb30f10565e1774926d94b	art/artpdf/UBL-2.0-UpdateCataloguePricingProcess.png
4a09e09c69d0ea60a46acd66331f439bb6825394	art/artpdf/UBL-2.2-BusinessCard.png
d07819be5a17d71caabf8fd6973abd4e95284e15	art/artpdf/UBL-2.2-CPFR-CreateJointBusinessPlan.png
b496ef98528cd22843c55a67792abcd09d12c838	art/artpdf/UBL-2.2-CPFR-CreateOrderForecast.png
d9eb441bf145647f0559aa45439dbf2a1a6da9b8	art/artpdf/UBL-2.2-CPFR-CreatingSalesForecast.png
1b2a995c9e688c43e39253159e7c757488928fbf	art/artpdf/UBL-2.2-CPFR-EstablishingCollaborativeRelationships.png
0e3acee5c7ff83ba65608f423d7575201410c12e	art/artpdf/UBL-2.2-CPFR-ExceptionHandling.png
9fc5a1ae0fd599755bf021ef12b83d5e916bc9c4	art/artpdf/UBL-2.2-CPFR-ExceptionMonitor.png
10dd82ac10f6664772e006bb617f5eb32d40be05	art/artpdf/UBL-2.2-CPFR-IdentifyResolve.png
b3c76efe6aa942c22ee79e25b39b105b245f5414	art/artpdf/UBL-2.2-CPFR-Steps1-2.png
e30d77b72239a3d84b923591e99c059c5a169485	art/artpdf/UBL-2.2-CPFR-Steps3-4-5.png
adf716b772dca3a7f77fa29c5530edafd6f40a85	art/artpdf/UBL-2.2-CPFR-Steps6-9.png
ce308e2d0e19b8832ec45bc63bffeb6e906466f7	art/artpdf/UBL-2.2-CRP-BaseArticleCatalogue.png
d0e7f13d648e681eca04aaa6e30f94f45594be68	art/artpdf/UBL-2.2-CRP-ChangeArticleCatalogue.png
d497f1fb22f2d36bdf4d3753dcbb6ce1db45760b	art/artpdf/UBL-2.2-CRP-InitialStockingByRetailer.png
b885c51f43b640b6bd43983538a61fc30a7e4cb7	art/artpdf/UBL-2.2-CRP-Invoicing.png
cd4e2d9d6309a94c375ff61e8c0a1562ac113088	art/artpdf/UBL-2.2-CRP-SalesAndInventoryMovement.png
81295cb885f517f69cae1f4fea9024b58d9e0852	art/artpdf/UBL-2.2-CRP-Synchronizing.png
903fdb989205b8c8be5ae1db04feda33d8f88daa	art/artpdf/UBL-2.2-DefaultValidation.png
5efc5960319bd8ceff180c7376b340b161cc4a87	art/artpdf/UBL-2.2-DigitalAgreement.png
a049c0843b85077298daa20b04846646f47c8e4d	art/artpdf/UBL-2.2-DigitalCapability.png
d619178db500da7255ca3609040c96d5de3ffd92	art/artpdf/UBL-2.2-Enquiry.png
f2240fe9228456c4f3479ca937861cf1efda1589	art/artpdf/UBL-2.2-FreightStatusReporting.png
00607d1d5e7777a6dc8adfd1c4a0abde8012cfea	art/artpdf/UBL-2.2-Fulfilment-1simple.png
437ec5e7e19daba53bbb7126a6bf5c8bc3c8becb	art/artpdf/UBL-2.2-Fulfilment-2split.png
ce83dc4eb12d50f29c9deba200f5771986e6e660	art/artpdf/UBL-2.2-Fulfilment-3intermediary.png
3c819b9b46a32ca790eb18ac0836ba8ece43289c	art/artpdf/UBL-2.2-Fulfilment-4consolidated.png
ca3a4dc96c885fa096d8098029308ee175d4e4aa	art/artpdf/UBL-2.2-FulfilmentDespatchAdviceProcess.png
13fbb5fa688566372ada7f7c553426873e69cd74	art/artpdf/UBL-2.2-FulfilmentReceiptAdviceProcess.png
ed30be3abcf121368529ad6d001e24a4d73389ed	art/artpdf/UBL-2.2-IMFM-BasicTransportExecutionPlan.png
4b465cd022ba06a99d98b60f30f2dff9ffb993e8	art/artpdf/UBL-2.2-IMFM-GenericIntermodalFreightProcess.png
ec06228b8344b2323430203a9ac48cc451e3d333	art/artpdf/UBL-2.2-IMFM-GoodsItemItinerary.png
68e276cb838dd917a95b13c706c87117a856d57c	art/artpdf/UBL-2.2-IMFM-IntermodalFreightManagementProcess.png
440ee6f12c4a6353aace296e2bc1869a84119f10	art/artpdf/UBL-2.2-IMFM-TransportProgressStatus.png
0b9b6ee0b5ce0b1d61d043b596cd324f9405c4e1	art/artpdf/UBL-2.2-IMFM-TransportServiceDescription.png
79ded46cf0b5dc8cc505edda182621493ca963ed	art/artpdf/UBL-2.2-InitiateFreightMgmtProcess.png
2549fd5bf2c81aa27b1c3e81387e9d5485373135	art/artpdf/UBL-2.2-Open-edi-Application.png
5a0b1aa03ec45a4f7e969b7600fdb4419190ad1e	art/artpdf/UBL-2.2-Open-edi-Overview.png
1a7d0bc3245d69cbc431827d9e4336e04bf07df5	art/artpdf/UBL-2.2-ROCD-ArticleAvailability.png
30fed3f7ed557d779668a099d914d072aca02ef4	art/artpdf/UBL-2.2-ROCD-BaseArticleCatalogue.png
f280d372a3236744957ba733e96339ea50b134b3	art/artpdf/UBL-2.2-ROCD-InitialStocking.png
b847c76a6cbcc230532f8bfa37c03927bab2809b	art/artpdf/UBL-2.2-SchemaDependencies.png
fa486212dfa795bc6ca5db9b949f6a6cd575cc55	art/artpdf/UBL-2.2-Tender-AwardNotification.png
e3364b39c5744bce427a15cfa5a047f006f777b7	art/artpdf/UBL-2.2-Tender-AwardPublication.png
b0901411bf294ae3afe45883dbb594eb3101234f	art/artpdf/UBL-2.2-Tender-ContractInfoNotify.png
4b967679844dfedcc1c89f360e9e75dee9f17f13	art/artpdf/UBL-2.2-Tender-ContractInfoPrep.png
3ffcf42108dbd84cc35e068ebc9b5051211a80db	art/artpdf/UBL-2.2-Tender-ExpressionOfInterest.png
532201fc43bde05cdafd345b7e005ebc7623bdc1	art/artpdf/UBL-2.2-Tender-GuaranteeDeposit.png
56750e5e63e3cf795c0290570726cd52f87dee1c	art/artpdf/UBL-2.2-Tender-Invitation.png
a76bb7ab4d6f42b4db3ef1da6aa4b5c1555715f0	art/artpdf/UBL-2.2-Tender-QualificationApplication.png
027115dc7873943b149f3b478e1297e637e34934	art/artpdf/UBL-2.2-Tender-QualificationInfo.png
649607ce720f6a3556bfaa628f82db0af245af5e	art/artpdf/UBL-2.2-Tender-Status.png
95e3e06c193e94dcecea54e1f10b0fcc4ae652a5	art/artpdf/UBL-2.2-Tender-SubmissionOfTenders.png
fe14a81098e2487a930976f98123b7ebbb816feb	art/artpdf/UBL-2.2-Tender-UnsubscribeFromProcedure.png
e2d25fd2f50a0c2ebfa2cc7f79e2216e62846bd0	art/artpdf/UBL-2.2-Tender-Withdrawal.png
f7d6a05850e9482d42fb4f7d1c4dcd4c424e450f	art/artpdf/UBL-2.2-UDT-QDT.png
5f73f8d41859ed27b1f6446fb1f2aa298838f935	art/artpdf/UBL-2.2-VMI-InitialStocking.png
400e42a8c797c4f575e38e31dabdda9f103d89ff	art/artpdf/UBL-2.2-VMI-Invoicing.png
0b986b87a33b4435d39e24fa74d262242e00b304	art/artpdf/UBL-2.2-VMI-PermanentReplenishment.png
90248f9db43705d8caed33754a5f476dbd48368e	art/artpdf/UBL-2.2-VMI-PriceAdjustment.png
4ab5c53e7d6c0d2fc2914ddbe41109efc03c8cc9	art/artpdf/UBL-2.2-VMI-ReturnsByProducer.png
2b4699d35eac6cfb7559db164ac3cdf8e7956e04	art/artpdf/UBL-2.2-VMI-SalesAndInventoryMovement.png
1ec386b9385d7db6b8c8bf3fef13611089d4b847	art/artpdf/UBL-2.3-CommonTransportationReportProcess.png
0f1854ba24523c15837897a595d4007f22dae0c8	art/artpdf/UBL-2.3-ExportCustomsDeclarationProcess.png
25f5807c78c45001ec5baa481f244bc7d3d7f70d	art/artpdf/UBL-2.3-GoodsCertificateExportProcess.png
381161b4c27e58ba81f606732d397b7894fc0f31	art/artpdf/UBL-2.3-GoodsItemPassportApprovalProcess.png
fa78faa926b8bcdc5dca0ae39f8ef14678a96ca2	art/artpdf/UBL-2.3-GoodsItemPassportPresentationProcess.png
0f2b623f38e66c9d0eb4c8cc12e01e6ff5cc8ce1	art/artpdf/UBL-2.3-GoodsItemPassportReturnProcess.png
0b3aec20ccf09e2d107613156f42a910b8bf312a	art/artpdf/UBL-2.3-ImportDeclarationProcess.png
d3e46c533eec7c992a2f555ffca7ce8bd5e72841	art/artpdf/UBL-2.3-ManifestProcess.png
08543783a9f686b8ea93426e9a1704f9723837de	art/artpdf/UBL-2.3-ModelRealization.png
6c9cbd9602681db06132a232c62e25cb067bd3fe	art/artpdf/UBL-2.3-OrderingProcess.png
43367c0e24fe19f3075a35bfb9fa5087d4d1f377	art/artpdf/UBL-2.3-Pre-awardProcess.png
79fe59382a23ce5dacfb9246f92ad63983f1cdb6	art/artpdf/UBL-2.3-ProcurementProcess.png
ee4697154526a97e2fdd14a9462636b3f2b2448a	art/artpdf/UBL-2.3-RequestForProofOfReexportationProcess.png
aee9d69336dd63081a41c56a5634680ce78196a7	art/artpdf/UBL-2.3-Tender-Contract-Post.png
60ffc811883369df232726ac60ecaf5de80994ce	art/artpdf/UBL-2.3-Tender-Contract-Pre.png
4009fb12a397c93e08980416c53a7ec4cc843bac	art/artpdf/UBL-2.3-TransitDeclarationProcess.png
c34102cdfda9522f0e97ac31c9e017a5d73edb9d	art/artpdf/UBL-2.4-BusinessInformation.png
4aedd750c7f2b50eb0fa1486a7a9ee4183fbcd53	art/artpdf/UBL-2.5-BillingwithCreditNoteProcess.png
dd7327c788e7ed86312787c68aa33ede3362c98d	art/artpdf/UBL-2.5-BillingwithDebitNoteProcess.png
c4735cfc359ac32d776b9c7e8e5fed5adbec3964	art/artpdf/UBL-2.5-UtilityBillingProcess.png
1b31c5038305af35b1ef14bd373e9c30aeb288a8	art/artpdf/UBL-2.5-WasteMovementProcess.png
841a8ceef41e57f323813426b55eec9ec2d7e50f	art/artpdf/UBL-2.5-WasteNotificationProcess.png
77e7b1f1cbfe79a0b4e4fb29e67a08a349bd2180	cl/gc/default/AllowanceChargeReasonCode-2.4.gc
4ab411443382bdbe77050299d0f82793e3ba6c30	cl/gc/default/BinaryObjectMimeCode-2.4-incl-deprecated.gc
31214be10cabddce7bfdb67823774c16ecb60f82	cl/gc/default/BinaryObjectMimeCode-2.4.gc
21dcb6f16c0387371c50eba2971df3a92b59d6d8	cl/gc/default/ChannelCode-2.4.gc
001885e50732984e16e5859e12247fa01f88aec2	cl/gc/default/CountryIdentificationCode-2.4.gc
1bb7d49910531b57110cb2205a790884d724c59f	cl/gc/default/CurrencyCode-2.4.gc
87273d68f3892fecfc7bc88c88c0f47020455481	cl/gc/default/LanguageCode-2.4.gc
e8e14cfe26ba4b43fed6e512f767c5b461266b52	cl/gc/default/PackagingTypeCode-2.4-incl-deleted.gc
9a5f8a14276f6bdbbf75cf31c74d8a5eb21f4646	cl/gc/default/PackagingTypeCode-2.4.gc
00c0905e22a3ae0ecea0f5b7535bdf2f0b4e95ff	cl/gc/default/PaymentMeansCode-2.4.gc
a3763b633fb868c1b6c69c0ab775cf10874b2703	cl/gc/default/TransportEquipmentTypeCode-2.4.gc
d913c95a62d19c2b401729942829d90ca6b26c2a	cl/gc/default/TransportModeCode-2.4.gc
22b139f9ccbae9b6ab6f09b4a7cb531c3c02ebf9	cl/gc/default/UnitOfMeasureCode-2.4-incl-deleted.gc
d2f9b04e7e0281638a9d58573efc9e671574682d	cl/gc/default/UnitOfMeasureCode-2.4.gc
8a65d2334e66a5446ac8b42e4bbff0c644246cc1	cva/UBL-DefaultDTQ-2.5.cva
3c6c35069bfdbffdfb05514353d65e8c7b9eb1a9	cva/UBL-DefaultDTQ-2.5.html
920ecb6de7f09ca1e79afda85d4f28e40a591ebe	cva/UBL-DefaultDTQ-2.5.pattern.sch
ba0616eb1f0d839163c95b619dda3ad10047fd43	cva/UBL-DefaultDTQ-2.5.sch
546c1a67dfce3968b49cba5430570c129ce0e9a8	cva/UBL-DocumentConstraints-2.5.patterns.sch
549a72d757eed9e5bb8c1f3e6ff14910cf95e1f2	db/spec-0.9/OASISLogo.png
94cdfe6e438345ac0357f36ff45a6dac2656a98b	db/spec-0.9/catalog.xml
af5fa8a2f4523b6cdafa707322abd42aeb83584b	db/spec-0.9/css/oasis-2025-spec-note.css
8eebb13acc4d19365f07f7fb219ae075cfc3a617	db/spec-0.9/css/oasis-2025-spec-note.css.xml
74170be777a798cd271acc0329fa663ae93f6d3a	db/spec-0.9/css/oasis-note.css
8d0a7b55bfe65778231e29a76a7a33f4e955a059	db/spec-0.9/css/oasis-spec.css
fac58d77e1c34322be0150b1aa5ad3a02f4540ab	db/spec-0.9/docbook/calstblx.dtd
f75c1d764d96b23f08afff91cb2b416b3ce027fc	db/spec-0.9/docbook/catalog.xml
60de99f860c3895ffb636d273b792659bad79f2b	db/spec-0.9/docbook/dbcentx.mod
ff5ba90d1d52a3b79491527bfdc194eebc87b98e	db/spec-0.9/docbook/dbgenent.mod
5f839f5679793024c339dd2737f59589ec08ea30	db/spec-0.9/docbook/dbhierx.mod
2416049bfc34b49996e7032b8cffb71989121e77	db/spec-0.9/docbook/dbnotnx.mod
53b07044a0b853481226e7e54894c269bfd62850	db/spec-0.9/docbook/dbpoolx.mod
25ac4dff02e9c941f11ff0d7f975be4df7289412	db/spec-0.9/docbook/docbook.cat
8b43c59b608270e97f0b21871dea3515a5be85e1	db/spec-0.9/docbook/docbookx.dtd
67998d68d1a007502f49e0f8ed068927f9a61332	db/spec-0.9/docbook/docbookx.rnc
c0da542a66c53d12629413a9efa83ae6ce4074b5	db/spec-0.9/docbook/ent/README
dac3e6242a19cda475e6c78b43d8e8228ffefce1	db/spec-0.9/docbook/ent/isoamsa.ent
4065b66c4473933d5667812877288419fdd47edc	db/spec-0.9/docbook/ent/isoamsb.ent
2fad4175251ca77063a2eb1d07f7b9c821db63dd	db/spec-0.9/docbook/ent/isoamsc.ent
ddca8d14ceb43099afec65988d7a92a80d2c8276	db/spec-0.9/docbook/ent/isoamsn.ent
278e4b40910e830c2ed7ee6c89b7e3c512e39925	db/spec-0.9/docbook/ent/isoamso.ent
18e64bffdb3db5002ce597dcc93f35d1cb46e023	db/spec-0.9/docbook/ent/isoamsr.ent
9ae27d4fa205eccafb25dca829bdab5bf719c780	db/spec-0.9/docbook/ent/isobox.ent
364b6d8411cd86d160aec54a13ccdaa1ed2d89f6	db/spec-0.9/docbook/ent/isocyr1.ent
6432d74c440f8e5f69c798a8d4e7652512db8a4d	db/spec-0.9/docbook/ent/isocyr2.ent
b49c30947f6505e5dd83037e68182f26c992bf15	db/spec-0.9/docbook/ent/isodia.ent
7826f8109b91952b280ca3da0eb4295a95854269	db/spec-0.9/docbook/ent/isogrk1.ent
726b7dd70592f2033aa7e2a22ec6f3487525319c	db/spec-0.9/docbook/ent/isogrk2.ent
28b5c2766c523c401c9643887809ba37ab5639ed	db/spec-0.9/docbook/ent/isogrk3.ent
27c6a514f63fbf11eac32a48284820a5810a6920	db/spec-0.9/docbook/ent/isogrk4.ent
381bd0900ac95639c5218126506692e79283378e	db/spec-0.9/docbook/ent/isolat1.ent
e91ffdbeec105b4fc758054cab3fe874c77de58d	db/spec-0.9/docbook/ent/isolat2.ent
884c0c4d0330b8575efaafb54075d5e5ad7a3716	db/spec-0.9/docbook/ent/isonum.ent
a11787828a38f60b2716ef56ba4c108165af4c54	db/spec-0.9/docbook/ent/isopub.ent
07e81008d2a0a719b28806d06aa488e2b36e956a	db/spec-0.9/docbook/ent/isotech.ent
cdaefed410f271109e69abea32213f38d3b68733	db/spec-0.9/docbook/htmltblx.mod
792865f7ade41a16c29b23317ca4adc2da25c1da	db/spec-0.9/docbook/rnc/calstblx.rnc
5a691d525cf40c315eeac87298c51e76219ba752	db/spec-0.9/docbook/rnc/dbhierx.mod.rnc
c4a7e5a70aedbd67a573448c38552c70fe55cda9	db/spec-0.9/docbook/rnc/dbnotnx.mod.rnc
3d1206dff3f0d182824c82e86633f97f1fb45bf3	db/spec-0.9/docbook/rnc/dbpoolx.mod.rnc
9e54508f99a213beec2d91d1f034af83af71ccac	db/spec-0.9/docbook/rnc/htmltblx.mod.rnc
4a92e116288f00e4e188a1f7bb7870617a183d34	db/spec-0.9/docbook/soextblx.dtd
2f6331c408f2740de9225fed225382990a9e03ba	db/spec-0.9/docbook/xsl/VERSION
2f6331c408f2740de9225fed225382990a9e03ba	db/spec-0.9/docbook/xsl/VERSION.xsl
05647b8496de3149a37b63787305d8de1589a09c	db/spec-0.9/docbook/xsl/common/addns.xsl
209ca9c42b96b8d498689c2fadbd9f715802cb3a	db/spec-0.9/docbook/xsl/common/af.xml
2c3aef9197283ed322ac584ae90bcbb5027097f4	db/spec-0.9/docbook/xsl/common/am.xml
58cf1fb274ed67d8a9677002ce4683e08527b543	db/spec-0.9/docbook/xsl/common/ar.xml
7013bf4f5f8238e564188d1d21c8bacf869b91ca	db/spec-0.9/docbook/xsl/common/as.xml
9f11c918ff4ed30f9326476a88c125a960e36013	db/spec-0.9/docbook/xsl/common/ast.xml
45c785d8b0d0a9b28e279dd6184b3a7bae84be52	db/spec-0.9/docbook/xsl/common/autoidx-kimber.xsl
3d755c4fbb794eb60b3d40f7663cdf26a165609d	db/spec-0.9/docbook/xsl/common/autoidx-kosek.xsl
f9522b36fd2d7ca74bd80c40691d037846183894	db/spec-0.9/docbook/xsl/common/az.xml
cd978727c4c026b274585ba172f0e13f75d85051	db/spec-0.9/docbook/xsl/common/bg.xml
2a8677d6b3bd506c0d6df6930c45ac15fec6bef2	db/spec-0.9/docbook/xsl/common/bn.xml
925e1c5cd07ae3d269c3b3115df1e9a5de42adac	db/spec-0.9/docbook/xsl/common/bn_in.xml
6a61439cd4019c91f0ac11cc96cdfd7bf0a3e4f5	db/spec-0.9/docbook/xsl/common/bs.xml
23c793645e56a82cf398f9f45c5e61fb96b97eca	db/spec-0.9/docbook/xsl/common/build.xml
c2fee96c7419312b4b13d57e019fbf767bb18ea0	db/spec-0.9/docbook/xsl/common/ca.xml
a12a84f2b5f3522b001dfe9397c8ebeb3cb45253	db/spec-0.9/docbook/xsl/common/charmap.xml
3e0f5d4df7f5b88bdcdddd038a8d23d8ff03ac7d	db/spec-0.9/docbook/xsl/common/charmap.xsl
78b6cbde4b9391c18240a1101ebb323ec70a51fa	db/spec-0.9/docbook/xsl/common/common.xml
cd3ea665639ebcef1df061bccd8197fb25f4323b	db/spec-0.9/docbook/xsl/common/common.xsl
574ad4119418533efadcd27c65ddec1ba471a39e	db/spec-0.9/docbook/xsl/common/cs.xml
75e52f7eaa3cd7fb23e1bfa83b557a3445f4f735	db/spec-0.9/docbook/xsl/common/cy.xml
0ff79bbfcba6e7992bcc2408a04befc40b4facf0	db/spec-0.9/docbook/xsl/common/da.xml
f8bd5086f7f705491d1f8e090faafc3ac5f2bb44	db/spec-0.9/docbook/xsl/common/de.xml
188b78f10f98ab1fa3f36882326510ad7afa1ca4	db/spec-0.9/docbook/xsl/common/el.xml
32474d6fa854670597eaef18e896cb9f6d7ed349	db/spec-0.9/docbook/xsl/common/en.xml
9256b1ce2381843513ed801affbb90c13c83d310	db/spec-0.9/docbook/xsl/common/entities.ent
e33dabeefd0e263ade41127be300f2bd399f2c6e	db/spec-0.9/docbook/xsl/common/eo.xml
fd1f61025079657a8ef443a2c56bfefa95e03e40	db/spec-0.9/docbook/xsl/common/es.xml
c1271af12f904581bc994fdf1a9da83c21f20a56	db/spec-0.9/docbook/xsl/common/et.xml
932079c8e65a58c827550c624d5c7b481a4bf4ba	db/spec-0.9/docbook/xsl/common/eu.xml
5574076714ef22989f3606c4289b8e5bd4cc2d93	db/spec-0.9/docbook/xsl/common/fa.xml
62ef6ad47561cecdb9d968c2055a6604b2bdfd15	db/spec-0.9/docbook/xsl/common/fi.xml
9c973e7da4ed04b501be717a723197f93805c773	db/spec-0.9/docbook/xsl/common/fr.xml
0184ddc469be361652c8ff01f022a7eb43e0be63	db/spec-0.9/docbook/xsl/common/ga.xml
65fe4803b8730976ff5a8dde8da4bf9b0a425082	db/spec-0.9/docbook/xsl/common/gentext.xsl
97aaffeb4ffd6f0760698752a56acf54dbd1bb9f	db/spec-0.9/docbook/xsl/common/gl.xml
cf94cb6c5c8f4ced8430fcecc4c94361d5fc370b	db/spec-0.9/docbook/xsl/common/gu.xml
553031397da00f9fcd6325227f134ab96e9baa9e	db/spec-0.9/docbook/xsl/common/he.xml
9636b7a7443aab63dfdfdcdf869df4c07f740326	db/spec-0.9/docbook/xsl/common/hi.xml
d56a573ef06676266cccf30dd397c016d5dbfa12	db/spec-0.9/docbook/xsl/common/hr.xml
1b7bf44eabb1ed4a2ebe73af95a74d250680e148	db/spec-0.9/docbook/xsl/common/hu.xml
0b25923d56f3b0479e51ed402f16149e06e0e832	db/spec-0.9/docbook/xsl/common/id.xml
66bcf410e5ea50e46ead56e12b31923b2a39a437	db/spec-0.9/docbook/xsl/common/insertfile.xsl
352ba68761b2ac33066164daafa14861adb480bd	db/spec-0.9/docbook/xsl/common/is.xml
f2a9144c635a6c15d772675cc601952a353a48bb	db/spec-0.9/docbook/xsl/common/it.xml
67c5e09144be720a07ea6dab75709b8145c97458	db/spec-0.9/docbook/xsl/common/ja.xml
81e6a8d79a55ac7c373016b7e59590ffe1228086	db/spec-0.9/docbook/xsl/common/ka.xml
25a2be42f8065c9bdf0385dc4642e2e864cc35c8	db/spec-0.9/docbook/xsl/common/kn.xml
0f6ac5e8a797222d06008d8052b83dc616ecce7f	db/spec-0.9/docbook/xsl/common/ko.xml
79a9865217ebf99aa51248f0f7dd98d8d681209e	db/spec-0.9/docbook/xsl/common/ky.xml
9bf2f66b70bdc1e2a9834e19875c175a7af5e1a8	db/spec-0.9/docbook/xsl/common/l10n.dtd
98dae0c3bc476e24e0b43266778b59ba8a0883b6	db/spec-0.9/docbook/xsl/common/l10n.xml
50d0ab2da81eb2e3d6bee795de8146416e87c109	db/spec-0.9/docbook/xsl/common/l10n.xsl
1efcece39b1f497918b83c9ea01afdf55944ddd2	db/spec-0.9/docbook/xsl/common/la.xml
0557e8151a9a7b8819d0861759bb066aa46344bf	db/spec-0.9/docbook/xsl/common/labels.xsl
feea885dd2e90a6366cb19cddd48422ca5c9b628	db/spec-0.9/docbook/xsl/common/lt.xml
e7a7f5a29a5c92835f9164527f27db73d33dc14d	db/spec-0.9/docbook/xsl/common/lv.xml
e4887eb75c9e574c767918a60dede187a421918e	db/spec-0.9/docbook/xsl/common/ml.xml
29f0ed7b2e474064e1aa24f2f89fe2b73bdee6d3	db/spec-0.9/docbook/xsl/common/mn.xml
fb390438c3bad2d9230b11df734f5a173489864f	db/spec-0.9/docbook/xsl/common/mr.xml
59a37671d57f0289f87c02f4f915d9dbfdafd4e7	db/spec-0.9/docbook/xsl/common/nb.xml
c38f2d96dd6e7adaf721e0992f62dbd482d920c2	db/spec-0.9/docbook/xsl/common/nds.xml
4833681016de4747fc8c927628c8b167792d53c9	db/spec-0.9/docbook/xsl/common/nl.xml
0ad2a0fbef0a896d317c78a4f8a96c9228ed9085	db/spec-0.9/docbook/xsl/common/nn.xml
653fd1e174b8e401548fdb31b81dc509fecde632	db/spec-0.9/docbook/xsl/common/olink.xsl
126974d54dfe7b12a94408504c1ceada9e64df4e	db/spec-0.9/docbook/xsl/common/or.xml
17e77f90b60c0d11d0ba45950f60e702b48763b1	db/spec-0.9/docbook/xsl/common/pa.xml
64efdcae77494581fabba9c6611315944a26671b	db/spec-0.9/docbook/xsl/common/pi.xml
42aac0d5b35cf95a0421f5077d23f52221209a3b	db/spec-0.9/docbook/xsl/common/pi.xsl
7e98c8a99b7c9c642562089c3602685ba91c3e24	db/spec-0.9/docbook/xsl/common/pl.xml
158ab7a76f88c02bfb58bd908b7c5bb2d80f6506	db/spec-0.9/docbook/xsl/common/pt.xml
686cb018682354b449832659d78e331b6f1d167c	db/spec-0.9/docbook/xsl/common/pt_br.xml
4741ce0dad4480da93f3783a2798e25d59f23a53	db/spec-0.9/docbook/xsl/common/refentry.xml
5a04b60c24389d91b7872490603110a8442796d2	db/spec-0.9/docbook/xsl/common/refentry.xsl
c64794569180cf86e70e7baf4cd306f70db73be6	db/spec-0.9/docbook/xsl/common/ro.xml
b465a3559d1b9eeb63d5a6fd45afb9c9eb89bee0	db/spec-0.9/docbook/xsl/common/ru.xml
cfb59225a2863a3137cb2fcaa264ba3783de3bca	db/spec-0.9/docbook/xsl/common/sk.xml
45d25ac105e5f7a4ffc24c8bedfa720f8d770ca5	db/spec-0.9/docbook/xsl/common/sl.xml
89bb4b27838e7d95a6b71cba800dcb45e5af913b	db/spec-0.9/docbook/xsl/common/sq.xml
2e25735c52429362e72b04d106ac9682b90651b0	db/spec-0.9/docbook/xsl/common/sr.xml
ba2509e1329aa72de6042e19d5612be49aedf634	db/spec-0.9/docbook/xsl/common/sr_Latn.xml
a1e964d6e2209db48bdf45fdd24320d18b52ae59	db/spec-0.9/docbook/xsl/common/stripns.xsl
9fb4ae80fbdbe409ea28b4caeaa0eafc144fc4c2	db/spec-0.9/docbook/xsl/common/subtitles.xsl
bf83ec385ddcff7e719946b23d879b5c9eec0d4c	db/spec-0.9/docbook/xsl/common/sv.xml
43e2e476403ca16a88d5a2bd8896b7298564d2de	db/spec-0.9/docbook/xsl/common/ta.xml
aefdb07f1211e28716718e2180886886c3135580	db/spec-0.9/docbook/xsl/common/table.xsl
2ace1e0030450c17843adf12a159c665d922ab78	db/spec-0.9/docbook/xsl/common/targetdatabase.dtd
31e1fe3d680212e32056d29e9d94bed85e42caa0	db/spec-0.9/docbook/xsl/common/targets.xsl
02abb516bb3db65404e9e5eea08ac8b44a8dcb9a	db/spec-0.9/docbook/xsl/common/te.xml
729130330afa2405d17cb3cc43011c562e4c489f	db/spec-0.9/docbook/xsl/common/th.xml
cfc74f717ddfd6dbd79200d109bf82b3bac73715	db/spec-0.9/docbook/xsl/common/titles.xsl
bf37b52bdf47c34819b6e329e930f61c48172598	db/spec-0.9/docbook/xsl/common/tl.xml
12522e84ae02693938542f4dae9b3a26cdf7e00d	db/spec-0.9/docbook/xsl/common/tr.xml
ebc1dadc5f9dcfb2b6bf57cd2d6c1dbeb87cc30c	db/spec-0.9/docbook/xsl/common/uk.xml
782a0bac1cf5d31fc5ea0da2bc2b207cb8036764	db/spec-0.9/docbook/xsl/common/ur.xml
d9cbe3ca1852511ddb239bf9a1a13d37c9a41c4d	db/spec-0.9/docbook/xsl/common/utility.xml
37092b7c557830115b2f498dcfc6fd021062bb03	db/spec-0.9/docbook/xsl/common/utility.xsl
cf321cfb52c8c3f61e5997e75d2c0220b29513b6	db/spec-0.9/docbook/xsl/common/vi.xml
612c92bb6a1051cd62a073c4842ea46f94f5873b	db/spec-0.9/docbook/xsl/common/xh.xml
0de7a3e2e41942a4aa4d789cd7560bb79bdad87f	db/spec-0.9/docbook/xsl/common/zh.xml
d74373becc63864c783a37624bc3b2108f20327b	db/spec-0.9/docbook/xsl/common/zh_cn.xml
bbb957e240ea5a275e336a918402cf92817baf85	db/spec-0.9/docbook/xsl/common/zh_tw.xml
7e1e33a67ea606474660599ee8bf87ceaf016174	db/spec-0.9/docbook/xsl/html/admon.xsl
f0106320ae3161a69eaf585637ebfc6680fd4aa1	db/spec-0.9/docbook/xsl/html/annotations.xsl
f67b1f6024e5975f6fd9a4c408e4cf954392be0f	db/spec-0.9/docbook/xsl/html/autoidx-kimber.xsl
d03ff4f6610a9b7ff614ca1506aa4a0ea257dbe7	db/spec-0.9/docbook/xsl/html/autoidx-kosek.xsl
9407b5cf98f3cd3383706a1bd8fc10423240c610	db/spec-0.9/docbook/xsl/html/autoidx-ng.xsl
c2b02d2356d314e4bef39367342116c7b3653074	db/spec-0.9/docbook/xsl/html/autoidx.xsl
58b3851d49fb18df6fc10262bc77004aa908bbbb	db/spec-0.9/docbook/xsl/html/autotoc.xsl
375f3671662e2d82e49398f67de1bcba8e231173	db/spec-0.9/docbook/xsl/html/biblio-iso690.xsl
ff41c9ec596fa013998520dec5a8c6f6aacbf838	db/spec-0.9/docbook/xsl/html/biblio.xsl
bc6ae49fe2c5b5ca3d7e08b57d2b23f66245e49a	db/spec-0.9/docbook/xsl/html/block.xsl
e217fda10c8e88fca9544c9d3066bf40ea6ab4f2	db/spec-0.9/docbook/xsl/html/build.xml
dfdb423b37717bfddedf3ba9164d9fb2039046c8	db/spec-0.9/docbook/xsl/html/callout.xsl
7ebf5b0079a99282b53591efab84b6457d999192	db/spec-0.9/docbook/xsl/html/changebars.xsl
6bfd3c079f971f54265967927d444e8f9f3c095e	db/spec-0.9/docbook/xsl/html/chunk-changebars.xsl
536e4f4046d8e13f8190d13224ff50ebfb191ab7	db/spec-0.9/docbook/xsl/html/chunk-code.xsl
61e24c4c7294d3ecc5e28a5ac8ef5711c363b4be	db/spec-0.9/docbook/xsl/html/chunk-common.xsl
0717fdb6ecb0231400334a292a018f8b4d02c991	db/spec-0.9/docbook/xsl/html/chunk.xsl
5a79734a9b02daf857fd0433e1c66fd6037971cf	db/spec-0.9/docbook/xsl/html/chunker.xsl
35a4631eebec8504719320b4cc1284e79a3f7512	db/spec-0.9/docbook/xsl/html/chunkfast.xsl
13fd2fd6c29a78d9424550d0c016ab12f10920a2	db/spec-0.9/docbook/xsl/html/chunktoc.xsl
6ef4926b88ad4a13b0e5e69c7246147178d95a58	db/spec-0.9/docbook/xsl/html/component.xsl
6ab7fe73a0b8c07359389234d584040fa567d24d	db/spec-0.9/docbook/xsl/html/division.xsl
f1509bfd8ac75e7441ec1646689cba3b77889085	db/spec-0.9/docbook/xsl/html/docbook.css.xml
9955c77cbbebcbf958d63b1cdbb036e4eb1e9aff	db/spec-0.9/docbook/xsl/html/docbook.xsl
f6cbe541491c4550ac5f579c45bb553b15aabb4f	db/spec-0.9/docbook/xsl/html/ebnf.xsl
9a4e3c389325f69b04744005629199b049dafaa4	db/spec-0.9/docbook/xsl/html/footnote.xsl
2e80c9600333982a93fc4fa1d2b23484c563996e	db/spec-0.9/docbook/xsl/html/formal.xsl
0a1a40b7f6e9294136660bd45c4ce219faca2890	db/spec-0.9/docbook/xsl/html/glossary.xsl
4aa891df4f90e41122a37d06044b806a5ab1789f	db/spec-0.9/docbook/xsl/html/graphics.xsl
0579f75836ca97df5f46cc518ecd05aa411a6c8e	db/spec-0.9/docbook/xsl/html/highlight.xsl
8de6bb30fd416b691791577e3ddec217ee2275f9	db/spec-0.9/docbook/xsl/html/html-rtf-orig.xsl
c5bb4f88729f58e9c8552d29022fda3749752edf	db/spec-0.9/docbook/xsl/html/html-rtf.xsl
f181103b74378c4c00884a67a29d7ed1de6ecb73	db/spec-0.9/docbook/xsl/html/html.xsl
ca6cfd5549ad9cd26a9b72330b4a98cd01da5dc2	db/spec-0.9/docbook/xsl/html/htmltbl.xsl
c207a604a30dec406525e613733e073d1b04f823	db/spec-0.9/docbook/xsl/html/index.xsl
0e99b2283dcdf05441986c7d8904a61dcac6015e	db/spec-0.9/docbook/xsl/html/info.xsl
acaec9f1394d93d83dc5c486b981e5309fad4dc8	db/spec-0.9/docbook/xsl/html/inline.xsl
a95dfeae2d3998581a35834f345a86f92a69b709	db/spec-0.9/docbook/xsl/html/its.xsl
c12e39fc936d23d6e280b743d3592fe049358e48	db/spec-0.9/docbook/xsl/html/keywords.xsl
ab5395e9c448cd8f1e3b1970aa2220075036f41e	db/spec-0.9/docbook/xsl/html/lists.xsl
1ba3931e567c38f3a2bf90d18bb6eb394cbba95a	db/spec-0.9/docbook/xsl/html/maketoc.xsl
01faaccf3c0c6d5769a6361d7caf7f6c49b2ac6f	db/spec-0.9/docbook/xsl/html/manifest.xsl
f71a1cc244b67ab7fd3845b15d2b07478e12c36a	db/spec-0.9/docbook/xsl/html/math.xsl
fe6b17c3beb34b0c02abc85d673fb61531c904bf	db/spec-0.9/docbook/xsl/html/oldchunker.xsl
527dccfdbd56e9f0025dbeea015fc985f5754dd2	db/spec-0.9/docbook/xsl/html/onechunk.xsl
12dcf01ee6c2afd5343239ef00fe1bfa6a7972a2	db/spec-0.9/docbook/xsl/html/param.xml
36541df71e04801ad17b7c3330e457f9b0c5cb28	db/spec-0.9/docbook/xsl/html/param.xsl
9838f14f315d97021c9f649524bf853ac877c633	db/spec-0.9/docbook/xsl/html/pi.xml
be66b4f529a896bf6d9fb14b63475cbbc25d1124	db/spec-0.9/docbook/xsl/html/pi.xsl
36da48b8893ece57403e1641f575018461e3c44b	db/spec-0.9/docbook/xsl/html/profile-chunk-code.xsl
02920b12f397a06b1103bb2a558972a2e5730518	db/spec-0.9/docbook/xsl/html/profile-chunk.xsl
ac3f992ec8efd505189463774dbf5052c7736d1d	db/spec-0.9/docbook/xsl/html/profile-docbook.xsl
325b8b1238e4ffa085099800d2c6153d8dfb32b1	db/spec-0.9/docbook/xsl/html/profile-onechunk.xsl
bfddf666edd466a4103b6a21418c15f44163775b	db/spec-0.9/docbook/xsl/html/publishers.xsl
9c9be65777db1ee6734fe9e87215328bf945d50c	db/spec-0.9/docbook/xsl/html/qandaset.xsl
12953b767d33b731f0e7ca0a21f44bea2d1d4da3	db/spec-0.9/docbook/xsl/html/refentry.xsl
ba5f174a8eb466c8078def263799e13e06228801	db/spec-0.9/docbook/xsl/html/sections.xsl
c5a4326bfc716028d06d8f5ecee0826eea052221	db/spec-0.9/docbook/xsl/html/synop.xsl
c6760b0ef719fd7ed21a3522229b0603ae009939	db/spec-0.9/docbook/xsl/html/table.xsl
c4f19ff21e03183ba9df5f1f031ca86d4dac42f6	db/spec-0.9/docbook/xsl/html/task.xsl
f4f97ababbb27e47213b1372dfb064aa7c2159ac	db/spec-0.9/docbook/xsl/html/titlepage.templates.xml
46912a2308e2bc5841b579066d583fef5dcccb66	db/spec-0.9/docbook/xsl/html/titlepage.templates.xsl
2c086450c1d335924a181cfc5351137932ae94d6	db/spec-0.9/docbook/xsl/html/titlepage.xsl
5882ae8b3cfa8d84a485956fed4180b4ba9ad791	db/spec-0.9/docbook/xsl/html/toc.xsl
7db9a9c6f7dbe9d7d6a2ca20a88e7d5f30ec643b	db/spec-0.9/docbook/xsl/html/verbatim.xsl
941cdfdad074e216baa3b962dd72c57f4607e70c	db/spec-0.9/docbook/xsl/html/xref.xsl
8412dee3153afc6478aa1dbf2288bc75eca1738e	db/spec-0.9/docbook/xsl/lib/build.xml
2ed92333ce85a0b009374204e33cefa46971463f	db/spec-0.9/docbook/xsl/lib/lib.xsl
8d72f3d85f26f883d0ee721e8d5b65b6173b386e	db/spec-0.9/mathml2/html/lat1.ent
3ac3cdc5d574db28beb941b5798123a48a848e2c	db/spec-0.9/mathml2/html/special.ent
7b270699a742bc7cbd13d4b908403f6b4549e0ab	db/spec-0.9/mathml2/html/symbol.ent
18a7406280a9de1995c3e8a9262fab0a7fd679ba	db/spec-0.9/mathml2/iso8879/isoamsa.ent
6e68d6067860863acf1c14494380a93708e709a9	db/spec-0.9/mathml2/iso8879/isoamsb.ent
c825204df310da6401a8d0b15176a62f4a866624	db/spec-0.9/mathml2/iso8879/isoamsc.ent
e2482c52b7eeac2f3a287d7dcfbaf46f5470a544	db/spec-0.9/mathml2/iso8879/isoamsn.ent
9fce88f454a4a18e389dc0d24341aab6efdc35d7	db/spec-0.9/mathml2/iso8879/isoamso.ent
ad0860364396355aa2cd3d2d8ad097914c7d3059	db/spec-0.9/mathml2/iso8879/isoamsr.ent
05e2b1309ea89f6fba59fcb61236678a5b6d6a4f	db/spec-0.9/mathml2/iso8879/isobox.ent
b4149c7454041aa7d7e0daad72412353e2bb9d45	db/spec-0.9/mathml2/iso8879/isocyr1.ent
b038bd9118759dc9997004c652d653c7e051926e	db/spec-0.9/mathml2/iso8879/isocyr2.ent
39ccfcdfe56e9b563f73521c3861447a1c85cd1f	db/spec-0.9/mathml2/iso8879/isodia.ent
1ed96fad866b94adc208a6126344cb0678612f0e	db/spec-0.9/mathml2/iso8879/isogrk1.ent
d8212b4a51219c034171ad74d18e4cd3eea8bfb3	db/spec-0.9/mathml2/iso8879/isogrk2.ent
e62868f0ceb825a6d3a350e44710dc0735768883	db/spec-0.9/mathml2/iso8879/isogrk3.ent
28cba46a1456a4f9e1ef90c8b0af8ec26506b201	db/spec-0.9/mathml2/iso8879/isogrk4.ent
43ae7649d9b54aaf545d7b4db8ec310e337ccf4d	db/spec-0.9/mathml2/iso8879/isolat1.ent
c29b828f1b2a976863611703a387dc86a521dd52	db/spec-0.9/mathml2/iso8879/isolat2.ent
79f4380b2c277349ec0a747f9e0edbcd9c6e3c90	db/spec-0.9/mathml2/iso8879/isonum.ent
9b27b63d6acbbf71acf9ccde7188f1605bf87b5a	db/spec-0.9/mathml2/iso8879/isopub.ent
ee25b5b00c990ce411940ed1e20bab6ebf5d2e9b	db/spec-0.9/mathml2/iso8879/isotech.ent
c413168bfc79c320df99e77bb278c26e7e57c284	db/spec-0.9/mathml2/iso9573-13/isoamsa.ent
b74414ba8ecd67360c3570acc4a9dcfc76a809fd	db/spec-0.9/mathml2/iso9573-13/isoamsb.ent
46ea2217c3ce11803544303d4dcd7aef5e34c3cf	db/spec-0.9/mathml2/iso9573-13/isoamsc.ent
a1df8b737786ee6837d138821bc4b93f63b1ff00	db/spec-0.9/mathml2/iso9573-13/isoamsn.ent
f99cf110cb520b96f26090d39b92fcd5554ef068	db/spec-0.9/mathml2/iso9573-13/isoamso.ent
2251ef17df70fdf421fdea054e82373ecae6f80b	db/spec-0.9/mathml2/iso9573-13/isoamsr.ent
0cbde885f1005878aadb7dbd5f51c5e23cc5ff25	db/spec-0.9/mathml2/iso9573-13/isogrk3.ent
097f90ed8009d22eb4bb20f2b0f0d76689327022	db/spec-0.9/mathml2/iso9573-13/isogrk4.ent
0e1a9438b6a54085afaa6a348bae5e21ce52c9b5	db/spec-0.9/mathml2/iso9573-13/isomfrk.ent
4b264256a71b962af0ea90b33488d0daddeed3f0	db/spec-0.9/mathml2/iso9573-13/isomopf.ent
a2174f05118ee38d0b5bd788cd68969e99cb590a	db/spec-0.9/mathml2/iso9573-13/isomscr.ent
83db0a531ee2d30ab7cba2d356ed8217021faa9d	db/spec-0.9/mathml2/iso9573-13/isotech.ent
afaf4fdf03433b6df1a5046f986fb30c1be2dfca	db/spec-0.9/mathml2/mathml/mmlalias.ent
669f86baef17cefd76ffec5380d4708ca2104768	db/spec-0.9/mathml2/mathml/mmlextra.ent
821ef3da28fcec886e7a4f1ae3b9d1b167b575b9	db/spec-0.9/mathml2/mathml2-qname-1.mod
437ecd8376a1141cd06190758077e9ba22d3327d	db/spec-0.9/mathml2/mathml2.dtd
8b3ce7e8e40f9a6b09b2c2804216ef4b287a3265	db/spec-0.9/mathml2/xhtml-math11-f.dtd
299a6bb6cba288b10b8d6dd79465c7580425e5bb	db/spec-0.9/mathml3/htmlmathml-f.ent
73c43409222308320da1125cc4e1e9066dcee5e4	db/spec-0.9/mathml3/isoamsa.ent
0ed2f1d454c556d2fe84ddd2a26d9ead3d59f055	db/spec-0.9/mathml3/isoamsb.ent
2f22ffb98e54889f1e483e9b8d20af611df75e82	db/spec-0.9/mathml3/isoamsc.ent
7bb9059295ca4b34e1849d7da1cf108dcd8ade3c	db/spec-0.9/mathml3/isoamsn.ent
6c7765f1a2370addeb477f16b196575fab400948	db/spec-0.9/mathml3/isoamso.ent
80a3ea546d76bf6b20e110762b6874ef33217e30	db/spec-0.9/mathml3/isoamsr.ent
4dd69436c84864dd6392fbf26b152920964cf04b	db/spec-0.9/mathml3/isobox.ent
6c631e3a9a88e880449c1ef5a59a9c239a5e910e	db/spec-0.9/mathml3/isocyr1.ent
c4632cb90b47c85ac4e5553e2d326c0be6390cb7	db/spec-0.9/mathml3/isocyr2.ent
f977c204ae44c1495fffe447764f161fb57bd982	db/spec-0.9/mathml3/isodia.ent
cdd734b34036544f69d5e8811a1ebb78437a27fd	db/spec-0.9/mathml3/isogrk3.ent
7ccf900945dc2f016c110cad072c9b65071ef408	db/spec-0.9/mathml3/isolat1.ent
786bdc497f2c09557550a05115d62014f2c10fef	db/spec-0.9/mathml3/isolat2.ent
97257a916178b8bfacc36e04f652bcd02e5e696c	db/spec-0.9/mathml3/isomfrk.ent
2682710fd6ba5724402bae397d9b40fdaa27d2be	db/spec-0.9/mathml3/isomopf.ent
dac95895e23474ff0e99b0aa3a87888bf0443314	db/spec-0.9/mathml3/isomscr.ent
d0c8043e5f99055717a03cbb81ab7695d2beba6a	db/spec-0.9/mathml3/isonum.ent
cca1520e3a1d819edfa317e710002dc51df100b6	db/spec-0.9/mathml3/isopub.ent
ac642f8fa4265815f2e906558d9d932817f321ce	db/spec-0.9/mathml3/isotech.ent
075c34132c3d350ed8ab13bfad75994b207ee29a	db/spec-0.9/mathml3/mathml2-3.dtd
e86cf93126c43e66d282fced60b1bf42489a4431	db/spec-0.9/mathml3/mathml2.dtd
e33a403fa2afbccc434b05a98c6fa83462f4d39b	db/spec-0.9/mathml3/mathml3-qname.mod
4b616dfa130016f85a80a0846ff4eaa4c0d2fdc4	db/spec-0.9/mathml3/mathml3.dtd
5b920471da2175b3323591ab5986fcae097fa48b	db/spec-0.9/mathml3/mmlalias.ent
b0a9af1a7bb6e0adb63d94fb19c00bd652e61d67	db/spec-0.9/mathml3/mmlextra.ent
212dd20aa257fb9efef4514de1a2d1f909302382	db/spec-0.9/mathml3/predefined.ent
744435fc6a1885a55c5b87ec2cde8971bde34ddc	db/spec-0.9/oasis-spec-note.sch
b5f2a86271a10ba5b119a12b46043c9bac56b198	db/spec-0.9/oasis-spec-note.xsl
cec840144cf2d427281d8ce5079ed91e5cfdf614	db/spec-0.9/stylesheets/ibexconfig.xml
62454eb92123b326b9234abec43d429f2f77c5bd	db/spec-0.9/stylesheets/oasis-2020-specification-fo-a4.xsl
d4af74ff4da5255073d0daa9ec73521876ee9577	db/spec-0.9/stylesheets/oasis-2020-specification-html-offline.xsl
6b41256f983744b99b25e779f3af9922c5118687	db/spec-0.9/stylesheets/oasis-2020-specification-html.xsl
ec5e87bbcb78f0e4b2e0661e28e3a072fad239cb	db/spec-0.9/stylesheets/oasis-2025-spec-note-fo-a4.xsl
1628fe04d3ca513dffa2d85ad94feb19a08e532b	db/spec-0.9/stylesheets/oasis-2025-spec-note-html.xsl
d17105efb4e6570d4a7592391d7fa91ad12faecb	db/spec-0.9/stylesheets/oasis-mathml-fo.xsl
74d2ab35b627b38a2b0eb4986835834a4da9520e	db/spec-0.9/stylesheets/oasis-mathml-html.xsl
d79de51cfb62208471e8a943945f28b52f2a997a	db/spec-0.9/stylesheets/oasis-note-fo-a4.xsl
d7860c98d765981c1b6160a24229505a984bd96f	db/spec-0.9/stylesheets/oasis-note-fo-us.xsl
4cc67e38ef21aeaf6d00dad3ada5fdc6e9e001e6	db/spec-0.9/stylesheets/oasis-note-html-offline.xsl
a172ff14f0956356d92a7252b2eae9c9bd991baa	db/spec-0.9/stylesheets/oasis-note-html.xsl
141cba3470911aab1bdede770a6d6ed57281d2fe	db/spec-0.9/stylesheets/oasis-specification-fo-a4.xsl
4acd6303729cfcade0cdff8072d01344585fc7f1	db/spec-0.9/stylesheets/oasis-specification-fo-us.xsl
9fe4a6cf6f583099ef3530e1ae82755977b49bab	db/spec-0.9/stylesheets/oasis-specification-html-offline.xsl
b6834b33e5ba85990f912c0755ce72a1fce50bb4	db/spec-0.9/stylesheets/oasis-specification-html.xsl
e632e9120883d5d5ed572b1cadf3e8d5a751816f	db/spec-0.9/stylesheets/titlepage-2025-fo.xsl
5c48166318b904d38f33aafcb4b9ef7241fe8f4d	db/spec-0.9/stylesheets/titlepage-2025-html.xsl
24ce4d953e422de3b885fdc8fdefd1256a1a7fbb	db/spec-0.9/stylesheets/titlepage-fo.xsl
a83bec4b87fe3f7c7294baa8b369ba7d69ed7ad1	db/spec-0.9/stylesheets/titlepage-html.xsl
de673a0f8f2a29add0e95b30809d56865da8fb72	db/spec-0.9/stylesheets/titlepage-notes-fo.xsl
a83bec4b87fe3f7c7294baa8b369ba7d69ed7ad1	db/spec-0.9/stylesheets/titlepage-notes-html.xsl
87336f2087b45bb18490440eb3ea0ed06768faa7	db/spec-0.9/stylesheets/xslfo-note-pdf.bat
6c5547c79380dc1a7d3c2af806610cd970753ac6	db/spec-0.9/stylesheets/xslfo-spec-pdf.bat
8a65d2334e66a5446ac8b42e4bbff0c644246cc1	endorsed/cva/UBL-DefaultDTQ-2.5.cva
d7e204f2a192d33a321bd4f3381270e5d2d56cbe	endorsed/mod/UBL-Endorsed-Entities-2.5.gc
f7680fd75351de681241b1a8e93fa520d98132b5	endorsed/mod/UBL-Endorsed-Entities-2.5.ods
af10beed49488346f82ef100b49ee56f2e79ef4b	endorsed/mod/UBL-Endorsed-Entities-2.5.xls
d84432693962c80b75acc5553fecd936961f8320	endorsed/mod/summary/ReportLegend1.png
a77f644abb8ff4bb125643ae4fe0a8811129ce1d	endorsed/mod/summary/ReportLegend2.png
688ad495e2b63534afd4381e9a686965365598ed	endorsed/mod/summary/ReportLegend3.png
2636ef73f8aa8fcfa4f72b3dca7b2fbd6f2324d7	endorsed/mod/summary/ReportLegend4.png
c2c47de3d97879e7073cdcd3c75079833793111e	endorsed/mod/summary/readme-Reports.html
98a73917b1df6fe79b951b41a7a1b75d96dcde5b	endorsed/mod/summary/reports/All-UBL-2.5-Documents-Endorsed.html
b2382c86626859a1fce1292924ea62f06a44bed6	endorsed/mod/summary/reports/UBL-ApplicationResponse-2.5-Endorsed.html
ce7e1ce8649cfe2a7f207c4672fa3c78d84ab133	endorsed/mod/summary/reports/UBL-AwardedNotification-2.5-Endorsed.html
0a7f64982d164cab5090fbf99538cd45d8e9805e	endorsed/mod/summary/reports/UBL-BillOfLading-2.5-Endorsed.html
20520df4b1c310b32d61a4d980f7e7515ed21cb2	endorsed/mod/summary/reports/UBL-BusinessCard-2.5-Endorsed.html
0f4d2b7c6713b0385df39a282b39d4c6345481c1	endorsed/mod/summary/reports/UBL-BusinessInformation-2.5-Endorsed.html
a06916a2da4eeeb26126ff9da17b770f072ba871	endorsed/mod/summary/reports/UBL-CallForTenders-2.5-Endorsed.html
8277cf064b8b5cc77f605aa3042162b4005d261c	endorsed/mod/summary/reports/UBL-Catalogue-2.5-Endorsed.html
eeb8dc1475a08c7973f52c4b9f3bf894f570627b	endorsed/mod/summary/reports/UBL-CatalogueDeletion-2.5-Endorsed.html
29c327786b195ee8675161c1497d0c41ba109fee	endorsed/mod/summary/reports/UBL-CatalogueItemSpecificationUpdate-2.5-Endorsed.html
b4d3510fea50f2d81bbb9df1a8d7a2f364656dad	endorsed/mod/summary/reports/UBL-CataloguePricingUpdate-2.5-Endorsed.html
26b0bdb9da3179107a115896e4bc5505b96981f6	endorsed/mod/summary/reports/UBL-CatalogueRequest-2.5-Endorsed.html
01406b143c5e017856591be6c2daded7aee05662	endorsed/mod/summary/reports/UBL-CertificateOfOrigin-2.5-Endorsed.html
d33cdd6b5eea37af98815a8aaf962dbb7c74df7f	endorsed/mod/summary/reports/UBL-CommonSignatureComponents-2.5-Endorsed.html
a1314cda9232b9633d3d5857a56e318d2782123f	endorsed/mod/summary/reports/UBL-CommonTransportationReport-2.5-Endorsed.html
013940f43115878cd051e1ebcda4f605280df7a4	endorsed/mod/summary/reports/UBL-ContractAwardNotice-2.5-Endorsed.html
b6c20d01da08b82505dfa313474f087535f48714	endorsed/mod/summary/reports/UBL-ContractNotice-2.5-Endorsed.html
84218b30e7e485cbe2696dd64b47d75237380a79	endorsed/mod/summary/reports/UBL-CreditNote-2.5-Endorsed.html
7a5421a89a7781b96b886ecaf9ba5f381cc83a60	endorsed/mod/summary/reports/UBL-DebitNote-2.5-Endorsed.html
c2955759578981df520cad48bff544797cbbe6f5	endorsed/mod/summary/reports/UBL-DeliveryNote-2.5-Endorsed.html
27f19c663651d211e291cecfdcbdf90698f2a90e	endorsed/mod/summary/reports/UBL-DespatchAdvice-2.5-Endorsed.html
4eb21cf6ebe10f443874622e613319b2620d2617	endorsed/mod/summary/reports/UBL-DigitalAgreement-2.5-Endorsed.html
552128f9bf3d992b624a00256b3b884644e2d9d5	endorsed/mod/summary/reports/UBL-DigitalCapability-2.5-Endorsed.html
bd54bb40fffa84c06aa82b2cba9746d3d4d4f93e	endorsed/mod/summary/reports/UBL-DocumentStatus-2.5-Endorsed.html
62e25c3e97f0769aa0f17f0106440c9ce23b7fc0	endorsed/mod/summary/reports/UBL-DocumentStatusRequest-2.5-Endorsed.html
766a812be91663a5f98655ce2ec4504a5228740c	endorsed/mod/summary/reports/UBL-ExceptionCriteria-2.5-Endorsed.html
7f39a9ed9d8a349cf63eb5ebf607b4add22df528	endorsed/mod/summary/reports/UBL-ExceptionNotification-2.5-Endorsed.html
68062e1fadb9e6b84b3ec550b4f6e9ea17adbe09	endorsed/mod/summary/reports/UBL-ExportCustomsDeclaration-2.5-Endorsed.html
2f2f430fb2b37977bb38a5ca0c09d6fcf6573549	endorsed/mod/summary/reports/UBL-ExpressionOfInterestRequest-2.5-Endorsed.html
9bb19ce63abdbff7b863039e66654c0d6286491f	endorsed/mod/summary/reports/UBL-ExpressionOfInterestResponse-2.5-Endorsed.html
72da2bf1fd7815ee0ab589f48c2e6039a77014bb	endorsed/mod/summary/reports/UBL-Forecast-2.5-Endorsed.html
61ab3050ede2f0a5173a9aaa52a9618a0079fe55	endorsed/mod/summary/reports/UBL-ForecastRevision-2.5-Endorsed.html
95a88e2ed7e19cfffa78adcfba5f631a34ea01cd	endorsed/mod/summary/reports/UBL-ForwardingInstructions-2.5-Endorsed.html
9f46013685461245d1ba033bf1281851b6359d34	endorsed/mod/summary/reports/UBL-FulfilmentCancellation-2.5-Endorsed.html
04a23de8c2f337956344fb3b2006361e0d56e9cb	endorsed/mod/summary/reports/UBL-GoodsCertificate-2.5-Endorsed.html
6c91fcf8615ea5860d69026cfeaa74da7e89ef26	endorsed/mod/summary/reports/UBL-GoodsItemItinerary-2.5-Endorsed.html
579b4ba8966305bfebf0ad7b5db2fc8a235ce733	endorsed/mod/summary/reports/UBL-GoodsItemPassport-2.5-Endorsed.html
68fae2f43425d0fe6770e417c1941df6a3dbeac3	endorsed/mod/summary/reports/UBL-GuaranteeCertificate-2.5-Endorsed.html
cb453483e01eb49ee1afc71db04933574918c3f4	endorsed/mod/summary/reports/UBL-ImportCustomsDeclaration-2.5-Endorsed.html
8bcb55f9643422ac4255d92a2ea9f45158f65f14	endorsed/mod/summary/reports/UBL-InstructionForReturns-2.5-Endorsed.html
25aa0e6098967b257730815efb29b59469741708	endorsed/mod/summary/reports/UBL-InventoryReport-2.5-Endorsed.html
5c415913e8cf872782878b6bbed5ed4e675c386f	endorsed/mod/summary/reports/UBL-Invoice-2.5-Endorsed.html
1b95d9ecdc3239a5144a4cf7d14fcdfeb9e2ce4d	endorsed/mod/summary/reports/UBL-InvoiceStatusRequest-2.5-Endorsed.html
b5d67b4bb2447b3312e0bd8bc219aeff52aa8380	endorsed/mod/summary/reports/UBL-InvoiceStatusResponse-2.5-Endorsed.html
cf262250b8fbc9e58e9de2cdd966d95a83d9d510	endorsed/mod/summary/reports/UBL-ItemInformationRequest-2.5-Endorsed.html
d4ab9b38cfe4d2715eefc4e83f06e076d25cb9ee	endorsed/mod/summary/reports/UBL-Manifest-2.5-Endorsed.html
ad89fea2b48295dc2ebdb673b52a3da873240ae0	endorsed/mod/summary/reports/UBL-Order-2.5-Endorsed.html
854e015116b19947e869f73a5e659bd6bd25039f	endorsed/mod/summary/reports/UBL-OrderCancellation-2.5-Endorsed.html
5a4237d3fcae9077bd4c71e7361a1241d1aeb463	endorsed/mod/summary/reports/UBL-OrderChange-2.5-Endorsed.html
8d67ba11f5df2c87b3f5f7f0ee7c87d37e17cc35	endorsed/mod/summary/reports/UBL-OrderResponse-2.5-Endorsed.html
f956c83449b5e4bda6649660d1953a62910fc169	endorsed/mod/summary/reports/UBL-PackingList-2.5-Endorsed.html
98bfd5f7763564f7d4ded54b8b37f9e9744c2227	endorsed/mod/summary/reports/UBL-PriorInformationNotice-2.5-Endorsed.html
a91b94b7b2c6608cb2d8d5024461768389f205d6	endorsed/mod/summary/reports/UBL-ProcurementStatus-2.5-Endorsed.html
5e3d1eb9555572756439985873652dba7e8e43cc	endorsed/mod/summary/reports/UBL-ProcurementStatusRequest-2.5-Endorsed.html
a4bcd3369b5712c237f5e12d02bfc66e4592b237	endorsed/mod/summary/reports/UBL-ProductActivity-2.5-Endorsed.html
dd72be7e69f43a564c2c88c05cfa76a644951981	endorsed/mod/summary/reports/UBL-ProofOfReexportation-2.5-Endorsed.html
86a36ae161e613791d5a1fd4185d69c7f1f7b17d	endorsed/mod/summary/reports/UBL-ProofOfReexportationReminder-2.5-Endorsed.html
f222dbc3812ccf83fad7f98bec58e7f3e71e274d	endorsed/mod/summary/reports/UBL-ProofOfReexportationRequest-2.5-Endorsed.html
c69e7226facc23a4ad8d26a040d8f77f40527135	endorsed/mod/summary/reports/UBL-PurchaseReceipt-2.5-Endorsed.html
52826961f96f8486e9b79934b8093f3bf956d253	endorsed/mod/summary/reports/UBL-QualificationApplicationRequest-2.5-Endorsed.html
9f9b2e2bac17962ae4f208891d24d2e2bda6e72d	endorsed/mod/summary/reports/UBL-QualificationApplicationResponse-2.5-Endorsed.html
86aec61bc83c165ed867db7a41b0385c8099a8af	endorsed/mod/summary/reports/UBL-Quotation-2.5-Endorsed.html
93656955605ae52d7008c5b185a35c2e361a3b46	endorsed/mod/summary/reports/UBL-ReceiptAdvice-2.5-Endorsed.html
3d42248f22ae782c65a673db73ed2e2cd8a1ac28	endorsed/mod/summary/reports/UBL-Reminder-2.5-Endorsed.html
0fd94cf112d9f8692dc2e4a2676b14a10c0e057e	endorsed/mod/summary/reports/UBL-RemittanceAdvice-2.5-Endorsed.html
711aa6d22a39da30fea221aef7f04a3b1186b3ee	endorsed/mod/summary/reports/UBL-RequestForQuotation-2.5-Endorsed.html
d67ab1bb9a8a0b7085f86f54a2581c5e7dbe1c91	endorsed/mod/summary/reports/UBL-RetailEvent-2.5-Endorsed.html
4320ff1e4d94faf4caeee44d98286f1eb436f635	endorsed/mod/summary/reports/UBL-SelfBilledCreditNote-2.5-Endorsed.html
ef7f6592fd99ac432f34863e84bc37ee966e3754	endorsed/mod/summary/reports/UBL-SelfBilledInvoice-2.5-Endorsed.html
2f07661414779fb5a3c60dee81b1454be4b9082c	endorsed/mod/summary/reports/UBL-Statement-2.5-Endorsed.html
318f6a836fb97a679d35fffb20bfc8574e24ad05	endorsed/mod/summary/reports/UBL-Tender-2.5-Endorsed.html
cc184eebcb26eaa9cc36a0f4dc9317e0063b24f3	endorsed/mod/summary/reports/UBL-TenderContract-2.5-Endorsed.html
90812f02c96eb2e011498d968089b5833caddb46	endorsed/mod/summary/reports/UBL-TenderReceipt-2.5-Endorsed.html
cc2108ab90fa41682aa9c318288daad862844491	endorsed/mod/summary/reports/UBL-TenderWithdrawal-2.5-Endorsed.html
0b0fad384978ba90d97cee97397d1e7f5b512ae5	endorsed/mod/summary/reports/UBL-TendererQualification-2.5-Endorsed.html
c6d4e39b389be0a0be70e0635ad1020d611e908d	endorsed/mod/summary/reports/UBL-TendererQualificationResponse-2.5-Endorsed.html
c03758069baddad9a04fa5a6556ce4b528024479	endorsed/mod/summary/reports/UBL-TradeItemLocationProfile-2.5-Endorsed.html
8942ebae1d13f6a35c6529e3aedb469d7d2757b6	endorsed/mod/summary/reports/UBL-TransitCustomsDeclaration-2.5-Endorsed.html
09c9f186dbcad3e63d84e0fe863d6557dd0fd22c	endorsed/mod/summary/reports/UBL-TransportExecutionPlan-2.5-Endorsed.html
9cf0675133f2e8b636e2a646738e79a55bff075f	endorsed/mod/summary/reports/UBL-TransportExecutionPlanRequest-2.5-Endorsed.html
6fb95c2455bfb6a04a0e12409adb4b7899b4893a	endorsed/mod/summary/reports/UBL-TransportProgressStatus-2.5-Endorsed.html
57048d40bd1c461acc8a3ddf99825f929b10c24a	endorsed/mod/summary/reports/UBL-TransportProgressStatusRequest-2.5-Endorsed.html
b92810bbb9a414e2f825b15204f4b2bbf6104f84	endorsed/mod/summary/reports/UBL-TransportServiceDescription-2.5-Endorsed.html
592060c8ba3d4b07af1c34a04f257b0c736bbb0e	endorsed/mod/summary/reports/UBL-TransportServiceDescriptionRequest-2.5-Endorsed.html
e578eb4c33dd1e7b8db2f074837c2a1c87f22c6c	endorsed/mod/summary/reports/UBL-TransportationStatus-2.5-Endorsed.html
4ab791cda67abb4c9eb42651befdfebdadd9122a	endorsed/mod/summary/reports/UBL-TransportationStatusRequest-2.5-Endorsed.html
d395f9fd92dc4fb046d8648056147dfa4ec8e319	endorsed/mod/summary/reports/UBL-UnawardedNotification-2.5-Endorsed.html
62d89395322c70526ff9389b799b00ca13b751db	endorsed/mod/summary/reports/UBL-UnsubscribeFromProcedureRequest-2.5-Endorsed.html
83f4b557baef41008b7fb570619b3f0216b4f24d	endorsed/mod/summary/reports/UBL-UnsubscribeFromProcedureResponse-2.5-Endorsed.html
dc1d2e11ca1088c0a7ddd57ae0a14e372e99d53c	endorsed/mod/summary/reports/UBL-UtilityStatement-2.5-Endorsed.html
4c5cbe4013bbbd7fd9877b466314c8d5abc4194f	endorsed/mod/summary/reports/UBL-WasteMovement-2.5-Endorsed.html
50060c05fb99902d3020d9e68a5cec8ae972e413	endorsed/mod/summary/reports/UBL-WasteNotification-2.5-Endorsed.html
a17ae86f4c7ebadb6cf9556de5881efa6569a6db	endorsed/mod/summary/reports/UBL-Waybill-2.5-Endorsed.html
db1307105a4df6d0d0bf1641af5d1d35966cebac	endorsed/mod/summary/reports/UBL-WeightStatement-2.5-Endorsed.html
03c146f15c77a62e74648c5da1b48eb04fe2008c	endorsed/mod/summary/reports/UBL-WorkReport-2.5-Endorsed.html
82d9d3ebf1a1cb9b5e690b433fd911a1c54a65c7	endorsed/xsd/common/BDNDR-CCTS_CCT_SchemaModule-1.1.xsd
a5788876f702dad09e9c1eaf5f3a613d80f54393	endorsed/xsd/common/BDNDR-UnqualifiedDataTypes-1.1.xsd
d29f12541b2269bf633e301d934eade874e0647d	endorsed/xsd/common/UBL-CommonAggregateComponents-2.5.xsd
5111ee2cd92a6787c4dba4dd78823c8ba8c78c6a	endorsed/xsd/common/UBL-CommonBasicComponents-2.5.xsd
548333405d8472e47d6de7ff7b80e9a00208cfff	endorsed/xsd/common/UBL-CommonExtensionComponents-2.5.xsd
4ee5f25c40625a982f0fafda6c2f3756523f3e04	endorsed/xsd/common/UBL-CommonSignatureComponents-2.5.xsd
446edc04f9907d593b4a681bd6cd09f118e499bf	endorsed/xsd/common/UBL-ExtensionContentDataType-2.5.xsd
721600330662551f5671d9d399a1a27c506188f5	endorsed/xsd/common/UBL-QualifiedDataTypes-2.5.xsd
7aba0db33e0c24ad1a0872fe1bdcd785def33b40	endorsed/xsd/common/UBL-SignatureAggregateComponents-2.5.xsd
fdb150c2e85214e0a10d50c12f1e7dfbbc11d6e1	endorsed/xsd/common/UBL-SignatureBasicComponents-2.5.xsd
5b20275af901a2137763c39256b5bea5185ce537	endorsed/xsd/common/UBL-XAdES01903v132-201601-2.5.xsd
bd13f3cebb262f42803ad80ec06dd627f4da765c	endorsed/xsd/common/UBL-XAdES01903v141-201601-2.5.xsd
f1370b03318936743cab8935b6d0d4bb2a228d05	endorsed/xsd/common/UBL-xmldsig-core-schema-2.5.xsd
3cc20b02cec24ce8cd5c601271d56105931bd4ce	endorsed/xsd/common/UBL-xmldsig1-schema-2.5.xsd
ea7ca1dbda87978ee2b013122c793c1669fae1f3	endorsed/xsd/common/UBL-xmldsig11-schema-2.5.xsd
66f915728a7a2454a3e86ad62cf3bebf2a000848	endorsed/xsd/maindoc/UBL-ApplicationResponse-2.5.xsd
e73e3966b9d251d61f3eee710a7bbefa0186b4d5	endorsed/xsd/maindoc/UBL-AwardedNotification-2.5.xsd
01c0af17a8e95ccf45f528a095e13303a012f71d	endorsed/xsd/maindoc/UBL-BillOfLading-2.5.xsd
39a729975df47ce08b8208ac7252019a06178c6e	endorsed/xsd/maindoc/UBL-BusinessCard-2.5.xsd
6606f4dc03edae7a213d414895280e49048f2d87	endorsed/xsd/maindoc/UBL-BusinessInformation-2.5.xsd
8e33db81dab5e63058f80b04d39940ea17022425	endorsed/xsd/maindoc/UBL-CallForTenders-2.5.xsd
9af2ec47c55b4e3f1dba09bacc7adca0c20fd7cf	endorsed/xsd/maindoc/UBL-Catalogue-2.5.xsd
15a326855e732d357cd00cf42b4b97bf90640576	endorsed/xsd/maindoc/UBL-CatalogueDeletion-2.5.xsd
5724ff5a707a4afbe1b68a4bb07215495319bb0c	endorsed/xsd/maindoc/UBL-CatalogueItemSpecificationUpdate-2.5.xsd
fe55772eed711af7e2bbe494486523ee37e3c0c9	endorsed/xsd/maindoc/UBL-CataloguePricingUpdate-2.5.xsd
740d0408aa8050c454c2b898b0c4cbba6fb9800d	endorsed/xsd/maindoc/UBL-CatalogueRequest-2.5.xsd
09e21764c5badf9c51fbe4237fa53af7ffed158a	endorsed/xsd/maindoc/UBL-CertificateOfOrigin-2.5.xsd
a701252ef76ac846c34a2dd9832c07d192d693e0	endorsed/xsd/maindoc/UBL-CommonTransportationReport-2.5.xsd
a4f3af24baef68828bafb035707f638872962181	endorsed/xsd/maindoc/UBL-ContractAwardNotice-2.5.xsd
cd6099a95605318c57c9f3a38105768d0ea42e7e	endorsed/xsd/maindoc/UBL-ContractNotice-2.5.xsd
f827e18e04afda0abf0e4214e1a61b3b0cde5a55	endorsed/xsd/maindoc/UBL-CreditNote-2.5.xsd
9289f101c4ed0f3c1e157226512e988bf4040b4b	endorsed/xsd/maindoc/UBL-DebitNote-2.5.xsd
dd8c73d01bd046ff679d5ebf00cccb68337a0061	endorsed/xsd/maindoc/UBL-DeliveryNote-2.5.xsd
878ba4f2cdb53ac811472df8537e5d178bee656b	endorsed/xsd/maindoc/UBL-DespatchAdvice-2.5.xsd
23dee938a51a44833ee0bd4e4217678d8e9c33f2	endorsed/xsd/maindoc/UBL-DigitalAgreement-2.5.xsd
982d61b6c36832922e0d196c5aaa30c8cf54fd4b	endorsed/xsd/maindoc/UBL-DigitalCapability-2.5.xsd
44bc552381cbd680b244fb62f7dccb09478c2ab0	endorsed/xsd/maindoc/UBL-DocumentStatus-2.5.xsd
a4aa0d47a92a6d981cb72be573c098d8d42ce5b4	endorsed/xsd/maindoc/UBL-DocumentStatusRequest-2.5.xsd
2d25b994d7649a5817317c1d26aa03492345fdc7	endorsed/xsd/maindoc/UBL-ExceptionCriteria-2.5.xsd
42de27848946f20be9c47575196a06248ec6c722	endorsed/xsd/maindoc/UBL-ExceptionNotification-2.5.xsd
c78ea368035554dc521d6d132282e11c779166d9	endorsed/xsd/maindoc/UBL-ExportCustomsDeclaration-2.5.xsd
f4c44918bce01b221cfe79b5b83f5fa8786001a9	endorsed/xsd/maindoc/UBL-ExpressionOfInterestRequest-2.5.xsd
9e9edfcf07478d255eb05447255050b6fd6df067	endorsed/xsd/maindoc/UBL-ExpressionOfInterestResponse-2.5.xsd
55a71c4ec4cfc28f7ae2aaef957d23a5407920b0	endorsed/xsd/maindoc/UBL-Forecast-2.5.xsd
8f9bf9af64756f87043d6ce2e5ae7c5890a86e91	endorsed/xsd/maindoc/UBL-ForecastRevision-2.5.xsd
68b9eecfc438d1f1f8629c540de42f466b887738	endorsed/xsd/maindoc/UBL-ForwardingInstructions-2.5.xsd
67cc33d75e4584ea320a03dd8f1af4f54788a113	endorsed/xsd/maindoc/UBL-FulfilmentCancellation-2.5.xsd
5577391dd111fd31c0e4d3e6b74edc58f8af1a16	endorsed/xsd/maindoc/UBL-GoodsCertificate-2.5.xsd
ad4a586e7446998854154012f0cadcf0377037d9	endorsed/xsd/maindoc/UBL-GoodsItemItinerary-2.5.xsd
de737335c8afbc860e1387c0e2534db65b4cea11	endorsed/xsd/maindoc/UBL-GoodsItemPassport-2.5.xsd
80ec48e084579b782ab38e21306ba062a47c7e50	endorsed/xsd/maindoc/UBL-GuaranteeCertificate-2.5.xsd
c0ceacc840910a1a7bce72a0572727569b8bd5fd	endorsed/xsd/maindoc/UBL-ImportCustomsDeclaration-2.5.xsd
0d245dbe1f4753c88478b5deb3bbb31da7335571	endorsed/xsd/maindoc/UBL-InstructionForReturns-2.5.xsd
23f6ec8887d473e5b603df87b03e0756cb92d0ba	endorsed/xsd/maindoc/UBL-InventoryReport-2.5.xsd
ce4dde19dbcc77ea72517e5060de7117a8c17954	endorsed/xsd/maindoc/UBL-Invoice-2.5.xsd
b44d95239710e0ee406569cd49e514fa5146addc	endorsed/xsd/maindoc/UBL-InvoiceStatusRequest-2.5.xsd
a3319b48d2d97c4547e854f7f7076fb7b918137e	endorsed/xsd/maindoc/UBL-InvoiceStatusResponse-2.5.xsd
8cb476994556224ad092ab1a150b8f2d2a575410	endorsed/xsd/maindoc/UBL-ItemInformationRequest-2.5.xsd
6905d01d73307947851478c786a1d289b6e68c40	endorsed/xsd/maindoc/UBL-Manifest-2.5.xsd
7892df46c7d1a55e1214e2f502943dc5c0b4ee21	endorsed/xsd/maindoc/UBL-Order-2.5.xsd
9cb23fe42d5e57fafa1cbec44111419cd40a62f2	endorsed/xsd/maindoc/UBL-OrderCancellation-2.5.xsd
2a014a020b5bb4099c89d9d23c960566ca7649de	endorsed/xsd/maindoc/UBL-OrderChange-2.5.xsd
1623f321c60d2c3c81bb740a2a17a985875afd64	endorsed/xsd/maindoc/UBL-OrderResponse-2.5.xsd
7e0433d1637bf2ba416678a07e6974ea36ab104c	endorsed/xsd/maindoc/UBL-PackingList-2.5.xsd
52d5b26c84c1d76e9d541726eccfe6c17180f752	endorsed/xsd/maindoc/UBL-PriorInformationNotice-2.5.xsd
dc42a507382307c1a5a95464e0b2ced183c6619a	endorsed/xsd/maindoc/UBL-ProcurementStatus-2.5.xsd
95f565ab733059401a98f18463e00de66c9983c8	endorsed/xsd/maindoc/UBL-ProcurementStatusRequest-2.5.xsd
918de106d0c20c390fdb369f9192690bc30f2959	endorsed/xsd/maindoc/UBL-ProductActivity-2.5.xsd
cea4b322e9df27c5e2a84bf29581c56826bf8a0a	endorsed/xsd/maindoc/UBL-ProofOfReexportation-2.5.xsd
5c39b9b6c3ad590e9111e300d139ea2495550a2b	endorsed/xsd/maindoc/UBL-ProofOfReexportationReminder-2.5.xsd
489192618791e4e0d731b5e0b1424b70c3114be4	endorsed/xsd/maindoc/UBL-ProofOfReexportationRequest-2.5.xsd
543eeb3224ab74571c0703f6b57cb69e45614b86	endorsed/xsd/maindoc/UBL-PurchaseReceipt-2.5.xsd
2f0284fc3664cfaa1a12d9215016fc11e779cb79	endorsed/xsd/maindoc/UBL-QualificationApplicationRequest-2.5.xsd
85674451f2033db7fc2ef007f06ceea5d54c2cad	endorsed/xsd/maindoc/UBL-QualificationApplicationResponse-2.5.xsd
b56b4ed0dee120a962447a7e61c293aede9a9333	endorsed/xsd/maindoc/UBL-Quotation-2.5.xsd
5714a20bd635ee9ec85712bb25dfaa4aa72fd4a0	endorsed/xsd/maindoc/UBL-ReceiptAdvice-2.5.xsd
40df778a7513a8df4763f6f948cf574e65c11ddb	endorsed/xsd/maindoc/UBL-Reminder-2.5.xsd
5a91b60eee54f4861c551bcec34569330be41aca	endorsed/xsd/maindoc/UBL-RemittanceAdvice-2.5.xsd
d8b237b777d688b6ab4c8afe0ecfa46cfe5f2e51	endorsed/xsd/maindoc/UBL-RequestForQuotation-2.5.xsd
aaede6cee6dc1b29fbf2c418c42edcced63b3940	endorsed/xsd/maindoc/UBL-RetailEvent-2.5.xsd
55c9f20ce47b6b58eab6678dea48c53e1f77901a	endorsed/xsd/maindoc/UBL-SelfBilledCreditNote-2.5.xsd
83988710e5afde7a2fc740e298d3b51073d62177	endorsed/xsd/maindoc/UBL-SelfBilledInvoice-2.5.xsd
0db8b493da50c1099ff5b8b601ddf950ca4eb3a9	endorsed/xsd/maindoc/UBL-Statement-2.5.xsd
8592ffac8bd2dafef7b0063f376687d9d2b0df5b	endorsed/xsd/maindoc/UBL-Tender-2.5.xsd
e5943ee840d1fa72187cb28930a6c8bdc39d01c2	endorsed/xsd/maindoc/UBL-TenderContract-2.5.xsd
9bf4d4bddb7754498ead448f2ae201b816e4a9f9	endorsed/xsd/maindoc/UBL-TenderReceipt-2.5.xsd
e595af7f2aae60d5f0dcca09b84f569198dc47aa	endorsed/xsd/maindoc/UBL-TenderWithdrawal-2.5.xsd
8fd1ab32e1767bb8b6d3cf3687725c5ad5955da8	endorsed/xsd/maindoc/UBL-TendererQualification-2.5.xsd
a4c260073efea783d06937ba72d4db603cf61e04	endorsed/xsd/maindoc/UBL-TendererQualificationResponse-2.5.xsd
934694d5b348280680769ee8bb79d235aff721a7	endorsed/xsd/maindoc/UBL-TradeItemLocationProfile-2.5.xsd
6da4fe08a20fe3720d5877b5bcddeb5b1aca8bb9	endorsed/xsd/maindoc/UBL-TransitCustomsDeclaration-2.5.xsd
a7b00416c3f3907e4f3ab7bca8c3496587ee60b4	endorsed/xsd/maindoc/UBL-TransportExecutionPlan-2.5.xsd
165d80613b0784936b0e9fb3804c8e0b8cfc470b	endorsed/xsd/maindoc/UBL-TransportExecutionPlanRequest-2.5.xsd
b35fc27dfbd61738f2c6220bf00454e0679e562e	endorsed/xsd/maindoc/UBL-TransportProgressStatus-2.5.xsd
e19433c6759737570da821cb56b0602f69a87c55	endorsed/xsd/maindoc/UBL-TransportProgressStatusRequest-2.5.xsd
64e8ceb01a3b2e46a554dfbb892fa113bad22516	endorsed/xsd/maindoc/UBL-TransportServiceDescription-2.5.xsd
a5d8771b64e2f977fb1dc08cf114d60d23f9eaaa	endorsed/xsd/maindoc/UBL-TransportServiceDescriptionRequest-2.5.xsd
987cf022983dad73a4032b7cbd9cd791e7ba235a	endorsed/xsd/maindoc/UBL-TransportationStatus-2.5.xsd
05402c2b2deb3fa95308bde8f6b8ea44b92c3e49	endorsed/xsd/maindoc/UBL-TransportationStatusRequest-2.5.xsd
9959ef782ea4c19f4bccee0ad55aace42ab05f79	endorsed/xsd/maindoc/UBL-UnawardedNotification-2.5.xsd
0c479ef3a9e975ab04d6a746285f96f8dbe78c40	endorsed/xsd/maindoc/UBL-UnsubscribeFromProcedureRequest-2.5.xsd
e18bd1aa7c239bb689db43fd2409a7f4a4215a3a	endorsed/xsd/maindoc/UBL-UnsubscribeFromProcedureResponse-2.5.xsd
fcf89dc31d8c01221912b08fe6622cbab65208df	endorsed/xsd/maindoc/UBL-UtilityStatement-2.5.xsd
f630995163bde0b50c0a82107d44e864f9ea1fb6	endorsed/xsd/maindoc/UBL-WasteMovement-2.5.xsd
284ea62c1f2f9485154e636c250ce3860a1e053a	endorsed/xsd/maindoc/UBL-WasteNotification-2.5.xsd
708bcf70e016d4c1c7140fcbeec630b708ec522e	endorsed/xsd/maindoc/UBL-Waybill-2.5.xsd
e472b500c333d6339dc80024db6e859a23b6f786	endorsed/xsd/maindoc/UBL-WeightStatement-2.5.xsd
100654bcdc7e24b9c5ba233fe0e7a27513c64981	endorsed/xsd/maindoc/UBL-WorkReport-2.5.xsd
5be7ba1d7ad7fe2c561ddc5918899a665d28c6b8	endorsed/xsdrt/common/BDNDR-CCTS_CCT_SchemaModule-1.1.xsd
4a3a80b44e48af7fc5ab61ac72ab001fbc9668b1	endorsed/xsdrt/common/BDNDR-UnqualifiedDataTypes-1.1.xsd
a327d05d20cbebd7fbdedc03423968fb0514a9cd	endorsed/xsdrt/common/UBL-CommonAggregateComponents-2.5.xsd
017805cf207e8eb20f3c402c34cec4314c08efc1	endorsed/xsdrt/common/UBL-CommonBasicComponents-2.5.xsd
548333405d8472e47d6de7ff7b80e9a00208cfff	endorsed/xsdrt/common/UBL-CommonExtensionComponents-2.5.xsd
4ee5f25c40625a982f0fafda6c2f3756523f3e04	endorsed/xsdrt/common/UBL-CommonSignatureComponents-2.5.xsd
446edc04f9907d593b4a681bd6cd09f118e499bf	endorsed/xsdrt/common/UBL-ExtensionContentDataType-2.5.xsd
a2edf96d5c8a194b943aaf51a41244838a079343	endorsed/xsdrt/common/UBL-QualifiedDataTypes-2.5.xsd
553234b582539e3132bf0de584bdebf041fc6d24	endorsed/xsdrt/common/UBL-SignatureAggregateComponents-2.5.xsd
c798859628d543fc7d7632f789be121c40ff4895	endorsed/xsdrt/common/UBL-SignatureBasicComponents-2.5.xsd
5b20275af901a2137763c39256b5bea5185ce537	endorsed/xsdrt/common/UBL-XAdES01903v132-201601-2.5.xsd
bd13f3cebb262f42803ad80ec06dd627f4da765c	endorsed/xsdrt/common/UBL-XAdES01903v141-201601-2.5.xsd
f1370b03318936743cab8935b6d0d4bb2a228d05	endorsed/xsdrt/common/UBL-xmldsig-core-schema-2.5.xsd
3cc20b02cec24ce8cd5c601271d56105931bd4ce	endorsed/xsdrt/common/UBL-xmldsig1-schema-2.5.xsd
ea7ca1dbda87978ee2b013122c793c1669fae1f3	endorsed/xsdrt/common/UBL-xmldsig11-schema-2.5.xsd
cbe59b5c4b23f8ca4fb20e879ee1cd680eb0eae3	endorsed/xsdrt/maindoc/UBL-ApplicationResponse-2.5.xsd
6e9a23b3c6d7b38eedded5496c5c2cdc1bedc083	endorsed/xsdrt/maindoc/UBL-AwardedNotification-2.5.xsd
82a4b6aa25f7a100eb83c5c1aad03fcb00b27bef	endorsed/xsdrt/maindoc/UBL-BillOfLading-2.5.xsd
1f98255f248ff6c1b5fca2a1a7cc8ff085f39c42	endorsed/xsdrt/maindoc/UBL-BusinessCard-2.5.xsd
94ae632fa20a232f43a9bdeb14c608308e4ce673	endorsed/xsdrt/maindoc/UBL-BusinessInformation-2.5.xsd
0f97f6b99d39367ca52938900046c6b1895b21be	endorsed/xsdrt/maindoc/UBL-CallForTenders-2.5.xsd
e7a4b5ad3e773fb8b1b06bdfed911a1a9617d976	endorsed/xsdrt/maindoc/UBL-Catalogue-2.5.xsd
b223f7b584add5b0541ea2e1cea910b65bca89f8	endorsed/xsdrt/maindoc/UBL-CatalogueDeletion-2.5.xsd
a05489044736c001ffb92834d6062ec85e0fed53	endorsed/xsdrt/maindoc/UBL-CatalogueItemSpecificationUpdate-2.5.xsd
07c540f0ec636ac834c9db36fbc334b91e0d378c	endorsed/xsdrt/maindoc/UBL-CataloguePricingUpdate-2.5.xsd
4acd49f3862e68515bf0816da08bb6fca6f15f61	endorsed/xsdrt/maindoc/UBL-CatalogueRequest-2.5.xsd
22e264c671dda2dd6dee23097ad88fa031b7269a	endorsed/xsdrt/maindoc/UBL-CertificateOfOrigin-2.5.xsd
d367d4ba66b6bac30e33a43592351917caa8e723	endorsed/xsdrt/maindoc/UBL-CommonTransportationReport-2.5.xsd
4cb78973b6bb99983c1de364e292cc717b922405	endorsed/xsdrt/maindoc/UBL-ContractAwardNotice-2.5.xsd
2fd2c93d8988401ab0405a9441528efd188f552c	endorsed/xsdrt/maindoc/UBL-ContractNotice-2.5.xsd
96414eaaeb3696ebff12078f7c4ddacabff56051	endorsed/xsdrt/maindoc/UBL-CreditNote-2.5.xsd
2b7a8b5d0c4016e8cb339e8065d4bc34d50077f1	endorsed/xsdrt/maindoc/UBL-DebitNote-2.5.xsd
95ba8020d0ddd2e2e2d362a9d96d872b5926c5f7	endorsed/xsdrt/maindoc/UBL-DeliveryNote-2.5.xsd
eb233df41f5bf0dfbb0f329f6866d198dd753007	endorsed/xsdrt/maindoc/UBL-DespatchAdvice-2.5.xsd
a0f385a97e994ce8487f3881632a003c29353294	endorsed/xsdrt/maindoc/UBL-DigitalAgreement-2.5.xsd
ce38393d70e384875544370b025dbb18831a8ab6	endorsed/xsdrt/maindoc/UBL-DigitalCapability-2.5.xsd
b782445a8253bbfb52fc102c57edc6ddf11709f9	endorsed/xsdrt/maindoc/UBL-DocumentStatus-2.5.xsd
dd72f8fe936f1b486001146c8cc8f8ab4dd8d0eb	endorsed/xsdrt/maindoc/UBL-DocumentStatusRequest-2.5.xsd
f98e827120e98e2b19292445740bfa61a21cf876	endorsed/xsdrt/maindoc/UBL-ExceptionCriteria-2.5.xsd
9587ceb285e2794af13d71fb3c927cd1ddc1d03a	endorsed/xsdrt/maindoc/UBL-ExceptionNotification-2.5.xsd
68f9a73e8b8e75a1e7e11183ec326b041f27db68	endorsed/xsdrt/maindoc/UBL-ExportCustomsDeclaration-2.5.xsd
8176c1d0315a429cadbd4040d7ead48e2fb41809	endorsed/xsdrt/maindoc/UBL-ExpressionOfInterestRequest-2.5.xsd
7f646966cf83f1a2267dbd93f898538690b4a44f	endorsed/xsdrt/maindoc/UBL-ExpressionOfInterestResponse-2.5.xsd
775dabb85e2db2e6333d78afdae770382f2cda7a	endorsed/xsdrt/maindoc/UBL-Forecast-2.5.xsd
bade82c7e15c60d4bf0159755b7d9f680c96bc91	endorsed/xsdrt/maindoc/UBL-ForecastRevision-2.5.xsd
20b355bbfdb33eec883994e013ec38fb95e237b2	endorsed/xsdrt/maindoc/UBL-ForwardingInstructions-2.5.xsd
4aac066f6763dab7bfb6849a05aba712ca4bc1b8	endorsed/xsdrt/maindoc/UBL-FulfilmentCancellation-2.5.xsd
be2d6364247da5c16c28b63a009eb28c907d67ad	endorsed/xsdrt/maindoc/UBL-GoodsCertificate-2.5.xsd
892290cad47e41832d041ce87096e47daa74634b	endorsed/xsdrt/maindoc/UBL-GoodsItemItinerary-2.5.xsd
7dfff6d04dbd0827299ddbdcad6ef1f6b01b9593	endorsed/xsdrt/maindoc/UBL-GoodsItemPassport-2.5.xsd
c001ee9ed1dae81383a8c686560e0c8ff28d5978	endorsed/xsdrt/maindoc/UBL-GuaranteeCertificate-2.5.xsd
3f119df7894218b5c834eb4131f408d1187f481f	endorsed/xsdrt/maindoc/UBL-ImportCustomsDeclaration-2.5.xsd
0791696a779caef0c93d01ccfd750fffe0ec0381	endorsed/xsdrt/maindoc/UBL-InstructionForReturns-2.5.xsd
de1a33d7ce0010edfbb5888dd5db56179791ad6b	endorsed/xsdrt/maindoc/UBL-InventoryReport-2.5.xsd
9c916839f1a406ac54d9720c361124377e22df77	endorsed/xsdrt/maindoc/UBL-Invoice-2.5.xsd
8b25c55a89979d701cc945b72539b33ddd24d94a	endorsed/xsdrt/maindoc/UBL-InvoiceStatusRequest-2.5.xsd
73bf1721b40fce6bbcd4db1de9644b686b4934e3	endorsed/xsdrt/maindoc/UBL-InvoiceStatusResponse-2.5.xsd
fc9a192a5fdeddffc610f5d9b56fc17f382fc8df	endorsed/xsdrt/maindoc/UBL-ItemInformationRequest-2.5.xsd
423c3747cf1a6ad57e474b7ab488688187bbc7da	endorsed/xsdrt/maindoc/UBL-Manifest-2.5.xsd
306e47a68c235511fb1e51efdacad4e2916b3ad1	endorsed/xsdrt/maindoc/UBL-Order-2.5.xsd
490fb14c0c2a34bbb4ffd69cde86095e5a5bb86e	endorsed/xsdrt/maindoc/UBL-OrderCancellation-2.5.xsd
c78911dfafa570ef67b0bd17f5da5037382f5768	endorsed/xsdrt/maindoc/UBL-OrderChange-2.5.xsd
688b74e511a62fb765b48525b2cb8b5b62582602	endorsed/xsdrt/maindoc/UBL-OrderResponse-2.5.xsd
f03f9b61bba04061e0b4c00979d5eb6eba288654	endorsed/xsdrt/maindoc/UBL-PackingList-2.5.xsd
1336d6a1b41e37266c953cbee3346fe68ddd304b	endorsed/xsdrt/maindoc/UBL-PriorInformationNotice-2.5.xsd
4887aa44eb27774a35da16317e97d00768483afe	endorsed/xsdrt/maindoc/UBL-ProcurementStatus-2.5.xsd
2cda0000cc7ef9ea983ecca2e5410dac5e8be5bb	endorsed/xsdrt/maindoc/UBL-ProcurementStatusRequest-2.5.xsd
29d432af77b49ddfc520148c6b500a828482314e	endorsed/xsdrt/maindoc/UBL-ProductActivity-2.5.xsd
c4b93aee55d8f6a9746c04ed72a1d0bed02806d4	endorsed/xsdrt/maindoc/UBL-ProofOfReexportation-2.5.xsd
bf36c3defbb0ba53f51a09fca30d67cfe4b4fae0	endorsed/xsdrt/maindoc/UBL-ProofOfReexportationReminder-2.5.xsd
3350de6ac74b6dc4f4bdbc04c1ba24b8033e729d	endorsed/xsdrt/maindoc/UBL-ProofOfReexportationRequest-2.5.xsd
b6de91b3c26c5d68c867781add6a7b35e09019bd	endorsed/xsdrt/maindoc/UBL-PurchaseReceipt-2.5.xsd
260d643caf94c899849a28104d313426afd814fa	endorsed/xsdrt/maindoc/UBL-QualificationApplicationRequest-2.5.xsd
881bb1735d9b7ce03764b15578cc0cde4ac03402	endorsed/xsdrt/maindoc/UBL-QualificationApplicationResponse-2.5.xsd
3f4ace6f669e165923c4990efda4168a3498a657	endorsed/xsdrt/maindoc/UBL-Quotation-2.5.xsd
9f0cd58e37a69295ef1306bff6b8c9bbdafb563b	endorsed/xsdrt/maindoc/UBL-ReceiptAdvice-2.5.xsd
79e572c22a221c73d8d156c894a9ec66888fda0f	endorsed/xsdrt/maindoc/UBL-Reminder-2.5.xsd
2e2cf3468d9ccedd659ccf7c8f011dc0bb977548	endorsed/xsdrt/maindoc/UBL-RemittanceAdvice-2.5.xsd
931f134ac3487970195fec5a39841ba0b05214ed	endorsed/xsdrt/maindoc/UBL-RequestForQuotation-2.5.xsd
be754a18ee7d09ded04255b1936f5c28c68fdd72	endorsed/xsdrt/maindoc/UBL-RetailEvent-2.5.xsd
c153cab40062f6c3d71901ed0b908275685e97e9	endorsed/xsdrt/maindoc/UBL-SelfBilledCreditNote-2.5.xsd
a674d70c3ef743c09e5b9917f993bf4474258904	endorsed/xsdrt/maindoc/UBL-SelfBilledInvoice-2.5.xsd
46828c2d0a964f2c45d6dbe08855ef459fa207ee	endorsed/xsdrt/maindoc/UBL-Statement-2.5.xsd
0792e61e17122eba2fc046d8cdfb030c441d501d	endorsed/xsdrt/maindoc/UBL-Tender-2.5.xsd
3da732825cd3d08c3752d0928d700f80df886455	endorsed/xsdrt/maindoc/UBL-TenderContract-2.5.xsd
7157d8ebfa55c0e0a25c7dafd426bb8ec85ff00b	endorsed/xsdrt/maindoc/UBL-TenderReceipt-2.5.xsd
817f70bc4ed44b97ee7ec77f027747c5fbdd29e1	endorsed/xsdrt/maindoc/UBL-TenderWithdrawal-2.5.xsd
3e93a0d83c9aa15f5c80ef4c2ff31715cc7222d0	endorsed/xsdrt/maindoc/UBL-TendererQualification-2.5.xsd
7ad7919af1d99424429b93a3cffbd91bed34bb32	endorsed/xsdrt/maindoc/UBL-TendererQualificationResponse-2.5.xsd
e49e484f5e56f7754427ae488d6088fa8a4d6008	endorsed/xsdrt/maindoc/UBL-TradeItemLocationProfile-2.5.xsd
2c806b66c76730f732847a4afed56a18fa4e9480	endorsed/xsdrt/maindoc/UBL-TransitCustomsDeclaration-2.5.xsd
0beb864a3aebc5706d64ff2c9a9241a92a55eef3	endorsed/xsdrt/maindoc/UBL-TransportExecutionPlan-2.5.xsd
db76fcae0038aae9ff504fc6218fba477ff1f5ee	endorsed/xsdrt/maindoc/UBL-TransportExecutionPlanRequest-2.5.xsd
bcdfb64d8c1d9f075b0826664edbb8ee93401c8b	endorsed/xsdrt/maindoc/UBL-TransportProgressStatus-2.5.xsd
f91a6cfaaf68c01ed399c22e1e73549c9a2a1951	endorsed/xsdrt/maindoc/UBL-TransportProgressStatusRequest-2.5.xsd
3bcc1a60a21ce3bf3099d2b75cddb28ad466b3a5	endorsed/xsdrt/maindoc/UBL-TransportServiceDescription-2.5.xsd
5dcc92b6d9a208810e4d7a13834a425fffe5bd69	endorsed/xsdrt/maindoc/UBL-TransportServiceDescriptionRequest-2.5.xsd
c5b673cf5183c2463b4a29415734d91b1f891abb	endorsed/xsdrt/maindoc/UBL-TransportationStatus-2.5.xsd
56b594bde5d6965ff047de745eef9e9cd4181408	endorsed/xsdrt/maindoc/UBL-TransportationStatusRequest-2.5.xsd
f0f21b3cb92b31eb00c9cf0d2db81270e05ce543	endorsed/xsdrt/maindoc/UBL-UnawardedNotification-2.5.xsd
f5a1335827bf4558fc83276daeb1ca665c8347f0	endorsed/xsdrt/maindoc/UBL-UnsubscribeFromProcedureRequest-2.5.xsd
7b35bea1c0c7516b0fdd5d9744a374b7f8e21d0e	endorsed/xsdrt/maindoc/UBL-UnsubscribeFromProcedureResponse-2.5.xsd
5744a689877c10ce12f12aa776a2802be92bb74c	endorsed/xsdrt/maindoc/UBL-UtilityStatement-2.5.xsd
a610c8b50aab41ec09ebf0b912c8862523aa42a7	endorsed/xsdrt/maindoc/UBL-WasteMovement-2.5.xsd
e8510b1e3b10255e8ab135720d62c7db2eeac3da	endorsed/xsdrt/maindoc/UBL-WasteNotification-2.5.xsd
de9bdf1bc65c1e8be5d861e7f86764881ab4985f	endorsed/xsdrt/maindoc/UBL-Waybill-2.5.xsd
cc1164a5608a3fa763dedce51a55bcafcd2191b8	endorsed/xsdrt/maindoc/UBL-WeightStatement-2.5.xsd
90538bbe0ca540017020ada32f2f5e3d926dc67d	endorsed/xsdrt/maindoc/UBL-WorkReport-2.5.xsd
b602db4eaa1b9a585ca044f5e6aad0a49d7ce2fa	mod/UBL-Entities-2.5.gc
df6b83604d752da6c4cb6219e5dba897015df5c3	mod/UBL-Entities-2.5.ods
71bb84384ba2888facbcd09643e5e95b7d232f1a	mod/UBL-Entities-2.5.xls
0d7b488c5be4b235b656d1afe202a12be0d71a42	mod/UBL-Signature-Entities-2.5.gc
35c176314576dcdae9a0082f83b4f412136dfa15	mod/UBL-Signature-Entities-2.5.ods
2a1c1775638be241af4a15a81e3a31cd69d66fe5	mod/UBL-Signature-Entities-2.5.xls
d84432693962c80b75acc5553fecd936961f8320	mod/summary/ReportLegend1.png
a77f644abb8ff4bb125643ae4fe0a8811129ce1d	mod/summary/ReportLegend2.png
688ad495e2b63534afd4381e9a686965365598ed	mod/summary/ReportLegend3.png
2636ef73f8aa8fcfa4f72b3dca7b2fbd6f2324d7	mod/summary/ReportLegend4.png
c2c47de3d97879e7073cdcd3c75079833793111e	mod/summary/readme-Reports.html
559e110e1c2f393d86679a6564a819ef7e28b39e	mod/summary/reports/All-UBL-2.5-Documents.html
0e53160bb430304b51da6454da3e9567ebecaa91	mod/summary/reports/UBL-ApplicationResponse-2.5.html
8d2282783ff5b6747119ebdc49bb930d6d869a25	mod/summary/reports/UBL-AttachedDocument-2.5.html
59802bedbfa18427b72310588364b18956d3f69f	mod/summary/reports/UBL-AwardedNotification-2.5.html
52e39fa2ee4650c92c5f7928945068a577b8468a	mod/summary/reports/UBL-BillOfLading-2.5.html
1ea62e61248d978e76ec00fe67e72a6eae34f0a4	mod/summary/reports/UBL-BusinessCard-2.5.html
42a44388715aa27cd8171913adb76664cc943f19	mod/summary/reports/UBL-BusinessInformation-2.5.html
dcdb5433f2e721b05d2e6013cb25fca043e7a4ab	mod/summary/reports/UBL-CallForTenders-2.5.html
bc7132977d46ce948330ab24e3f8c9b2b982d22d	mod/summary/reports/UBL-Catalogue-2.5.html
6e337b3e126106db4692bcbcb8cfa4bf07a7cdca	mod/summary/reports/UBL-CatalogueDeletion-2.5.html
7234c44def2ff7563f4967d45e73533fcc404602	mod/summary/reports/UBL-CatalogueItemSpecificationUpdate-2.5.html
b7f52d09b8682c8d82b0ac7075f210bd0000159c	mod/summary/reports/UBL-CataloguePricingUpdate-2.5.html
2bd4902d8405e882c5e4ad9caf7761032f8441f9	mod/summary/reports/UBL-CatalogueRequest-2.5.html
457ece8e96915e6110d1b7c8588292f553039202	mod/summary/reports/UBL-CertificateOfOrigin-2.5.html
b0b652e20cc49f491e77786d51450600827af425	mod/summary/reports/UBL-CommonSignatureComponents-2.5.html
5eb954ca98b6e68d63cea8c1181d5423b85e98dd	mod/summary/reports/UBL-CommonTransportationReport-2.5.html
6e6915cc51912cde12717a8bc03aa5508f395ce3	mod/summary/reports/UBL-ContractAwardNotice-2.5.html
877041cfc440b060199884a0a5b1fe4cfd31a457	mod/summary/reports/UBL-ContractNotice-2.5.html
5d298bcc66e76b3c35831604ef8dec03f7cba139	mod/summary/reports/UBL-CreditNote-2.5.html
0008d63c43463d2507af6b175162a7376bb936b3	mod/summary/reports/UBL-DebitNote-2.5.html
ab48819bdc69297373e0bd9dd838ca5975f1cbc1	mod/summary/reports/UBL-DeliveryNote-2.5.html
3c90a995592ff2e8bf970e442782abdd0c2a876f	mod/summary/reports/UBL-DespatchAdvice-2.5.html
4e3b6d6c372e7244217f41b4ed70192486a1c094	mod/summary/reports/UBL-DigitalAgreement-2.5.html
b0c867f149d2d39d77579dbd0b3d89e51d83737b	mod/summary/reports/UBL-DigitalCapability-2.5.html
ae9211d4f14cf976688371180e024d387537d3ef	mod/summary/reports/UBL-DocumentStatus-2.5.html
68831fc87e261f837b65ae8704e80b0e3628585e	mod/summary/reports/UBL-DocumentStatusRequest-2.5.html
cda9a86a1465bcd12f55abd331ab972318b05686	mod/summary/reports/UBL-Enquiry-2.5.html
9dd242fe7dd53b8bd82a83d5c6d5ec7df996e129	mod/summary/reports/UBL-EnquiryResponse-2.5.html
cbfa372ea5f8dfb27841735434dd9b5b5589b24b	mod/summary/reports/UBL-ExceptionCriteria-2.5.html
a5bc403dd45d5085a3ea595e545c135ca584d314	mod/summary/reports/UBL-ExceptionNotification-2.5.html
facd4ac8e9d18d7205a212e48179e3bfde865bb2	mod/summary/reports/UBL-ExportCustomsDeclaration-2.5.html
4432f8407142cf663501ee4d41e81ae5e68aa511	mod/summary/reports/UBL-ExpressionOfInterestRequest-2.5.html
30cf296cc964b780c29e49ac20d28ac290c4aa67	mod/summary/reports/UBL-ExpressionOfInterestResponse-2.5.html
07296ee382792b6f624240793033bf070c2a67ac	mod/summary/reports/UBL-Forecast-2.5.html
97cc1930f1ec732736d0edbcf8e108376b9bba03	mod/summary/reports/UBL-ForecastRevision-2.5.html
c07f32486b5a0616b3b8ea51fb4add46c2c35f07	mod/summary/reports/UBL-ForwardingInstructions-2.5.html
6c77eaeff05e127ae45466a3c327015e0537c69c	mod/summary/reports/UBL-FreightInvoice-2.5.html
925417707ccabd46d626af145f117f1ae6d9d9cf	mod/summary/reports/UBL-FulfilmentCancellation-2.5.html
24269573f14de144ae8fbb282be17c3f20e227e1	mod/summary/reports/UBL-GoodsCertificate-2.5.html
baa43249ac7d28c429af5f4e8628cf69e73df106	mod/summary/reports/UBL-GoodsItemItinerary-2.5.html
f06a36f5a1d13dbefcb78dc224f9d05da3cea919	mod/summary/reports/UBL-GoodsItemPassport-2.5.html
faddb268c9aaa7d96a2b8c54968223b98f8c6c72	mod/summary/reports/UBL-GuaranteeCertificate-2.5.html
dcf3fd81a29b42f434b2a8e8c15326a74d2ba4d9	mod/summary/reports/UBL-ImportCustomsDeclaration-2.5.html
035254035b042080f777ddaf505c2abfae0bf3ef	mod/summary/reports/UBL-InstructionForReturns-2.5.html
97b5a321ba7d9cda8864aa3bc5bd6ebad5cdad04	mod/summary/reports/UBL-InventoryReport-2.5.html
2b8ea6546d5b38626add310e526782b8fe7c501a	mod/summary/reports/UBL-Invoice-2.5.html
47a9e66626208ada901aa882fb2da951c33f545c	mod/summary/reports/UBL-InvoiceStatusRequest-2.5.html
ff3b1262a4ca5fe78c5548e2f75ea2daf69867a1	mod/summary/reports/UBL-InvoiceStatusResponse-2.5.html
a9d17e9d65a78d4789e32a0552606f49d52ff2b6	mod/summary/reports/UBL-ItemInformationRequest-2.5.html
815436cba4ad8639286a8a8cb2f5c100c353a758	mod/summary/reports/UBL-Manifest-2.5.html
ad806838a0e97cd8a8b9f559db7f6582a77c32a4	mod/summary/reports/UBL-Order-2.5.html
8fb448cae6cd57fa4707a0615cf85f38cc7907cb	mod/summary/reports/UBL-OrderCancellation-2.5.html
bd678ceb432773b1f1a03a0aadac4d5bb7bb5dd3	mod/summary/reports/UBL-OrderChange-2.5.html
6b3339ee200fc174cb09e8aef407011a53181217	mod/summary/reports/UBL-OrderResponse-2.5.html
2186df5e92afc69cbaf347ed7960b3ab18d87569	mod/summary/reports/UBL-OrderResponseSimple-2.5.html
d2f7a7fee9daffc790e92bc752d9afcd0f4a7b1f	mod/summary/reports/UBL-PackingList-2.5.html
f3fd72b8c56043553d75dd3d3fef770e471b891b	mod/summary/reports/UBL-PriorInformationNotice-2.5.html
bd8a82419a987b03f00ccf27c68d88ec0d002de1	mod/summary/reports/UBL-ProcurementStatus-2.5.html
8fa083a63714a7e72e2dda8165e65680ff24d4b0	mod/summary/reports/UBL-ProcurementStatusRequest-2.5.html
0322df34ccb07d8d82fcd3b3c6f2259f7c99f683	mod/summary/reports/UBL-ProductActivity-2.5.html
6cdf19e8d8057c87ffce6dba8a77e4fd7c9f04b0	mod/summary/reports/UBL-ProofOfReexportation-2.5.html
ae2b6e88646644bdbed66452f47867dcc4766190	mod/summary/reports/UBL-ProofOfReexportationReminder-2.5.html
b241901da22fc23d404ad5d8387456e164e21034	mod/summary/reports/UBL-ProofOfReexportationRequest-2.5.html
e30f82a49da863ebdfebdb70506ca4facf4817b2	mod/summary/reports/UBL-PurchaseReceipt-2.5.html
1d59c3797d935a85b08f91ec59f1afa5b745343f	mod/summary/reports/UBL-QualificationApplicationRequest-2.5.html
7d27edc235176bab40ad498538a0625baec95f38	mod/summary/reports/UBL-QualificationApplicationResponse-2.5.html
2bc928821320af4b88cab1e9e2f61e8ca963a481	mod/summary/reports/UBL-Quotation-2.5.html
14d371f23d20e4a5c7ae7a6ee1c232fe0311ecc1	mod/summary/reports/UBL-ReceiptAdvice-2.5.html
46e3c3ff14f064db7e36467005c6db04cd1ff1a4	mod/summary/reports/UBL-Reminder-2.5.html
502d5d1899174c77886abd5e226a9b1aa9ee9b32	mod/summary/reports/UBL-RemittanceAdvice-2.5.html
310dfecd4ab5d7a42ae66590eceb895243505789	mod/summary/reports/UBL-RequestForQuotation-2.5.html
4a22d00595db692630cd7778ad8351ba16945ee4	mod/summary/reports/UBL-RetailEvent-2.5.html
b894af33c60969ba6f8bb1403a38c11a9e1b6e45	mod/summary/reports/UBL-SelfBilledCreditNote-2.5.html
7f0d141deec0d83c7d74c2a1c1f400e020d51111	mod/summary/reports/UBL-SelfBilledInvoice-2.5.html
7155ad37879e0123b6115ebe5df86301a60ac19e	mod/summary/reports/UBL-Statement-2.5.html
f00ed082ecddda935f5807598286536b0ea30bf4	mod/summary/reports/UBL-StockAvailabilityReport-2.5.html
99e82e5346a0fe6b0d0cb3f219250ab85129bff9	mod/summary/reports/UBL-Tender-2.5.html
fd201b02ad89559c44f94c734acea5495d4934f2	mod/summary/reports/UBL-TenderContract-2.5.html
b0d83659481798d1aa365a8e031e56842efa743d	mod/summary/reports/UBL-TenderReceipt-2.5.html
23d2ecc5664359a199f146498944139a4a5d2402	mod/summary/reports/UBL-TenderStatus-2.5.html
3d8083b29b83857ad7f467a94392ec1cbf45cc54	mod/summary/reports/UBL-TenderStatusRequest-2.5.html
6d70505642f426ef322fe9dbbc0e1a4ad233534b	mod/summary/reports/UBL-TenderWithdrawal-2.5.html
3327e3cbf4f3a8a004981ba074a4d330b372dd77	mod/summary/reports/UBL-TendererQualification-2.5.html
db8cb747b579ca0c48d65945d54c1f6fc0b83616	mod/summary/reports/UBL-TendererQualificationResponse-2.5.html
a784e9214abea8180adb913eebe8d7ad613bb4da	mod/summary/reports/UBL-TradeItemLocationProfile-2.5.html
bc0d86d46bbc562641192d53f535dec655e0d2c2	mod/summary/reports/UBL-TransitCustomsDeclaration-2.5.html
d5c54c509079b59fc86ee358e1e478fe6a0020d0	mod/summary/reports/UBL-TransportExecutionPlan-2.5.html
16ed73153b40872d63189d203ae17e793ccac7a1	mod/summary/reports/UBL-TransportExecutionPlanRequest-2.5.html
03381c3bb256c614b925820f506e443287709ade	mod/summary/reports/UBL-TransportProgressStatus-2.5.html
12a50c72c724d93c5ae5b36c31e7322dd8f8ffa7	mod/summary/reports/UBL-TransportProgressStatusRequest-2.5.html
3d226c9bf806aff5526a28702a4fb0c8421c7906	mod/summary/reports/UBL-TransportServiceDescription-2.5.html
156b9261db1be13975cb91d207076567238f25e2	mod/summary/reports/UBL-TransportServiceDescriptionRequest-2.5.html
2f3eaed245c0af20130931f17fd24c2c7f5642a7	mod/summary/reports/UBL-TransportationStatus-2.5.html
56263bf17a62f8637f55b0ed6cf01d36b4b644e4	mod/summary/reports/UBL-TransportationStatusRequest-2.5.html
989c61ae6f6b955faa1b48e7bedfc3dd91430f8b	mod/summary/reports/UBL-UnawardedNotification-2.5.html
c6f83f30366b4878d5290b6e6b8852dfc08f4438	mod/summary/reports/UBL-UnsubscribeFromProcedureRequest-2.5.html
95aa8f1488256f46815490cc705f5bd1198a8efc	mod/summary/reports/UBL-UnsubscribeFromProcedureResponse-2.5.html
8ca987d433affddd89b58e665770672627a5e7f9	mod/summary/reports/UBL-UtilityStatement-2.5.html
d08b469aa1a4c13f0e597c7a40708fcb3ac4320c	mod/summary/reports/UBL-WasteMovement-2.5.html
f617d997487671c86bfb65172f411b82a4b27517	mod/summary/reports/UBL-WasteNotification-2.5.html
6c7656c61b6346fe88a5636e4bdd79f27ed73afe	mod/summary/reports/UBL-Waybill-2.5.html
f4d79f3d056dc7b02a5769ae7f3add114c0d7b19	mod/summary/reports/UBL-WeightStatement-2.5.html
aa63a5e69cb1479461107a837cdf543903abf547	mod/summary/reports/UBL-WorkReport-2.5.html
c1ccb6d9992bf47674197a29c497d7eb80daec88	val/UBL-DefaultDTQ-2.5.xsl
957b6752af9a60c1bb2a4f65db0e90e5ce00f521	val/lib/commons-codec-1.3.jar
7c59774aed4f5dd08778489aaad565690ff7c132	val/lib/commons-httpclient-3.1.jar
8758a96b70cfba9466bacca19c0d99b87cf53734	val/lib/commons-logging-1.1.1.jar
de9b007b4c9caf12aa9619e4a5d473ff8b299645	val/lib/serializer.jar
2fbc3de0eaf3d0754fe6905d5088add299e1ac96	val/lib/xercesImpl.jar
46733464fc746776c331ecc51061f3a05e662fd1	val/lib/xml-apis.jar
24beb32d31b825af70c802f73d24ef5ab3e4a434	val/lib/xmlresolver.jar
a155b84a0ba8ca16a98e8d7170d5706d11c452dd	val/notices-saxon9he/CERN.txt
1eb55f73d41891db39c95475ed8566347baa5a25	val/notices-saxon9he/JAMESCLARK.txt
c71e017b31c8717217a442784ebec73ec453ac1b	val/notices-saxon9he/LICENSE.txt
827ffecf6b097bb56a149a1bcca90326d2295d8d	val/notices-saxon9he/THAI.txt
cef16068b361599b1ba06360569282faa7e6b929	val/notices-saxon9he/UNICODE.txt
a6b82dd97fd750ee4dcace0ec925b184be3985ef	val/notices-xjparse/APACHE-CODEC.txt
d1f571e43579147b4872e2f397d76f7924deb3cc	val/notices-xjparse/APACHE-HTTPCLIENT.txt
f4312184c60591f75218241a40971ffe1dc318ca	val/notices-xjparse/APACHE-LOGGING.txt
375327262983baf3f557f8b3acd2d77ef773afb3	val/notices-xjparse/APACHE-XERCES.txt
2f211dde02315b441e353d44e51a84294f899b20	val/order-test-bad-code.xml
d06f641123f4340ba0569f8cdf1d41aaa0f850a9	val/order-test-bad-code.xml.error.txt
70c387e9593cd2709b7e48becc0ab7ed03561f37	val/order-test-bad-code.xml.svrl.xml
33b643c69313b8c4ac82873b05940524267b95f7	val/order-test-bad-model.xml
d402588cd32afffa03c5ca8af247cc66d03a822d	val/order-test-bad-model.xml.error.txt
758eb5c17d7ea169feef23b8a3aa5999af0e001a	val/order-test-bad-syntax.xml
473b1645ea3827848a361b1e1cbf1ce73447a782	val/order-test-bad-syntax.xml.error.txt
4f5e66884c02e46e7e16e6a73073e4cc31f3eb4a	val/order-test-good.xml
5204e982a690694029331862c74a8e25ebd3883f	val/saxon9he.jar
6303e86519b289ed3293cf61c32eabdff0bcf4fb	val/test.bat
bc41e198987147a654bf7263c2930921962e3d36	val/test.sh
1f05ae7528a091d632c6d9fb5f5c971b3fb3e587	val/testSVRL4UBLerrors.xsl
724cfc33b396af4feb4371a0714b21c07ca97940	val/testsamples.bat
089b1122a86ab52346ba598cec43c0e8d1dc4321	val/testsamples.sh
462093db619a27d5f3546e3ddfd607fe4f0c88c5	val/validate.bat
bfa92467bd95d2f98de59aec0a36e1c84538e69a	val/validate.sh
a1e74afe6879f15060bf26671ad651b195347be3	val/w3cschema.bat
0bfe3cc9951ef4533701e2dd777fe5ef08d2b1a7	val/w3cschema.sh
c1a578f4489a890b6439c58e0f112a7c64f7e116	val/xjparse.jar
f8eeb6e2981831eb7eacb4a63ab59d6a67d7cab5	val/xslt2.bat
974bcb1cf33ec2e5987458f4fb99e16ddf90431f	val/xslt2.sh
70e9eb87d7dc96885a15fe9824b1a6dafcc95fc2	xml/MyTransportationStatus.xml
707d18f484f502dd654ef2a11296bc7f7d2bad8a	xml/UBL-BusinessCard-2.2-Example.xml
00a5b5f3be7647438e197f8599f8ab31ed15c7e5	xml/UBL-CommonTransportationReport-2.3-Example.xml
32d9aa3c509c4369d45737cddd89cf9e52f040a1	xml/UBL-CreditNote-2.0-Example.xml
a22f5440cf278ecc3cb6935d81b70729b54f65b0	xml/UBL-CreditNote-2.1-Example.xml
82294eeea865cf1a5abd6d1c3ffd181f256a4731	xml/UBL-DebitNote-2.5-Example.xml
8096d2ee36388c218ecbeda562d3d1e1b46182e5	xml/UBL-DespatchAdvice-2.0-Example.xml
75f5dc9bd71d28b199d7ae3861782b42b4374810	xml/UBL-DigitalAgreement-2.2-Example-Multilateral.xml
6d5996292a19ca4f005fd084b3f81cc79e0eb00d	xml/UBL-DigitalAgreement-2.2-Example.xml
17491241bddef935df0e70f938ff14efae2175c2	xml/UBL-DigitalCapability-2.2-Example.xml
b6a27fbaae01270de98681a25814c76379ae0963	xml/UBL-ExceptionCriteria-2.1-Example.xml
e1aa4c15a85d6270446c67dec828e2abd1450989	xml/UBL-ExceptionNotification-2.1-Example.xml
961c05b19bca108fe74f423af3774b10a479ced9	xml/UBL-ExportCustomsDeclaration-2.3-Example.xml
fc2e852224da48335e438bfa8e5925921207214c	xml/UBL-ExpressionOfInterestRequest-2.2-Example.xml
fc63bd8365335420b4d44277ffc1826ea8cb3c51	xml/UBL-Forecast-2.1-Example.xml
4c041ff780b9a80e87e969ad2ae04b4c4e4a1d81	xml/UBL-ForecastRevision-2.1-Example.xml
81f9ccf9afbfd96628245397e7c769c9dd30be44	xml/UBL-ForwardingInstructions-2.0-Example-International.xml
ae9b1f03ab216058c49f01efa55941d8a8dee44e	xml/UBL-FulfilmentCancellation-2.1-Example.xml
cc1fafb40fddf27b8604f19e748e07e7b6c7f2bd	xml/UBL-GoodsCertificate-2.3-Example.xml
2dd3fe8e07a288e5b4d0f4200954fd6f02bc7179	xml/UBL-GoodsItemItinerary-2.1-Example.xml
7d6962e55cca335aa2a7154f5a3a577aac644531	xml/UBL-GoodsItemPassport-2.3-Example-Issued.xml
c19d3cc60955385bf78fd723da09cd5b50c68567	xml/UBL-ImportCustomsDeclaration-2.3-Example.xml
815c8983f6a4f3eacce57c869aafd05193aa03cb	xml/UBL-InstructionForReturns-2.1-Example.xml
7c9faa2ddaebeaa68bb87006b4d8680bd290e612	xml/UBL-InventoryReport-2.1-Example.xml
da3a9886278107d600e93b0ffd40a8a881f7b04b	xml/UBL-Invoice-2.0-Detached-Signature.xml
d714533bb65eff4ab28f1aa593e2366e3133be43	xml/UBL-Invoice-2.0-Detached.xml
8d14ca2679d2b8bbc3c42125f2f583ebc1198969	xml/UBL-Invoice-2.0-Enveloped.xml
171856e040f101f9d03281b231bd95b25e75a655	xml/UBL-Invoice-2.0-Example-NS1.xml
200e1f2915d85167e46de78efbef892414cdf63e	xml/UBL-Invoice-2.0-Example-NS2.xml
48eaf1485a7fc20310119a5a3659ba07b46649a6	xml/UBL-Invoice-2.0-Example-NS3.xml
d5da7d2e9c3dbca383ce91f862ff0159c3eebc7c	xml/UBL-Invoice-2.0-Example-NS4.xml
742ba1ae294139cbc449a251fb6615d281fbc2a2	xml/UBL-Invoice-2.0-Example.xml
b3bff3117df36c8dc72ea7c58a393f5316b0c231	xml/UBL-Invoice-2.1-Example-Trivial.xml
1263994fbb9ca30dcd2caa7dbbd835fe6431386f	xml/UBL-Invoice-2.1-Example.xml
8dd68bea61544d7b5a34d886ef0a6356d261f4e3	xml/UBL-Manifest-2.3-Example-Reference-Only.xml
3bc3670ebf06eb4156e3746f3d7e503e6aafbd79	xml/UBL-Manifest-2.3-Example-Shipment.xml
9671afa8dd963e372df6c1a5c6c93032589af8a8	xml/UBL-Order-2.0-Example-International.xml
befb0d69355c6069ff2b3dee22a621d3ecf8df6b	xml/UBL-Order-2.0-Example.xml
36b8b7702ecc9fb1dcd782371bf8474171ada3d3	xml/UBL-Order-2.1-Example.xml
bf8e93eb5dd527f4c0e603cbeaebfe42f9b7a9c4	xml/UBL-OrderCancellation-2.1-Example.xml
6afc474c4cb3346d3d83870300f3b6d8cdc2a094	xml/UBL-OrderChange-2.1-Example.xml
b1c66f4581e81ea3423cfe6498e3d09178b3d2a3	xml/UBL-OrderResponse-2.1-Example.xml
dfcbf6d0c558ac2ed8bf239bab0cfa6d12ce14ee	xml/UBL-OrderResponseSimple-2.0-Example.xml
5ca6d04f692f7b5ec3c0bfe776556d3c11cfbfda	xml/UBL-OrderResponseSimple-2.1-Example.xml
18016a4aeb1f9f7bb4f048f1831921fcb3584c8b	xml/UBL-PriorInformationNotice-2.2-Example-Embedded.xml
fe94d585c699a0ff4558de42b349a3b5569ab5f5	xml/UBL-PriorInformationNotice-2.2-Example-External.xml
d9e65817c8e24a89e6f4f79755d617131b3ecf82	xml/UBL-ProductActivity-2.1-Example-1.xml
7cb114de8bdd26c81c646736e808a161a41fbb28	xml/UBL-ProductActivity-2.1-Example-2.xml
be3c2face3820a94c1417bb94932b7b978102626	xml/UBL-ProductActivity-2.1-Example-3.xml
06a0c7c5f87cfb0f7d6e46bbe63625682da90557	xml/UBL-ProofOfReexportation-2.3-Example.xml
edf1c704d1937c3112b3a6c5728f490857b8940e	xml/UBL-ProofOfReexportationReminder-2.3-Example.xml
77487c95e77f0f5e1c0fc5638f07a716675d0c01	xml/UBL-ProofOfReexportationRequest-2.3-Example.xml
f411fb01a8bfbadadc315bbaf630188bb4a8aa59	xml/UBL-PurchaseReceipt-2.4-Example.xml
d74d715265382e57c273b99482cc752cfa900208	xml/UBL-Quotation-2.0-Example.xml
b10c612a8b9623ff2647c62ad8be3da987d3f154	xml/UBL-Quotation-2.1-Example.xml
a484cbc143e1508a8282cd24cd506cf4d16cf938	xml/UBL-ReceiptAdvice-2.0-Example.xml
846bcf71bbe2f0268e7e2dbcbc7c0d4e4e466ddd	xml/UBL-Reminder-2.1-Example.xml
5c72f146c270770f2bad0e675f5c891c165bc97c	xml/UBL-RemittanceAdvice-2.0-Example.xml
82f49dc64975807feccd39c24aad27f9cf397fbd	xml/UBL-RequestForQuotation-2.0-Example.xml
dfe4beb49518399f895db16a4cf93ebc94d85cce	xml/UBL-RequestForQuotation-2.1-Example.xml
181acb89e164e1393411df3a6b6b04609cd3dfd3	xml/UBL-RetailEvent-2.1-Example.xml
4fa0136058e944ac51e6a310a2cbb3d04048f34f	xml/UBL-SelfBilledCreditNote-2.1-Example.xml
8c510ad542cbffe4e00e89a8dfff2859b0b39a86	xml/UBL-Statement-2.0-Example.xml
b72a21083787b7d95fe7a9734c9f934bd5d57e65	xml/UBL-StockAvailabilityReport-2.1-Example.xml
9367d51c523b3ebaf67b313ea4441b30edcd1f44	xml/UBL-TradeItemLocationProfile-2.1-Example.xml
082fb6420beb2b01421d801d7849753784c80ee2	xml/UBL-TransitCustomsDeclaration-2.3-Example.xml
6314b046d9026c7bc9e67952c601383716a70782	xml/UBL-TransportExecutionPlan-2.1-Example.xml
a7d3a54cb2665d9dcc46744175193272ea6ba2c2	xml/UBL-TransportExecutionPlanRequest-2.1-Example.xml
d7f252a9f2732072a5e342a5e55d990d26d2597e	xml/UBL-TransportProgressStatus-2.1-Example.xml
0d3fd7dfb6ccdcee7f5d76584cfab29ae6f8b289	xml/UBL-TransportProgressStatusRequest-2.1-Example.xml
55b0d8aa4b52b2ce657b48a9db16673d4375e48f	xml/UBL-TransportServiceDescription-2.1-Example.xml
4ad8bed3273d3e2501b095be67dfb009cc541ad6	xml/UBL-TransportServiceDescriptionRequest-2.1-Example.xml
1280e4939a5c04cd57c93aa270d184ac9d8bf809	xml/UBL-TransportationStatus-2.1-Example.xml
792578b66bc5940545ffa80e6c74f4e23cedf8fb	xml/UBL-TransportationStatusRequest-2.1-Example.xml
f261ee0dddf20e1c7eb4e5acb0cfb72a735ccae0	xml/UBL-Waybill-2.0-Example-International.xml
36ac84b4a5f31e3f30460ba1f429178efeb7522e	xml/UBL-WeightStatement-2.2-Example.xml
0bf8ebc5d0f4ca12d875ceb0cc48f65c26909509	xsd/UBL-2.5-catalog.xml
5be7ba1d7ad7fe2c561ddc5918899a665d28c6b8	xsd/common/BDNDR-CCTS_CCT_SchemaModule-1.1.xsd
4a3a80b44e48af7fc5ab61ac72ab001fbc9668b1	xsd/common/BDNDR-UnqualifiedDataTypes-1.1.xsd
0d8dd220b039a9f31f3571d05c37c854d55b6cd6	xsd/common/UBL-CommonAggregateComponents-2.5.xsd
9fa09d5dcabfc9c4089d085297207df2bdd3dfdc	xsd/common/UBL-CommonBasicComponents-2.5.xsd
548333405d8472e47d6de7ff7b80e9a00208cfff	xsd/common/UBL-CommonExtensionComponents-2.5.xsd
918a93aaa3cd7d636196ce4aa48e41413dc514f3	xsd/common/UBL-CommonSignatureComponents-2.5.xsd
446edc04f9907d593b4a681bd6cd09f118e499bf	xsd/common/UBL-ExtensionContentDataType-2.5.xsd
721600330662551f5671d9d399a1a27c506188f5	xsd/common/UBL-QualifiedDataTypes-2.5.xsd
7aba0db33e0c24ad1a0872fe1bdcd785def33b40	xsd/common/UBL-SignatureAggregateComponents-2.5.xsd
fdb150c2e85214e0a10d50c12f1e7dfbbc11d6e1	xsd/common/UBL-SignatureBasicComponents-2.5.xsd
5b20275af901a2137763c39256b5bea5185ce537	xsd/common/UBL-XAdES01903v132-201601-2.5.xsd
bd13f3cebb262f42803ad80ec06dd627f4da765c	xsd/common/UBL-XAdES01903v141-201601-2.5.xsd
f1370b03318936743cab8935b6d0d4bb2a228d05	xsd/common/UBL-xmldsig-core-schema-2.5.xsd
3cc20b02cec24ce8cd5c601271d56105931bd4ce	xsd/common/UBL-xmldsig1-schema-2.5.xsd
ea7ca1dbda87978ee2b013122c793c1669fae1f3	xsd/common/UBL-xmldsig11-schema-2.5.xsd
66f915728a7a2454a3e86ad62cf3bebf2a000848	xsd/maindoc/UBL-ApplicationResponse-2.5.xsd
97c5208bab6305227503f1dc54f9882731c4d0d3	xsd/maindoc/UBL-AttachedDocument-2.5.xsd
745693955156d5392d84773c268d2be6381af2f2	xsd/maindoc/UBL-AwardedNotification-2.5.xsd
01c0af17a8e95ccf45f528a095e13303a012f71d	xsd/maindoc/UBL-BillOfLading-2.5.xsd
39a729975df47ce08b8208ac7252019a06178c6e	xsd/maindoc/UBL-BusinessCard-2.5.xsd
6606f4dc03edae7a213d414895280e49048f2d87	xsd/maindoc/UBL-BusinessInformation-2.5.xsd
56ef771bfe7c82381d7d7772f149d0221920cc5a	xsd/maindoc/UBL-CallForTenders-2.5.xsd
9af2ec47c55b4e3f1dba09bacc7adca0c20fd7cf	xsd/maindoc/UBL-Catalogue-2.5.xsd
15a326855e732d357cd00cf42b4b97bf90640576	xsd/maindoc/UBL-CatalogueDeletion-2.5.xsd
5724ff5a707a4afbe1b68a4bb07215495319bb0c	xsd/maindoc/UBL-CatalogueItemSpecificationUpdate-2.5.xsd
fe55772eed711af7e2bbe494486523ee37e3c0c9	xsd/maindoc/UBL-CataloguePricingUpdate-2.5.xsd
740d0408aa8050c454c2b898b0c4cbba6fb9800d	xsd/maindoc/UBL-CatalogueRequest-2.5.xsd
09e21764c5badf9c51fbe4237fa53af7ffed158a	xsd/maindoc/UBL-CertificateOfOrigin-2.5.xsd
a701252ef76ac846c34a2dd9832c07d192d693e0	xsd/maindoc/UBL-CommonTransportationReport-2.5.xsd
7ca0d81e019351a9941887b0c2af460d4c58185c	xsd/maindoc/UBL-ContractAwardNotice-2.5.xsd
ab65ad21fa76ce0480f175ff44a0b60078239f47	xsd/maindoc/UBL-ContractNotice-2.5.xsd
ab31cf4112acd9a28ed4407a878ff40f02b46371	xsd/maindoc/UBL-CreditNote-2.5.xsd
e97432fc26ebd85f4c55779ee2aff3f946789133	xsd/maindoc/UBL-DebitNote-2.5.xsd
dd8c73d01bd046ff679d5ebf00cccb68337a0061	xsd/maindoc/UBL-DeliveryNote-2.5.xsd
e68faf369e02e4bfaa8be48824ca3c511b69de0e	xsd/maindoc/UBL-DespatchAdvice-2.5.xsd
23dee938a51a44833ee0bd4e4217678d8e9c33f2	xsd/maindoc/UBL-DigitalAgreement-2.5.xsd
982d61b6c36832922e0d196c5aaa30c8cf54fd4b	xsd/maindoc/UBL-DigitalCapability-2.5.xsd
b11cb4e63507b54943ef269291525df6d4423933	xsd/maindoc/UBL-DocumentStatus-2.5.xsd
42b067c71e2448139e7a6b7488cdf4131a6603e8	xsd/maindoc/UBL-DocumentStatusRequest-2.5.xsd
e52a92295ba02979ca1a7534cd81be5ea7bc7937	xsd/maindoc/UBL-Enquiry-2.5.xsd
2927b46ad1e0a2961a09f37367837f5ffeff25f7	xsd/maindoc/UBL-EnquiryResponse-2.5.xsd
567cca282b93c690bccea752fe9385d3e6aacbd7	xsd/maindoc/UBL-ExceptionCriteria-2.5.xsd
13caad427502667c6f7b10f71934d89fbc1342fd	xsd/maindoc/UBL-ExceptionNotification-2.5.xsd
c78ea368035554dc521d6d132282e11c779166d9	xsd/maindoc/UBL-ExportCustomsDeclaration-2.5.xsd
13c57f1227fc22c3019574e557a73431ce7286a9	xsd/maindoc/UBL-ExpressionOfInterestRequest-2.5.xsd
bb7938ace1221c14781835e1873263de6ca77380	xsd/maindoc/UBL-ExpressionOfInterestResponse-2.5.xsd
2f798e1be691bbb4db60e25ad0548654aee5325d	xsd/maindoc/UBL-Forecast-2.5.xsd
d336599d16c00116cd0dd9f8a6bbbc13dd389b4e	xsd/maindoc/UBL-ForecastRevision-2.5.xsd
68b9eecfc438d1f1f8629c540de42f466b887738	xsd/maindoc/UBL-ForwardingInstructions-2.5.xsd
694cfb06cc8aa748087c4ecea0c1792dc16bcbe2	xsd/maindoc/UBL-FreightInvoice-2.5.xsd
4cf8fcd5d515379c93af17e8976f5fefe2d96f80	xsd/maindoc/UBL-FulfilmentCancellation-2.5.xsd
5577391dd111fd31c0e4d3e6b74edc58f8af1a16	xsd/maindoc/UBL-GoodsCertificate-2.5.xsd
c56408e220feb4a6b177751b391d4de73276085d	xsd/maindoc/UBL-GoodsItemItinerary-2.5.xsd
de737335c8afbc860e1387c0e2534db65b4cea11	xsd/maindoc/UBL-GoodsItemPassport-2.5.xsd
d83e12db93b80c57b9d980e883627437766b995a	xsd/maindoc/UBL-GuaranteeCertificate-2.5.xsd
c0ceacc840910a1a7bce72a0572727569b8bd5fd	xsd/maindoc/UBL-ImportCustomsDeclaration-2.5.xsd
f8ba74a759fe1414aa6c90bd9cf8832fddec29b6	xsd/maindoc/UBL-InstructionForReturns-2.5.xsd
00df0443559e5c82c3e44aa081cad1a250587d59	xsd/maindoc/UBL-InventoryReport-2.5.xsd
61c37dd145dbf9f87cadb6e53e7a5668a9e74240	xsd/maindoc/UBL-Invoice-2.5.xsd
b44d95239710e0ee406569cd49e514fa5146addc	xsd/maindoc/UBL-InvoiceStatusRequest-2.5.xsd
a3319b48d2d97c4547e854f7f7076fb7b918137e	xsd/maindoc/UBL-InvoiceStatusResponse-2.5.xsd
05654e72e726c985e1a76ab70b79cda59712d4d4	xsd/maindoc/UBL-ItemInformationRequest-2.5.xsd
6905d01d73307947851478c786a1d289b6e68c40	xsd/maindoc/UBL-Manifest-2.5.xsd
436f4cda8623877de822f46b31f6bcadfef8811d	xsd/maindoc/UBL-Order-2.5.xsd
ae8f871afd6d98cfcd0ffef2bed5737a9ea51e5a	xsd/maindoc/UBL-OrderCancellation-2.5.xsd
ba687e9699f987e184ec4a6acd42b99e9c8f98d3	xsd/maindoc/UBL-OrderChange-2.5.xsd
885da0587a4219ce3fa8fc0b167c5614db81ed96	xsd/maindoc/UBL-OrderResponse-2.5.xsd
a3d1d14e0fc9d2fddc52f467a541e64106657818	xsd/maindoc/UBL-OrderResponseSimple-2.5.xsd
7e0433d1637bf2ba416678a07e6974ea36ab104c	xsd/maindoc/UBL-PackingList-2.5.xsd
bbd4211eca2d1b6a1a538a6561fb4564a82691d4	xsd/maindoc/UBL-PriorInformationNotice-2.5.xsd
dc42a507382307c1a5a95464e0b2ced183c6619a	xsd/maindoc/UBL-ProcurementStatus-2.5.xsd
95f565ab733059401a98f18463e00de66c9983c8	xsd/maindoc/UBL-ProcurementStatusRequest-2.5.xsd
98dda4724472ed4e5b33157f0525203638e0b9b6	xsd/maindoc/UBL-ProductActivity-2.5.xsd
cea4b322e9df27c5e2a84bf29581c56826bf8a0a	xsd/maindoc/UBL-ProofOfReexportation-2.5.xsd
b89916452b26a49d5d44afc46553fb247835d77c	xsd/maindoc/UBL-ProofOfReexportationReminder-2.5.xsd
489192618791e4e0d731b5e0b1424b70c3114be4	xsd/maindoc/UBL-ProofOfReexportationRequest-2.5.xsd
543eeb3224ab74571c0703f6b57cb69e45614b86	xsd/maindoc/UBL-PurchaseReceipt-2.5.xsd
8d091dbbc930d5f7019537cfffeb04aea5221321	xsd/maindoc/UBL-QualificationApplicationRequest-2.5.xsd
b9788f11e35883e8a951c966d42f36d5598e891f	xsd/maindoc/UBL-QualificationApplicationResponse-2.5.xsd
e7646a85f8c3b0eccb01675624f6541b01869962	xsd/maindoc/UBL-Quotation-2.5.xsd
9454eccfa928f22fde9ed6b2a5c6b352fb4e759b	xsd/maindoc/UBL-ReceiptAdvice-2.5.xsd
4a6b275638d1d66dbee521ae843913029256eeb9	xsd/maindoc/UBL-Reminder-2.5.xsd
d6b8712a506b9fa4f7b810a5de973bbba6e2b6c2	xsd/maindoc/UBL-RemittanceAdvice-2.5.xsd
e2bc66f700c6d13fa6a4f43077d88accf07f86ac	xsd/maindoc/UBL-RequestForQuotation-2.5.xsd
2c58624eb57a5af4ec5b53567b93c5c2113a3e3c	xsd/maindoc/UBL-RetailEvent-2.5.xsd
66347d781e9d24b81bfd77db976690a02140182a	xsd/maindoc/UBL-SelfBilledCreditNote-2.5.xsd
6dfff040f15ecf4ae977378d109f9f0d30155a32	xsd/maindoc/UBL-SelfBilledInvoice-2.5.xsd
b040f8a85dd4a0200f493576c39f7001b5fa9def	xsd/maindoc/UBL-Statement-2.5.xsd
4c9d352e51cf777ee7029bc90727d19264ce04c9	xsd/maindoc/UBL-StockAvailabilityReport-2.5.xsd
53472aa5c17ee73d8b0268abd6b1fde1e22092b7	xsd/maindoc/UBL-Tender-2.5.xsd
329321eca9a6870bf2aa7532553e15e3f6ca3736	xsd/maindoc/UBL-TenderContract-2.5.xsd
3d3460f0e4f31f520adc7acc74ddc95a5330b0aa	xsd/maindoc/UBL-TenderReceipt-2.5.xsd
fdcdcd27f8e577e23ea65de7a157e1d55387a3e8	xsd/maindoc/UBL-TenderStatus-2.5.xsd
4898823105616bb2f74e5b391ea1a41593ba1d74	xsd/maindoc/UBL-TenderStatusRequest-2.5.xsd
9bd292618dcb0fb7bfca3c096346bf215fcbc102	xsd/maindoc/UBL-TenderWithdrawal-2.5.xsd
f56770f53a6e36af5f949fef79e6447f8003ef50	xsd/maindoc/UBL-TendererQualification-2.5.xsd
1e041f898b0863eca2824c704144057311a9a771	xsd/maindoc/UBL-TendererQualificationResponse-2.5.xsd
6df316b821e167d04d5ec4c8bf2e4b4a9e5507e5	xsd/maindoc/UBL-TradeItemLocationProfile-2.5.xsd
6da4fe08a20fe3720d5877b5bcddeb5b1aca8bb9	xsd/maindoc/UBL-TransitCustomsDeclaration-2.5.xsd
d88f7d8bfe7ab58b261231761027f09c878c869c	xsd/maindoc/UBL-TransportExecutionPlan-2.5.xsd
7d24f7e26589f2ab2c558c69839942fec1bb3b11	xsd/maindoc/UBL-TransportExecutionPlanRequest-2.5.xsd
b198d4fcd2974d0e790160307fe64f125fa66b66	xsd/maindoc/UBL-TransportProgressStatus-2.5.xsd
b3fbbee097ed1f5ce48ffc6805946ff209efaeac	xsd/maindoc/UBL-TransportProgressStatusRequest-2.5.xsd
0c6a132ebdc9a564e9b2b8f6fb152a8a4452704d	xsd/maindoc/UBL-TransportServiceDescription-2.5.xsd
e116f359e56d2e196e492f6b7ad192e99197eaa1	xsd/maindoc/UBL-TransportServiceDescriptionRequest-2.5.xsd
987cf022983dad73a4032b7cbd9cd791e7ba235a	xsd/maindoc/UBL-TransportationStatus-2.5.xsd
05402c2b2deb3fa95308bde8f6b8ea44b92c3e49	xsd/maindoc/UBL-TransportationStatusRequest-2.5.xsd
b6d021981ad717461e72feef9a3e38222c92e874	xsd/maindoc/UBL-UnawardedNotification-2.5.xsd
06b1d3299f705f8d45f987bd94dffea4ab8019c2	xsd/maindoc/UBL-UnsubscribeFromProcedureRequest-2.5.xsd
d4d8badfd9468c60791eccd23dbf0531c571502f	xsd/maindoc/UBL-UnsubscribeFromProcedureResponse-2.5.xsd
254eb5f2c55d34377d32dd8ef4e00fb91b23fecb	xsd/maindoc/UBL-UtilityStatement-2.5.xsd
f630995163bde0b50c0a82107d44e864f9ea1fb6	xsd/maindoc/UBL-WasteMovement-2.5.xsd
284ea62c1f2f9485154e636c250ce3860a1e053a	xsd/maindoc/UBL-WasteNotification-2.5.xsd
708bcf70e016d4c1c7140fcbeec630b708ec522e	xsd/maindoc/UBL-Waybill-2.5.xsd
e472b500c333d6339dc80024db6e859a23b6f786	xsd/maindoc/UBL-WeightStatement-2.5.xsd
100654bcdc7e24b9c5ba233fe0e7a27513c64981	xsd/maindoc/UBL-WorkReport-2.5.xsd
0bf8ebc5d0f4ca12d875ceb0cc48f65c26909509	xsdrt/UBL-2.5-catalog.xml
5be7ba1d7ad7fe2c561ddc5918899a665d28c6b8	xsdrt/common/BDNDR-CCTS_CCT_SchemaModule-1.1.xsd
4a3a80b44e48af7fc5ab61ac72ab001fbc9668b1	xsdrt/common/BDNDR-UnqualifiedDataTypes-1.1.xsd
c82fa056835f174c10496056c036bef6f6fcf2fe	xsdrt/common/UBL-CommonAggregateComponents-2.5.xsd
008f606939c8a1a2f9c6bdd1999f9314d0fd8e31	xsdrt/common/UBL-CommonBasicComponents-2.5.xsd
548333405d8472e47d6de7ff7b80e9a00208cfff	xsdrt/common/UBL-CommonExtensionComponents-2.5.xsd
dfab3156e1aa944c55407544357db8d9ab4e28bc	xsdrt/common/UBL-CommonSignatureComponents-2.5.xsd
446edc04f9907d593b4a681bd6cd09f118e499bf	xsdrt/common/UBL-ExtensionContentDataType-2.5.xsd
a2edf96d5c8a194b943aaf51a41244838a079343	xsdrt/common/UBL-QualifiedDataTypes-2.5.xsd
553234b582539e3132bf0de584bdebf041fc6d24	xsdrt/common/UBL-SignatureAggregateComponents-2.5.xsd
c798859628d543fc7d7632f789be121c40ff4895	xsdrt/common/UBL-SignatureBasicComponents-2.5.xsd
5b20275af901a2137763c39256b5bea5185ce537	xsdrt/common/UBL-XAdES01903v132-201601-2.5.xsd
bd13f3cebb262f42803ad80ec06dd627f4da765c	xsdrt/common/UBL-XAdES01903v141-201601-2.5.xsd
f1370b03318936743cab8935b6d0d4bb2a228d05	xsdrt/common/UBL-xmldsig-core-schema-2.5.xsd
3cc20b02cec24ce8cd5c601271d56105931bd4ce	xsdrt/common/UBL-xmldsig1-schema-2.5.xsd
ea7ca1dbda87978ee2b013122c793c1669fae1f3	xsdrt/common/UBL-xmldsig11-schema-2.5.xsd
cbe59b5c4b23f8ca4fb20e879ee1cd680eb0eae3	xsdrt/maindoc/UBL-ApplicationResponse-2.5.xsd
77f0ca96a8f80319b6cda4ab99c25bca31725db7	xsdrt/maindoc/UBL-AttachedDocument-2.5.xsd
8f6021ea9910db26b67ebfac635e1968bc07048f	xsdrt/maindoc/UBL-AwardedNotification-2.5.xsd
82a4b6aa25f7a100eb83c5c1aad03fcb00b27bef	xsdrt/maindoc/UBL-BillOfLading-2.5.xsd
1f98255f248ff6c1b5fca2a1a7cc8ff085f39c42	xsdrt/maindoc/UBL-BusinessCard-2.5.xsd
94ae632fa20a232f43a9bdeb14c608308e4ce673	xsdrt/maindoc/UBL-BusinessInformation-2.5.xsd
3d7c1e1704d5bf48ced20096c5e3c936b96cfc1e	xsdrt/maindoc/UBL-CallForTenders-2.5.xsd
e7a4b5ad3e773fb8b1b06bdfed911a1a9617d976	xsdrt/maindoc/UBL-Catalogue-2.5.xsd
b223f7b584add5b0541ea2e1cea910b65bca89f8	xsdrt/maindoc/UBL-CatalogueDeletion-2.5.xsd
a05489044736c001ffb92834d6062ec85e0fed53	xsdrt/maindoc/UBL-CatalogueItemSpecificationUpdate-2.5.xsd
07c540f0ec636ac834c9db36fbc334b91e0d378c	xsdrt/maindoc/UBL-CataloguePricingUpdate-2.5.xsd
4acd49f3862e68515bf0816da08bb6fca6f15f61	xsdrt/maindoc/UBL-CatalogueRequest-2.5.xsd
22e264c671dda2dd6dee23097ad88fa031b7269a	xsdrt/maindoc/UBL-CertificateOfOrigin-2.5.xsd
d367d4ba66b6bac30e33a43592351917caa8e723	xsdrt/maindoc/UBL-CommonTransportationReport-2.5.xsd
752548348716865f848e63cd56fd202d5cbdcc26	xsdrt/maindoc/UBL-ContractAwardNotice-2.5.xsd
d7d060eb5c742cab420a030249b9d3d373bb6909	xsdrt/maindoc/UBL-ContractNotice-2.5.xsd
322ca500a13d4cb6dd514daab47aa2cfc0eba98f	xsdrt/maindoc/UBL-CreditNote-2.5.xsd
4625a671d519c0429eed06e36a8b8cbcf8bfbf4d	xsdrt/maindoc/UBL-DebitNote-2.5.xsd
95ba8020d0ddd2e2e2d362a9d96d872b5926c5f7	xsdrt/maindoc/UBL-DeliveryNote-2.5.xsd
ae5064aa4aba8425a81026231dbf0e25038c4e19	xsdrt/maindoc/UBL-DespatchAdvice-2.5.xsd
a0f385a97e994ce8487f3881632a003c29353294	xsdrt/maindoc/UBL-DigitalAgreement-2.5.xsd
ce38393d70e384875544370b025dbb18831a8ab6	xsdrt/maindoc/UBL-DigitalCapability-2.5.xsd
5cd929dacab1dcb15bafe6118b5e5a8daef51d2d	xsdrt/maindoc/UBL-DocumentStatus-2.5.xsd
99d1c3c4ff70e1f670943710f3a137f47b6cd156	xsdrt/maindoc/UBL-DocumentStatusRequest-2.5.xsd
c32d9edd6db1325655e4df329911b1e868bebca6	xsdrt/maindoc/UBL-Enquiry-2.5.xsd
b5d3b8829fa6d877b8edd7216eaaa7c0329733ef	xsdrt/maindoc/UBL-EnquiryResponse-2.5.xsd
fc077917be62e4bf0a2967099dfbc3754d99e5d7	xsdrt/maindoc/UBL-ExceptionCriteria-2.5.xsd
782b641ec4a9923bf5530ad23a09f9fea6cb9c5f	xsdrt/maindoc/UBL-ExceptionNotification-2.5.xsd
68f9a73e8b8e75a1e7e11183ec326b041f27db68	xsdrt/maindoc/UBL-ExportCustomsDeclaration-2.5.xsd
8020aa49f20736a8dd304f3746ae9df512532e7f	xsdrt/maindoc/UBL-ExpressionOfInterestRequest-2.5.xsd
c71c6827b6d30d8a2d8e37e86c36eb91ea930542	xsdrt/maindoc/UBL-ExpressionOfInterestResponse-2.5.xsd
0c150985838d576f55ee7cb42bb168dacc12ccef	xsdrt/maindoc/UBL-Forecast-2.5.xsd
c28df3cb6b0a023e486279fe238a006f129c4a3d	xsdrt/maindoc/UBL-ForecastRevision-2.5.xsd
20b355bbfdb33eec883994e013ec38fb95e237b2	xsdrt/maindoc/UBL-ForwardingInstructions-2.5.xsd
0acde7f13cfac4e9c56d53732b9944dd5d0107f6	xsdrt/maindoc/UBL-FreightInvoice-2.5.xsd
da2ff22b8f5d33147bb8a7e442a940574962571d	xsdrt/maindoc/UBL-FulfilmentCancellation-2.5.xsd
be2d6364247da5c16c28b63a009eb28c907d67ad	xsdrt/maindoc/UBL-GoodsCertificate-2.5.xsd
08bd92443e3853863ca991abbdbf320d15ae3db8	xsdrt/maindoc/UBL-GoodsItemItinerary-2.5.xsd
7dfff6d04dbd0827299ddbdcad6ef1f6b01b9593	xsdrt/maindoc/UBL-GoodsItemPassport-2.5.xsd
27c40277edfd41df398938adb3ccdd89bfa8d322	xsdrt/maindoc/UBL-GuaranteeCertificate-2.5.xsd
3f119df7894218b5c834eb4131f408d1187f481f	xsdrt/maindoc/UBL-ImportCustomsDeclaration-2.5.xsd
209b2ebdff017ed3168890ac20850b9314c4e690	xsdrt/maindoc/UBL-InstructionForReturns-2.5.xsd
4c3dc5f00e51794854939dcabbec8799b32acc46	xsdrt/maindoc/UBL-InventoryReport-2.5.xsd
2e5ad0818bcd07274b56bd978c2a23bf1502a116	xsdrt/maindoc/UBL-Invoice-2.5.xsd
8b25c55a89979d701cc945b72539b33ddd24d94a	xsdrt/maindoc/UBL-InvoiceStatusRequest-2.5.xsd
73bf1721b40fce6bbcd4db1de9644b686b4934e3	xsdrt/maindoc/UBL-InvoiceStatusResponse-2.5.xsd
f4f8edb17eb9398f1d25b2ad20b6de283eaf0f33	xsdrt/maindoc/UBL-ItemInformationRequest-2.5.xsd
423c3747cf1a6ad57e474b7ab488688187bbc7da	xsdrt/maindoc/UBL-Manifest-2.5.xsd
15bd7e1a3a6e1163182fd7e7b952a8dc39dcd684	xsdrt/maindoc/UBL-Order-2.5.xsd
379ca064f5db9170a1ce3f17575b6db078ba29cd	xsdrt/maindoc/UBL-OrderCancellation-2.5.xsd
58402e15b4e1e69c6425bddb28366dbefe76efae	xsdrt/maindoc/UBL-OrderChange-2.5.xsd
b8b411430809bf853ba0652835d0b6aa7e981124	xsdrt/maindoc/UBL-OrderResponse-2.5.xsd
932d847b17c323c373b9033e80faa3324c330805	xsdrt/maindoc/UBL-OrderResponseSimple-2.5.xsd
f03f9b61bba04061e0b4c00979d5eb6eba288654	xsdrt/maindoc/UBL-PackingList-2.5.xsd
8c5f454151e32c334cfa65b67f1faf0dedf28c24	xsdrt/maindoc/UBL-PriorInformationNotice-2.5.xsd
4887aa44eb27774a35da16317e97d00768483afe	xsdrt/maindoc/UBL-ProcurementStatus-2.5.xsd
2cda0000cc7ef9ea983ecca2e5410dac5e8be5bb	xsdrt/maindoc/UBL-ProcurementStatusRequest-2.5.xsd
6924910b75c89b72212042f5bb7c09c5f39e978f	xsdrt/maindoc/UBL-ProductActivity-2.5.xsd
c4b93aee55d8f6a9746c04ed72a1d0bed02806d4	xsdrt/maindoc/UBL-ProofOfReexportation-2.5.xsd
12d0d22121c5b731e1b077276e9ce6f2ac0b955d	xsdrt/maindoc/UBL-ProofOfReexportationReminder-2.5.xsd
3350de6ac74b6dc4f4bdbc04c1ba24b8033e729d	xsdrt/maindoc/UBL-ProofOfReexportationRequest-2.5.xsd
b6de91b3c26c5d68c867781add6a7b35e09019bd	xsdrt/maindoc/UBL-PurchaseReceipt-2.5.xsd
fa9980495006ea9b87e8a32aae2e5d087b596a62	xsdrt/maindoc/UBL-QualificationApplicationRequest-2.5.xsd
0717f28aa742f14ce72f7ec3a34ad44843bb49a9	xsdrt/maindoc/UBL-QualificationApplicationResponse-2.5.xsd
4331cfdc263fbabecd983172d6a50e6597d84041	xsdrt/maindoc/UBL-Quotation-2.5.xsd
6db572c8a16c887de9e4a07dfa0127e0d669abb1	xsdrt/maindoc/UBL-ReceiptAdvice-2.5.xsd
cc8db4888f33962c409c0a0fd8d59e27783f3a69	xsdrt/maindoc/UBL-Reminder-2.5.xsd
2f99b4e8706279b48a5dc9336522183366949f62	xsdrt/maindoc/UBL-RemittanceAdvice-2.5.xsd
dbbf18cd52d832be21f370f9c82f428cea3d6a26	xsdrt/maindoc/UBL-RequestForQuotation-2.5.xsd
208837b5b8118385acfecfdac32e0a60c43ffb4c	xsdrt/maindoc/UBL-RetailEvent-2.5.xsd
1b7b0a57ab36a45b4f4dd200366dddb2f276982b	xsdrt/maindoc/UBL-SelfBilledCreditNote-2.5.xsd
72fdce5ac23f727065e28be062386aab9847afb9	xsdrt/maindoc/UBL-SelfBilledInvoice-2.5.xsd
d64b121c9bdd8e7dd7507660f5b0a5bcca22d762	xsdrt/maindoc/UBL-Statement-2.5.xsd
cc6473596bd1caa4df1a557069c7dc048c2ddc6d	xsdrt/maindoc/UBL-StockAvailabilityReport-2.5.xsd
9bc0382a09622226fd367545f5710222fca18372	xsdrt/maindoc/UBL-Tender-2.5.xsd
246bf06d3dca0d87c5b5b1ce1c8b0af7d8941592	xsdrt/maindoc/UBL-TenderContract-2.5.xsd
071a5cd785ae27ae012ee0e80451197b7e3e70f8	xsdrt/maindoc/UBL-TenderReceipt-2.5.xsd
3b501ead3a8c9d9d3f1e9622b7c920446ad10484	xsdrt/maindoc/UBL-TenderStatus-2.5.xsd
257a2593423f8fe46d99eae297edbc6e64b267e0	xsdrt/maindoc/UBL-TenderStatusRequest-2.5.xsd
156898fe9587cce2cb32b06f31666a9c25265181	xsdrt/maindoc/UBL-TenderWithdrawal-2.5.xsd
5ce5fb157953a6cd88c4a12e141f11ce03e08ce7	xsdrt/maindoc/UBL-TendererQualification-2.5.xsd
8a1fcf23f423243bc8a72ba8b6a6995b40670d96	xsdrt/maindoc/UBL-TendererQualificationResponse-2.5.xsd
143e8d0f7dd73e677106790ef71de27946c1bace	xsdrt/maindoc/UBL-TradeItemLocationProfile-2.5.xsd
2c806b66c76730f732847a4afed56a18fa4e9480	xsdrt/maindoc/UBL-TransitCustomsDeclaration-2.5.xsd
19223f4cd65090ca4ef9e321ac57da7eb22ccc37	xsdrt/maindoc/UBL-TransportExecutionPlan-2.5.xsd
5d69a7a4496ce546bdcbcb6f2c58c4140fa692a5	xsdrt/maindoc/UBL-TransportExecutionPlanRequest-2.5.xsd
d1a1bedf5688187d24e8ffaa0aa941c753fafdc9	xsdrt/maindoc/UBL-TransportProgressStatus-2.5.xsd
ad3e2b60bfa269130bec5a9bdee244988506e248	xsdrt/maindoc/UBL-TransportProgressStatusRequest-2.5.xsd
00b73ec25b3f2cc7303c916c7bb1e050a24f0de7	xsdrt/maindoc/UBL-TransportServiceDescription-2.5.xsd
ede62b46a4a64b4ddc56deb8fcb5023d4eb7874d	xsdrt/maindoc/UBL-TransportServiceDescriptionRequest-2.5.xsd
c5b673cf5183c2463b4a29415734d91b1f891abb	xsdrt/maindoc/UBL-TransportationStatus-2.5.xsd
56b594bde5d6965ff047de745eef9e9cd4181408	xsdrt/maindoc/UBL-TransportationStatusRequest-2.5.xsd
4866ecb13d7393e4a801cfe00cffd0089726e57d	xsdrt/maindoc/UBL-UnawardedNotification-2.5.xsd
5f1e71e19c50983d20d054dfd830bdb9ab6b149c	xsdrt/maindoc/UBL-UnsubscribeFromProcedureRequest-2.5.xsd
44f29d8288d4205c0d79bf5eb44de875206ed164	xsdrt/maindoc/UBL-UnsubscribeFromProcedureResponse-2.5.xsd
8d7de891d1596f231cded790fe1fce87f84ed541	xsdrt/maindoc/UBL-UtilityStatement-2.5.xsd
a610c8b50aab41ec09ebf0b912c8862523aa42a7	xsdrt/maindoc/UBL-WasteMovement-2.5.xsd
e8510b1e3b10255e8ab135720d62c7db2eeac3da	xsdrt/maindoc/UBL-WasteNotification-2.5.xsd
de9bdf1bc65c1e8be5d861e7f86764881ab4985f	xsdrt/maindoc/UBL-Waybill-2.5.xsd
cc1164a5608a3fa763dedce51a55bcafcd2191b8	xsdrt/maindoc/UBL-WeightStatement-2.5.xsd
90538bbe0ca540017020ada32f2f5e3d926dc67d	xsdrt/maindoc/UBL-WorkReport-2.5.xsd
