Build started at: $(date)
Building package...
Buildfile: /home/user/ubl/build.xml

make:
     [echo] build.xml - UBL-2.5 csd01 test-20251106-1143 (github - 2025-11-06 13:33:30)
     [echo] 
     [echo] !!!!!!!!!!!!!! Incomplete execution requested: documentation not being generated in the absence of secret values!!!!!!!!!!!!!!!!
     [echo] dir=/home/user/ubl/target
     [echo] thisdir=/home/user/ubl
     [echo] utilitydir=/home/user/ubl/utilities/
     [echo] rawdir=raw
     [echo] title=UBL 2.5
     [echo] package=UBL-2.5
     [echo] UBLversion=2.5
     [echo] UBLstage=csd01
     [echo] UBLprevStageVersion=2.4
     [echo] UBLprevStage=os
     [echo] UBLprevVersion=2.4
     [echo] abieExtensions=yes
     [echo] label=test-20251106-1143
     [echo] platform=github
     [echo] libraryGoogle=https://docs.google.com/spreadsheets/d/18o1YqjHWUw0-s8mb3ja4i99obOUhs-4zpgso6RZrGaY
     [echo] documentsGoogle=https://docs.google.com/spreadsheets/d/1024Th-Uj8cqliNEJc-3pDOR7DxAAW7gCG4e-pbtarsg
     [echo] signatureGoogle=https://docs.google.com/spreadsheets/d/1T6z2NZ4mc69YllZOXE5TnT5Ey-FlVtaXN1oQ4AIMp7g
     [echo] localTime=2025-11-06 13:33:30
     [echo] Running on Java: 1.8.0_462 from /usr/lib/jvm/java-8-openjdk-amd64/jre (Private Build)
     [echo] Using Apache Ant version: Apache Ant(TM) version 1.9.7 compiled on April 9 2016
     [echo] Classpath: utilities/saxon/saxon.jar:utilities/ant/lib/ant-launcher.jar:utilities/saxon9he/saxon9he.jar:/home/user/ubl/utilities/ant/lib/ant-swing.jar:/home/user/ubl/utilities/ant/lib/AntelopeTasks_3.5.1.jar:/home/user/ubl/utilities/ant/lib/jakarta-oro-2.0.8.jar:/home/user/ubl/utilities/ant/lib/ant-contrib-1.0b3.jar:/home/user/ubl/utilities/ant/lib/ant-testutil.jar:/home/user/ubl/utilities/ant/lib/commons-net-1.4.1.jar:/home/user/ubl/utilities/ant/lib/ant-jmf.jar:/home/user/ubl/utilities/ant/lib/ant-apache-regexp.jar:/home/user/ubl/utilities/ant/lib/commons-cli-1.1.jar:/home/user/ubl/utilities/ant/lib/ant-launcher.jar:/home/user/ubl/utilities/ant/lib/ant-apache-xalan2.jar:/home/user/ubl/utilities/ant/lib/ant-javamail.jar:/home/user/ubl/utilities/ant/lib/ant-jdepend.jar:/home/user/ubl/utilities/ant/lib/ant-apache-bcel.jar:/home/user/ubl/utilities/ant/lib/ant-jsch.jar:/home/user/ubl/utilities/ant/lib/ant-junit.jar:/home/user/ubl/utilities/ant/lib/ant-commons-net.jar:/home/user/ubl/utilities/ant/lib/ant-junit4.jar:/home/user/ubl/utilities/ant/lib/ant-apache-oro.jar:/home/user/ubl/utilities/ant/lib/jsch-0.1.42.jar:/home/user/ubl/utilities/ant/lib/ant-netrexx.jar:/home/user/ubl/utilities/ant/lib/ant-apache-resolver.jar:/home/user/ubl/utilities/ant/lib/ant-antlr.jar:/home/user/ubl/utilities/ant/lib/ant-commons-logging.jar:/home/user/ubl/utilities/ant/lib/saxon.jar:/home/user/ubl/utilities/ant/lib/ant-apache-bsf.jar:/home/user/ubl/utilities/ant/lib/log4j-1.2.14.jar:/home/user/ubl/utilities/ant/lib/ant.jar:/home/user/ubl/utilities/ant/lib/xml-dir-listing.0.2.jar:/home/user/ubl/utilities/ant/lib/jing.jar:/home/user/ubl/utilities/ant/lib/isorelax.jar:/home/user/ubl/utilities/ant/lib/ant-apache-log4j.jar:/home/user/ubl/utilities/ant/lib/jakarta-regexp-1.5.jar:/home/user/ubl/utilities/ant/lib/ant-jai.jar:/usr/lib/jvm/java-8-openjdk-amd64/lib/tools.jar

-make-artefacts:
     [copy] Copying 2970 files to /home/user/ubl/target
     [copy] Copied 159 empty directories to 2 empty directories under /home/user/ubl/target
   [delete] Deleting: /home/user/ubl/target/UBL-Signature-Entities-2.5.gc
   [delete] Deleting: /home/user/ubl/target/UBL-Entities-2.5.gc
   [delete] Deleting: /home/user/ubl/target/UBL-Endorsed-Entities-2.5.gc
     [exec] --2025-11-06 13:33:40--  https://docs.google.com/spreadsheets/d/1T6z2NZ4mc69YllZOXE5TnT5Ey-FlVtaXN1oQ4AIMp7g/export?format=ods
     [exec] Connecting to 21.0.0.3:15004... connected.
     [exec] Proxy request sent, awaiting response... 307 Temporary Redirect
     [exec] Location: https://doc-0g-40-sheets.googleusercontent.com/export/54bogvaave6cua4cdnls17ksc4/pkb7shjvuatlqsdtu2np7e2img/1762436020000/102072625387447290792/*/1T6z2NZ4mc69YllZOXE5TnT5Ey-FlVtaXN1oQ4AIMp7g?format=ods [following]
     [exec] Warning: wildcards not supported in HTTP.
     [exec] --2025-11-06 13:33:40--  https://doc-0g-40-sheets.googleusercontent.com/export/54bogvaave6cua4cdnls17ksc4/pkb7shjvuatlqsdtu2np7e2img/1762436020000/102072625387447290792/*/1T6z2NZ4mc69YllZOXE5TnT5Ey-FlVtaXN1oQ4AIMp7g?format=ods
     [exec] Connecting to 21.0.0.3:15004... connected.
     [exec] Proxy request sent, awaiting response... 200 OK
     [exec] Length: unspecified [application/vnd.oasis.opendocument.spreadsheet]
     [exec] Saving to: '/home/user/ubl/target/UBL-Signature-Google.ods'
     [exec] 
     [exec]      0K .......... ......                                      59.9M=0s
     [exec] 
     [exec] 2025-11-06 13:33:43 (59.9 MB/s) - '/home/user/ubl/target/UBL-Signature-Google.ods' saved [16388]
     [exec] 

-ods2gc:
     [echo] Rebuilding "/home/user/ubl/target/UBL-Signature-Entities-2.5.gc" GC file...
     [echo] Validating "/home/user/ubl/target/UBL-Signature-Entities-2.5.gc" GC file...
     [java] Attempting validating, namespace-aware parse
     [java] Parse succeeded (0.77) with no errors and no warnings.
     [copy] Copying 1 file to /home/user/ubl/target/csd01-2.5/mod
     [exec] --2025-11-06 13:33:44--  https://docs.google.com/spreadsheets/d/18o1YqjHWUw0-s8mb3ja4i99obOUhs-4zpgso6RZrGaY/export?format=ods
     [exec] Connecting to 21.0.0.3:15004... connected.
     [exec] Proxy request sent, awaiting response... 307 Temporary Redirect
     [exec] Location: https://doc-0g-40-sheets.googleusercontent.com/export/54bogvaave6cua4cdnls17ksc4/ime9tsinai2mhqeph6vnghdvgs/1762436025000/102072625387447290792/*/18o1YqjHWUw0-s8mb3ja4i99obOUhs-4zpgso6RZrGaY?format=ods [following]
     [exec] Warning: wildcards not supported in HTTP.
     [exec] --2025-11-06 13:33:45--  https://doc-0g-40-sheets.googleusercontent.com/export/54bogvaave6cua4cdnls17ksc4/ime9tsinai2mhqeph6vnghdvgs/1762436025000/102072625387447290792/*/18o1YqjHWUw0-s8mb3ja4i99obOUhs-4zpgso6RZrGaY?format=ods
     [exec] Connecting to 21.0.0.3:15004... connected.
     [exec] Proxy request sent, awaiting response... 200 OK
     [exec] Length: unspecified [application/vnd.oasis.opendocument.spreadsheet]
     [exec] Saving to: '/home/user/ubl/target/UBL-Library-Google.ods'
     [exec] 
     [exec]      0K .......... .......... .......... .......... .......... 82.2M
     [exec]     50K .......... .......... .......... .......... .......... 48.2M
     [exec]    100K .......... .......... .......... .......... ..........  107M
     [exec]    150K .......... .......... .......... .......... .......... 79.4M
     [exec]    200K .......... .......... .......... .......... ..........  140M
     [exec]    250K .......... .......... .......... .......... .......... 93.6M
     [exec]    300K .......... .......... .......... .......... ..........  136M
     [exec]    350K .......... .......... .......... .......... ..........  112M
     [exec]    400K .......... .......... .......... .......... ..........  130M
     [exec]    450K .......... .......... .......... .......... ..........  122M
     [exec]    500K .......... .......... .......... .......... ..........  129M
     [exec]    550K .......... .......... .......... .......... ..........  126M
     [exec]    600K .......... .......... ....                              157M=0.006s
     [exec] 
     [exec] 2025-11-06 13:33:53 (101 MB/s) - '/home/user/ubl/target/UBL-Library-Google.ods' saved [639306]
     [exec] 
     [exec] --2025-11-06 13:33:53--  https://docs.google.com/spreadsheets/d/1024Th-Uj8cqliNEJc-3pDOR7DxAAW7gCG4e-pbtarsg/export?format=ods
     [exec] Connecting to 21.0.0.3:15004... connected.
     [exec] Proxy request sent, awaiting response... 307 Temporary Redirect
     [exec] Location: https://doc-14-40-sheets.googleusercontent.com/export/54bogvaave6cua4cdnls17ksc4/tu30obc6dp6h2h3dgp9a0uvgak/1762436030000/102072625387447290792/*/1024Th-Uj8cqliNEJc-3pDOR7DxAAW7gCG4e-pbtarsg?format=ods [following]
     [exec] Warning: wildcards not supported in HTTP.
     [exec] --2025-11-06 13:33:53--  https://doc-14-40-sheets.googleusercontent.com/export/54bogvaave6cua4cdnls17ksc4/tu30obc6dp6h2h3dgp9a0uvgak/1762436030000/102072625387447290792/*/1024Th-Uj8cqliNEJc-3pDOR7DxAAW7gCG4e-pbtarsg?format=ods
     [exec] Connecting to 21.0.0.3:15004... connected.
     [exec] Proxy request sent, awaiting response... 200 OK
     [exec] Length: unspecified [application/vnd.oasis.opendocument.spreadsheet]
     [exec] Saving to: '/home/user/ubl/target/UBL-Documents-Google.ods'
     [exec] 
     [exec]      0K .......... .......... .......... .......... .......... 62.6M
     [exec]     50K .......... .......... .......... .......... .......... 94.4M
     [exec]    100K .......... .......... .......... .......... .......... 95.1M
     [exec]    150K .......... .......... .......... .......... ..........  122M
     [exec]    200K .......... .......... .......... .......... ..........  114M
     [exec]    250K .......... .......... .......... .......... ..........  140M
     [exec]    300K .......... .......... .......... .......... ..........  110M
     [exec]    350K .......... .......... .......... .......... ..........  125M
     [exec]    400K .......... .......... .......... .......... .......... 59.8M
     [exec]    450K .......... .......... .......... .......... ..........  141M
     [exec]    500K .......... .......... .......... .......... ..........  106M
     [exec]    550K .......... .......... .......... .......... .......... 32.0M
     [exec]    600K .......... .......... .......... .......... .......... 44.2M
     [exec]    650K .......... .......... .......... .......... .......... 31.3M
     [exec]    700K .......... .......... .......... .......... .......... 97.8M
     [exec]    750K .......... .......... .......... .......... .......... 72.4M
     [exec]    800K .......... .......... .......... .......... ..........  104M
     [exec]    850K .......... .......... .......... ..........             152M=0.01s
     [exec] 
     [exec] 2025-11-06 13:34:18 (75.4 MB/s) - '/home/user/ubl/target/UBL-Documents-Google.ods' saved [911958]
     [exec] 

-ods2gc:
     [echo] Rebuilding "/home/user/ubl/target/UBL-Entities-2.5.gc" GC file...
     [echo] Validating "/home/user/ubl/target/UBL-Entities-2.5.gc" GC file...
     [java] Attempting validating, namespace-aware parse
     [java] Parse succeeded (0.461) with no errors and no warnings.
     [copy] Copying 1 file to /home/user/ubl/target/csd01-2.5/mod

-ods2gc:
     [echo] Rebuilding "/home/user/ubl/target/UBL-Endorsed-Entities-2.5-raw.gc" GC file...
     [echo] Validating "/home/user/ubl/target/UBL-Endorsed-Entities-2.5-raw.gc" GC file...
     [java] Attempting validating, namespace-aware parse
     [java] Parse succeeded (0.452) with no errors and no warnings.
     [echo] Converting UBL-Endorsed-Entities-2.5-raw.gc to UBL-Endorsed-Entities-2.5.gc
   [delete] Deleting: /home/user/ubl/target/UBL-Endorsed-Entities-2.5-raw.gc
     [echo] Temporarily creating shadow UBL Endorsed 2.4 from UBL Endorsed 2.5 because it doesn't exist
     [copy] Copying 1 file to /home/user/ubl/target
     [copy] Copying 1 file to /home/user/ubl/target/Endorsed-csd01-2.5/mod

-gc2ndr-check-only:
     [echo] Checking "/home/user/ubl/target/UBL-Entities-2.5.gc" GC file against NDR and old "/home/user/ubl/target/UBL-Entities-2.4-os.gc" to create "/home/user/ubl/target/check-ubl-2.5-csd01-ubl-2.4-os.html"...
     [echo] Fail setting = no
     [echo] Return check: 0
     [echo] Error check: 
     [echo] Spell-checking the resulting word list into /home/user/ubl/target/unexpectedWords.txt (run aspell -l EN -p /home/user/ubl/target/spellcheck-UBL.txt check /home/user/ubl/target/wordlist-UBL-2.5.txt if abend)...
     [exec] 0

-gc2ndr:

-gc2ndr-check-only:
     [echo] Checking "/home/user/ubl/target/UBL-Entities-2.5.gc" GC file against NDR and old "/home/user/ubl/target/UBL-Entities-2.4-os.gc" to create "/home/user/ubl/target/check-ubl-2.5-csd01-ubl-2.4-os.html"...
     [echo] Fail setting = yes
     [echo] Return check: 0
     [echo] Error check: 
     [echo] Spell-checking the resulting word list into /home/user/ubl/target/unexpectedWords.txt (run aspell -l EN -p /home/user/ubl/target/spellcheck-UBL.txt check /home/user/ubl/target/wordlist-UBL-2.5.txt if abend)...
     [exec] 0

-gc2ndr-check-only:
     [echo] Checking "/home/user/ubl/target/UBL-Endorsed-Entities-2.5.gc" GC file against NDR and old "/home/user/ubl/target/UBL-Endorsed-Entities-2.4-os.gc" to create "/home/user/ubl/target/check-ubl-endorsed-2.5-csd01-ubl-2.4-os.html"...
     [echo] Fail setting = no
     [echo] Return check: 0
     [echo] Error check: 
     [echo] Spell-checking the resulting word list into /home/user/ubl/target/unexpectedWords.txt (run aspell -l EN -p /home/user/ubl/target/spellcheck-UBL.txt check /home/user/ubl/target/wordlist-UBL-2.5.txt if abend)...
     [exec] 0

-gc2ndr:

-gc2ndr-check-only:
     [echo] Checking "/home/user/ubl/target/UBL-Endorsed-Entities-2.5.gc" GC file against NDR and old "/home/user/ubl/target/UBL-Endorsed-Entities-2.4-os.gc" to create "/home/user/ubl/target/check-ubl-endorsed-2.5-csd01-ubl-2.4-os.html"...
     [echo] Fail setting = yes
     [echo] Return check: 0
     [echo] Error check: 
     [echo] Spell-checking the resulting word list into /home/user/ubl/target/unexpectedWords.txt (run aspell -l EN -p /home/user/ubl/target/spellcheck-UBL.txt check /home/user/ubl/target/wordlist-UBL-2.5.txt if abend)...
     [exec] 0

-artefacts:
     [echo] Creating Schematron Additional Document Constraints from UBL-Entities-2.5.gc ...

-gc2cva:
     [echo] Creating CVA/XSD from "/home/user/ubl/target/UBL-Entities-2.5.gc" GC file...
     [java] Creating cva/UBL-DefaultDTQ-2.5.cva ...
     [java] Creating xsd/maindoc/UBL-ApplicationResponse-2.5.xsd ...
     [java] Creating xsd/maindoc/UBL-AttachedDocument-2.5.xsd ...
     [java] Creating xsd/maindoc/UBL-AwardedNotification-2.5.xsd ...
     [java] Creating xsd/maindoc/UBL-BillOfLading-2.5.xsd ...
     [java] Creating xsd/maindoc/UBL-BusinessCard-2.5.xsd ...
     [java] Creating xsd/maindoc/UBL-BusinessInformation-2.5.xsd ...
     [java] Creating xsd/maindoc/UBL-CallForTenders-2.5.xsd ...
     [java] Creating xsd/maindoc/UBL-CertificateOfOrigin-2.5.xsd ...
     [java] Creating xsd/maindoc/UBL-CommonTransportationReport-2.5.xsd ...
     [java] Creating xsd/maindoc/UBL-ContractAwardNotice-2.5.xsd ...
     [java] Creating xsd/maindoc/UBL-ContractNotice-2.5.xsd ...
     [java] Creating xsd/maindoc/UBL-CreditNote-2.5.xsd ...
     [java] Creating xsd/maindoc/UBL-Catalogue-2.5.xsd ...
     [java] Creating xsd/maindoc/UBL-CatalogueDeletion-2.5.xsd ...
     [java] Creating xsd/maindoc/UBL-CatalogueItemSpecificationUpdate-2.5.xsd ...
     [java] Creating xsd/maindoc/UBL-CataloguePricingUpdate-2.5.xsd ...
     [java] Creating xsd/maindoc/UBL-CatalogueRequest-2.5.xsd ...
     [java] Creating xsd/maindoc/UBL-DebitNote-2.5.xsd ...
     [java] Creating xsd/maindoc/UBL-DeliveryNote-2.5.xsd ...
     [java] Creating xsd/maindoc/UBL-DespatchAdvice-2.5.xsd ...
     [java] Creating xsd/maindoc/UBL-DigitalAgreement-2.5.xsd ...
     [java] Creating xsd/maindoc/UBL-DigitalCapability-2.5.xsd ...
     [java] Creating xsd/maindoc/UBL-DocumentStatus-2.5.xsd ...
     [java] Creating xsd/maindoc/UBL-DocumentStatusRequest-2.5.xsd ...
     [java] Creating xsd/maindoc/UBL-Enquiry-2.5.xsd ...
     [java] Creating xsd/maindoc/UBL-EnquiryResponse-2.5.xsd ...
     [java] Creating xsd/maindoc/UBL-ExceptionCriteria-2.5.xsd ...
     [java] Creating xsd/maindoc/UBL-ExceptionNotification-2.5.xsd ...
     [java] Creating xsd/maindoc/UBL-ExportCustomsDeclaration-2.5.xsd ...
     [java] Creating xsd/maindoc/UBL-ExpressionOfInterestRequest-2.5.xsd ...
     [java] Creating xsd/maindoc/UBL-ExpressionOfInterestResponse-2.5.xsd ...
     [java] Creating xsd/maindoc/UBL-Forecast-2.5.xsd ...
     [java] Creating xsd/maindoc/UBL-ForecastRevision-2.5.xsd ...
     [java] Creating xsd/maindoc/UBL-ForwardingInstructions-2.5.xsd ...
     [java] Creating xsd/maindoc/UBL-FreightInvoice-2.5.xsd ...
     [java] Creating xsd/maindoc/UBL-FulfilmentCancellation-2.5.xsd ...
     [java] Creating xsd/maindoc/UBL-GoodsCertificate-2.5.xsd ...
     [java] Creating xsd/maindoc/UBL-GoodsItemItinerary-2.5.xsd ...
     [java] Creating xsd/maindoc/UBL-GoodsItemPassport-2.5.xsd ...
     [java] Creating xsd/maindoc/UBL-GuaranteeCertificate-2.5.xsd ...
     [java] Creating xsd/maindoc/UBL-ImportCustomsDeclaration-2.5.xsd ...
     [java] Creating xsd/maindoc/UBL-InstructionForReturns-2.5.xsd ...
     [java] Creating xsd/maindoc/UBL-InventoryReport-2.5.xsd ...
     [java] Creating xsd/maindoc/UBL-Invoice-2.5.xsd ...
     [java] Creating xsd/maindoc/UBL-InvoiceStatusRequest-2.5.xsd ...
     [java] Creating xsd/maindoc/UBL-InvoiceStatusResponse-2.5.xsd ...
     [java] Creating xsd/maindoc/UBL-ItemInformationRequest-2.5.xsd ...
     [java] Creating xsd/maindoc/UBL-Manifest-2.5.xsd ...
     [java] Creating xsd/maindoc/UBL-Order-2.5.xsd ...
     [java] Creating xsd/maindoc/UBL-OrderCancellation-2.5.xsd ...
     [java] Creating xsd/maindoc/UBL-OrderChange-2.5.xsd ...
     [java] Creating xsd/maindoc/UBL-OrderResponse-2.5.xsd ...
     [java] Creating xsd/maindoc/UBL-OrderResponseSimple-2.5.xsd ...
     [java] Creating xsd/maindoc/UBL-PackingList-2.5.xsd ...
     [java] Creating xsd/maindoc/UBL-PriorInformationNotice-2.5.xsd ...
     [java] Creating xsd/maindoc/UBL-ProcurementStatus-2.5.xsd ...
     [java] Creating xsd/maindoc/UBL-ProcurementStatusRequest-2.5.xsd ...
     [java] Creating xsd/maindoc/UBL-ProductActivity-2.5.xsd ...
     [java] Creating xsd/maindoc/UBL-ProofOfReexportation-2.5.xsd ...
     [java] Creating xsd/maindoc/UBL-ProofOfReexportationReminder-2.5.xsd ...
     [java] Creating xsd/maindoc/UBL-ProofOfReexportationRequest-2.5.xsd ...
     [java] Creating xsd/maindoc/UBL-PurchaseReceipt-2.5.xsd ...
     [java] Creating xsd/maindoc/UBL-QualificationApplicationRequest-2.5.xsd ...
     [java] Creating xsd/maindoc/UBL-QualificationApplicationResponse-2.5.xsd ...
     [java] Creating xsd/maindoc/UBL-Quotation-2.5.xsd ...
     [java] Creating xsd/maindoc/UBL-ReceiptAdvice-2.5.xsd ...
     [java] Creating xsd/maindoc/UBL-Reminder-2.5.xsd ...
     [java] Creating xsd/maindoc/UBL-RemittanceAdvice-2.5.xsd ...
     [java] Creating xsd/maindoc/UBL-RequestForQuotation-2.5.xsd ...
     [java] Creating xsd/maindoc/UBL-RetailEvent-2.5.xsd ...
     [java] Creating xsd/maindoc/UBL-SelfBilledCreditNote-2.5.xsd ...
     [java] Creating xsd/maindoc/UBL-SelfBilledInvoice-2.5.xsd ...
     [java] Creating xsd/maindoc/UBL-Statement-2.5.xsd ...
     [java] Creating xsd/maindoc/UBL-StockAvailabilityReport-2.5.xsd ...
     [java] Creating xsd/maindoc/UBL-Tender-2.5.xsd ...
     [java] Creating xsd/maindoc/UBL-TenderContract-2.5.xsd ...
     [java] Creating xsd/maindoc/UBL-TenderReceipt-2.5.xsd ...
     [java] Creating xsd/maindoc/UBL-TenderStatus-2.5.xsd ...
     [java] Creating xsd/maindoc/UBL-TenderStatusRequest-2.5.xsd ...
     [java] Creating xsd/maindoc/UBL-TenderWithdrawal-2.5.xsd ...
     [java] Creating xsd/maindoc/UBL-TendererQualification-2.5.xsd ...
     [java] Creating xsd/maindoc/UBL-TendererQualificationResponse-2.5.xsd ...
     [java] Creating xsd/maindoc/UBL-TradeItemLocationProfile-2.5.xsd ...
     [java] Creating xsd/maindoc/UBL-TransitCustomsDeclaration-2.5.xsd ...
     [java] Creating xsd/maindoc/UBL-TransportationStatus-2.5.xsd ...
     [java] Creating xsd/maindoc/UBL-TransportationStatusRequest-2.5.xsd ...
     [java] Creating xsd/maindoc/UBL-TransportExecutionPlan-2.5.xsd ...
     [java] Creating xsd/maindoc/UBL-TransportExecutionPlanRequest-2.5.xsd ...
     [java] Creating xsd/maindoc/UBL-TransportProgressStatus-2.5.xsd ...
     [java] Creating xsd/maindoc/UBL-TransportProgressStatusRequest-2.5.xsd ...
     [java] Creating xsd/maindoc/UBL-TransportServiceDescription-2.5.xsd ...
     [java] Creating xsd/maindoc/UBL-TransportServiceDescriptionRequest-2.5.xsd ...
     [java] Creating xsd/maindoc/UBL-UnawardedNotification-2.5.xsd ...
     [java] Creating xsd/maindoc/UBL-UnsubscribeFromProcedureRequest-2.5.xsd ...
     [java] Creating xsd/maindoc/UBL-UnsubscribeFromProcedureResponse-2.5.xsd ...
     [java] Creating xsd/maindoc/UBL-UtilityStatement-2.5.xsd ...
     [java] Creating xsd/maindoc/UBL-Waybill-2.5.xsd ...
     [java] Creating xsd/maindoc/UBL-WeightStatement-2.5.xsd ...
     [java] Creating xsd/maindoc/UBL-WorkReport-2.5.xsd ...
     [java] Creating json-schema-legacy/maindoc/UBL-ApplicationResponse-2.5.json ...
     [java] Creating json-schema-legacy/maindoc/UBL-AttachedDocument-2.5.json ...
     [java] Creating json-schema-legacy/maindoc/UBL-AwardedNotification-2.5.json ...
     [java] Creating json-schema-legacy/maindoc/UBL-BillOfLading-2.5.json ...
     [java] Creating json-schema-legacy/maindoc/UBL-BusinessCard-2.5.json ...
     [java] Creating json-schema-legacy/maindoc/UBL-BusinessInformation-2.5.json ...
     [java] Creating json-schema-legacy/maindoc/UBL-CallForTenders-2.5.json ...
     [java] Creating json-schema-legacy/maindoc/UBL-CertificateOfOrigin-2.5.json ...
     [java] Creating json-schema-legacy/maindoc/UBL-CommonTransportationReport-2.5.json ...
     [java] Creating json-schema-legacy/maindoc/UBL-ContractAwardNotice-2.5.json ...
     [java] Creating json-schema-legacy/maindoc/UBL-ContractNotice-2.5.json ...
     [java] Creating json-schema-legacy/maindoc/UBL-CreditNote-2.5.json ...
     [java] Creating json-schema-legacy/maindoc/UBL-Catalogue-2.5.json ...
     [java] Creating json-schema-legacy/maindoc/UBL-CatalogueDeletion-2.5.json ...
     [java] Creating json-schema-legacy/maindoc/UBL-CatalogueItemSpecificationUpdate-2.5.json ...
     [java] Creating json-schema-legacy/maindoc/UBL-CataloguePricingUpdate-2.5.json ...
     [java] Creating json-schema-legacy/maindoc/UBL-CatalogueRequest-2.5.json ...
     [java] Creating json-schema-legacy/maindoc/UBL-DebitNote-2.5.json ...
     [java] Creating json-schema-legacy/maindoc/UBL-DeliveryNote-2.5.json ...
     [java] Creating json-schema-legacy/maindoc/UBL-DespatchAdvice-2.5.json ...
     [java] Creating json-schema-legacy/maindoc/UBL-DigitalAgreement-2.5.json ...
     [java] Creating json-schema-legacy/maindoc/UBL-DigitalCapability-2.5.json ...
     [java] Creating json-schema-legacy/maindoc/UBL-DocumentStatus-2.5.json ...
     [java] Creating json-schema-legacy/maindoc/UBL-DocumentStatusRequest-2.5.json ...
     [java] Creating json-schema-legacy/maindoc/UBL-Enquiry-2.5.json ...
     [java] Creating json-schema-legacy/maindoc/UBL-EnquiryResponse-2.5.json ...
     [java] Creating json-schema-legacy/maindoc/UBL-ExceptionCriteria-2.5.json ...
     [java] Creating json-schema-legacy/maindoc/UBL-ExceptionNotification-2.5.json ...
     [java] Creating json-schema-legacy/maindoc/UBL-ExportCustomsDeclaration-2.5.json ...
     [java] Creating json-schema-legacy/maindoc/UBL-ExpressionOfInterestRequest-2.5.json ...
     [java] Creating json-schema-legacy/maindoc/UBL-ExpressionOfInterestResponse-2.5.json ...
     [java] Creating json-schema-legacy/maindoc/UBL-Forecast-2.5.json ...
     [java] Creating json-schema-legacy/maindoc/UBL-ForecastRevision-2.5.json ...
     [java] Creating json-schema-legacy/maindoc/UBL-ForwardingInstructions-2.5.json ...
     [java] Creating json-schema-legacy/maindoc/UBL-FreightInvoice-2.5.json ...
     [java] Creating json-schema-legacy/maindoc/UBL-FulfilmentCancellation-2.5.json ...
     [java] Creating json-schema-legacy/maindoc/UBL-GoodsCertificate-2.5.json ...
     [java] Creating json-schema-legacy/maindoc/UBL-GoodsItemItinerary-2.5.json ...
     [java] Creating json-schema-legacy/maindoc/UBL-GoodsItemPassport-2.5.json ...
     [java] Creating json-schema-legacy/maindoc/UBL-GuaranteeCertificate-2.5.json ...
     [java] Creating json-schema-legacy/maindoc/UBL-ImportCustomsDeclaration-2.5.json ...
     [java] Creating json-schema-legacy/maindoc/UBL-InstructionForReturns-2.5.json ...
     [java] Creating json-schema-legacy/maindoc/UBL-InventoryReport-2.5.json ...
     [java] Creating json-schema-legacy/maindoc/UBL-Invoice-2.5.json ...
     [java] Creating json-schema-legacy/maindoc/UBL-InvoiceStatusRequest-2.5.json ...
     [java] Creating json-schema-legacy/maindoc/UBL-InvoiceStatusResponse-2.5.json ...
     [java] Creating json-schema-legacy/maindoc/UBL-ItemInformationRequest-2.5.json ...
     [java] Creating json-schema-legacy/maindoc/UBL-Manifest-2.5.json ...
     [java] Creating json-schema-legacy/maindoc/UBL-Order-2.5.json ...
     [java] Creating json-schema-legacy/maindoc/UBL-OrderCancellation-2.5.json ...
     [java] Creating json-schema-legacy/maindoc/UBL-OrderChange-2.5.json ...
     [java] Creating json-schema-legacy/maindoc/UBL-OrderResponse-2.5.json ...
     [java] Creating json-schema-legacy/maindoc/UBL-OrderResponseSimple-2.5.json ...
     [java] Creating json-schema-legacy/maindoc/UBL-PackingList-2.5.json ...
     [java] Creating json-schema-legacy/maindoc/UBL-PriorInformationNotice-2.5.json ...
     [java] Creating json-schema-legacy/maindoc/UBL-ProcurementStatus-2.5.json ...
     [java] Creating json-schema-legacy/maindoc/UBL-ProcurementStatusRequest-2.5.json ...
     [java] Creating json-schema-legacy/maindoc/UBL-ProductActivity-2.5.json ...
     [java] Creating json-schema-legacy/maindoc/UBL-ProofOfReexportation-2.5.json ...
     [java] Creating json-schema-legacy/maindoc/UBL-ProofOfReexportationReminder-2.5.json ...
     [java] Creating json-schema-legacy/maindoc/UBL-ProofOfReexportationRequest-2.5.json ...
     [java] Creating json-schema-legacy/maindoc/UBL-PurchaseReceipt-2.5.json ...
     [java] Creating json-schema-legacy/maindoc/UBL-QualificationApplicationRequest-2.5.json ...
     [java] Creating json-schema-legacy/maindoc/UBL-QualificationApplicationResponse-2.5.json ...
     [java] Creating json-schema-legacy/maindoc/UBL-Quotation-2.5.json ...
     [java] Creating json-schema-legacy/maindoc/UBL-ReceiptAdvice-2.5.json ...
     [java] Creating json-schema-legacy/maindoc/UBL-Reminder-2.5.json ...
     [java] Creating json-schema-legacy/maindoc/UBL-RemittanceAdvice-2.5.json ...
     [java] Creating json-schema-legacy/maindoc/UBL-RequestForQuotation-2.5.json ...
     [java] Creating json-schema-legacy/maindoc/UBL-RetailEvent-2.5.json ...
     [java] Creating json-schema-legacy/maindoc/UBL-SelfBilledCreditNote-2.5.json ...
     [java] Creating json-schema-legacy/maindoc/UBL-SelfBilledInvoice-2.5.json ...
     [java] Creating json-schema-legacy/maindoc/UBL-Statement-2.5.json ...
     [java] Creating json-schema-legacy/maindoc/UBL-StockAvailabilityReport-2.5.json ...
     [java] Creating json-schema-legacy/maindoc/UBL-Tender-2.5.json ...
     [java] Creating json-schema-legacy/maindoc/UBL-TenderContract-2.5.json ...
     [java] Creating json-schema-legacy/maindoc/UBL-TenderReceipt-2.5.json ...
     [java] Creating json-schema-legacy/maindoc/UBL-TenderStatus-2.5.json ...
     [java] Creating json-schema-legacy/maindoc/UBL-TenderStatusRequest-2.5.json ...
     [java] Creating json-schema-legacy/maindoc/UBL-TenderWithdrawal-2.5.json ...
     [java] Creating json-schema-legacy/maindoc/UBL-TendererQualification-2.5.json ...
     [java] Creating json-schema-legacy/maindoc/UBL-TendererQualificationResponse-2.5.json ...
     [java] Creating json-schema-legacy/maindoc/UBL-TradeItemLocationProfile-2.5.json ...
     [java] Creating json-schema-legacy/maindoc/UBL-TransitCustomsDeclaration-2.5.json ...
     [java] Creating json-schema-legacy/maindoc/UBL-TransportationStatus-2.5.json ...
     [java] Creating json-schema-legacy/maindoc/UBL-TransportationStatusRequest-2.5.json ...
     [java] Creating json-schema-legacy/maindoc/UBL-TransportExecutionPlan-2.5.json ...
     [java] Creating json-schema-legacy/maindoc/UBL-TransportExecutionPlanRequest-2.5.json ...
     [java] Creating json-schema-legacy/maindoc/UBL-TransportProgressStatus-2.5.json ...
     [java] Creating json-schema-legacy/maindoc/UBL-TransportProgressStatusRequest-2.5.json ...
     [java] Creating json-schema-legacy/maindoc/UBL-TransportServiceDescription-2.5.json ...
     [java] Creating json-schema-legacy/maindoc/UBL-TransportServiceDescriptionRequest-2.5.json ...
     [java] Creating json-schema-legacy/maindoc/UBL-UnawardedNotification-2.5.json ...
     [java] Creating json-schema-legacy/maindoc/UBL-UnsubscribeFromProcedureRequest-2.5.json ...
     [java] Creating json-schema-legacy/maindoc/UBL-UnsubscribeFromProcedureResponse-2.5.json ...
     [java] Creating json-schema-legacy/maindoc/UBL-UtilityStatement-2.5.json ...
     [java] Creating json-schema-legacy/maindoc/UBL-Waybill-2.5.json ...
     [java] Creating json-schema-legacy/maindoc/UBL-WeightStatement-2.5.json ...
     [java] Creating json-schema-legacy/maindoc/UBL-WorkReport-2.5.json ...
     [java] Creating xsd/common/UBL-CommonAggregateComponents-2.5.xsd ...
     [java] Creating json-schema-legacy/common/UBL-CommonAggregateComponents-2.5.json ...
     [java] Creating xsd/common/UBL-CommonBasicComponents-2.5.xsd ...
     [java] Creating json-schema-legacy/common/UBL-CommonBasicComponents-2.5.json ...
     [java] Creating xsd/common/UBL-QualifiedDataTypes-2.5.xsd ...
     [java] Creating json-schema-legacy/common/UBL-QualifiedDataTypes-2.5.json ...
     [java] Creating xsdrt/maindoc/UBL-ApplicationResponse-2.5.xsd ...
     [java] Creating xsdrt/maindoc/UBL-AttachedDocument-2.5.xsd ...
     [java] Creating xsdrt/maindoc/UBL-AwardedNotification-2.5.xsd ...
     [java] Creating xsdrt/maindoc/UBL-BillOfLading-2.5.xsd ...
     [java] Creating xsdrt/maindoc/UBL-BusinessCard-2.5.xsd ...
     [java] Creating xsdrt/maindoc/UBL-BusinessInformation-2.5.xsd ...
     [java] Creating xsdrt/maindoc/UBL-CallForTenders-2.5.xsd ...
     [java] Creating xsdrt/maindoc/UBL-CertificateOfOrigin-2.5.xsd ...
     [java] Creating xsdrt/maindoc/UBL-CommonTransportationReport-2.5.xsd ...
     [java] Creating xsdrt/maindoc/UBL-ContractAwardNotice-2.5.xsd ...
     [java] Creating xsdrt/maindoc/UBL-ContractNotice-2.5.xsd ...
     [java] Creating xsdrt/maindoc/UBL-CreditNote-2.5.xsd ...
     [java] Creating xsdrt/maindoc/UBL-Catalogue-2.5.xsd ...
     [java] Creating xsdrt/maindoc/UBL-CatalogueDeletion-2.5.xsd ...
     [java] Creating xsdrt/maindoc/UBL-CatalogueItemSpecificationUpdate-2.5.xsd ...
     [java] Creating xsdrt/maindoc/UBL-CataloguePricingUpdate-2.5.xsd ...
     [java] Creating xsdrt/maindoc/UBL-CatalogueRequest-2.5.xsd ...
     [java] Creating xsdrt/maindoc/UBL-DebitNote-2.5.xsd ...
     [java] Creating xsdrt/maindoc/UBL-DeliveryNote-2.5.xsd ...
     [java] Creating xsdrt/maindoc/UBL-DespatchAdvice-2.5.xsd ...
     [java] Creating xsdrt/maindoc/UBL-DigitalAgreement-2.5.xsd ...
     [java] Creating xsdrt/maindoc/UBL-DigitalCapability-2.5.xsd ...
     [java] Creating xsdrt/maindoc/UBL-DocumentStatus-2.5.xsd ...
     [java] Creating xsdrt/maindoc/UBL-DocumentStatusRequest-2.5.xsd ...
     [java] Creating xsdrt/maindoc/UBL-Enquiry-2.5.xsd ...
     [java] Creating xsdrt/maindoc/UBL-EnquiryResponse-2.5.xsd ...
     [java] Creating xsdrt/maindoc/UBL-ExceptionCriteria-2.5.xsd ...
     [java] Creating xsdrt/maindoc/UBL-ExceptionNotification-2.5.xsd ...
     [java] Creating xsdrt/maindoc/UBL-ExportCustomsDeclaration-2.5.xsd ...
     [java] Creating xsdrt/maindoc/UBL-ExpressionOfInterestRequest-2.5.xsd ...
     [java] Creating xsdrt/maindoc/UBL-ExpressionOfInterestResponse-2.5.xsd ...
     [java] Creating xsdrt/maindoc/UBL-Forecast-2.5.xsd ...
     [java] Creating xsdrt/maindoc/UBL-ForecastRevision-2.5.xsd ...
     [java] Creating xsdrt/maindoc/UBL-ForwardingInstructions-2.5.xsd ...
     [java] Creating xsdrt/maindoc/UBL-FreightInvoice-2.5.xsd ...
     [java] Creating xsdrt/maindoc/UBL-FulfilmentCancellation-2.5.xsd ...
     [java] Creating xsdrt/maindoc/UBL-GoodsCertificate-2.5.xsd ...
     [java] Creating xsdrt/maindoc/UBL-GoodsItemItinerary-2.5.xsd ...
     [java] Creating xsdrt/maindoc/UBL-GoodsItemPassport-2.5.xsd ...
     [java] Creating xsdrt/maindoc/UBL-GuaranteeCertificate-2.5.xsd ...
     [java] Creating xsdrt/maindoc/UBL-ImportCustomsDeclaration-2.5.xsd ...
     [java] Creating xsdrt/maindoc/UBL-InstructionForReturns-2.5.xsd ...
     [java] Creating xsdrt/maindoc/UBL-InventoryReport-2.5.xsd ...
     [java] Creating xsdrt/maindoc/UBL-Invoice-2.5.xsd ...
     [java] Creating xsdrt/maindoc/UBL-InvoiceStatusRequest-2.5.xsd ...
     [java] Creating xsdrt/maindoc/UBL-InvoiceStatusResponse-2.5.xsd ...
     [java] Creating xsdrt/maindoc/UBL-ItemInformationRequest-2.5.xsd ...
     [java] Creating xsdrt/maindoc/UBL-Manifest-2.5.xsd ...
     [java] Creating xsdrt/maindoc/UBL-Order-2.5.xsd ...
     [java] Creating xsdrt/maindoc/UBL-OrderCancellation-2.5.xsd ...
     [java] Creating xsdrt/maindoc/UBL-OrderChange-2.5.xsd ...
     [java] Creating xsdrt/maindoc/UBL-OrderResponse-2.5.xsd ...
     [java] Creating xsdrt/maindoc/UBL-OrderResponseSimple-2.5.xsd ...
     [java] Creating xsdrt/maindoc/UBL-PackingList-2.5.xsd ...
     [java] Creating xsdrt/maindoc/UBL-PriorInformationNotice-2.5.xsd ...
     [java] Creating xsdrt/maindoc/UBL-ProcurementStatus-2.5.xsd ...
     [java] Creating xsdrt/maindoc/UBL-ProcurementStatusRequest-2.5.xsd ...
     [java] Creating xsdrt/maindoc/UBL-ProductActivity-2.5.xsd ...
     [java] Creating xsdrt/maindoc/UBL-ProofOfReexportation-2.5.xsd ...
     [java] Creating xsdrt/maindoc/UBL-ProofOfReexportationReminder-2.5.xsd ...
     [java] Creating xsdrt/maindoc/UBL-ProofOfReexportationRequest-2.5.xsd ...
     [java] Creating xsdrt/maindoc/UBL-PurchaseReceipt-2.5.xsd ...
     [java] Creating xsdrt/maindoc/UBL-QualificationApplicationRequest-2.5.xsd ...
     [java] Creating xsdrt/maindoc/UBL-QualificationApplicationResponse-2.5.xsd ...
     [java] Creating xsdrt/maindoc/UBL-Quotation-2.5.xsd ...
     [java] Creating xsdrt/maindoc/UBL-ReceiptAdvice-2.5.xsd ...
     [java] Creating xsdrt/maindoc/UBL-Reminder-2.5.xsd ...
     [java] Creating xsdrt/maindoc/UBL-RemittanceAdvice-2.5.xsd ...
     [java] Creating xsdrt/maindoc/UBL-RequestForQuotation-2.5.xsd ...
     [java] Creating xsdrt/maindoc/UBL-RetailEvent-2.5.xsd ...
     [java] Creating xsdrt/maindoc/UBL-SelfBilledCreditNote-2.5.xsd ...
     [java] Creating xsdrt/maindoc/UBL-SelfBilledInvoice-2.5.xsd ...
     [java] Creating xsdrt/maindoc/UBL-Statement-2.5.xsd ...
     [java] Creating xsdrt/maindoc/UBL-StockAvailabilityReport-2.5.xsd ...
     [java] Creating xsdrt/maindoc/UBL-Tender-2.5.xsd ...
     [java] Creating xsdrt/maindoc/UBL-TenderContract-2.5.xsd ...
     [java] Creating xsdrt/maindoc/UBL-TenderReceipt-2.5.xsd ...
     [java] Creating xsdrt/maindoc/UBL-TenderStatus-2.5.xsd ...
     [java] Creating xsdrt/maindoc/UBL-TenderStatusRequest-2.5.xsd ...
     [java] Creating xsdrt/maindoc/UBL-TenderWithdrawal-2.5.xsd ...
     [java] Creating xsdrt/maindoc/UBL-TendererQualification-2.5.xsd ...
     [java] Creating xsdrt/maindoc/UBL-TendererQualificationResponse-2.5.xsd ...
     [java] Creating xsdrt/maindoc/UBL-TradeItemLocationProfile-2.5.xsd ...
     [java] Creating xsdrt/maindoc/UBL-TransitCustomsDeclaration-2.5.xsd ...
     [java] Creating xsdrt/maindoc/UBL-TransportationStatus-2.5.xsd ...
     [java] Creating xsdrt/maindoc/UBL-TransportationStatusRequest-2.5.xsd ...
     [java] Creating xsdrt/maindoc/UBL-TransportExecutionPlan-2.5.xsd ...
     [java] Creating xsdrt/maindoc/UBL-TransportExecutionPlanRequest-2.5.xsd ...
     [java] Creating xsdrt/maindoc/UBL-TransportProgressStatus-2.5.xsd ...
     [java] Creating xsdrt/maindoc/UBL-TransportProgressStatusRequest-2.5.xsd ...
     [java] Creating xsdrt/maindoc/UBL-TransportServiceDescription-2.5.xsd ...
     [java] Creating xsdrt/maindoc/UBL-TransportServiceDescriptionRequest-2.5.xsd ...
     [java] Creating xsdrt/maindoc/UBL-UnawardedNotification-2.5.xsd ...
     [java] Creating xsdrt/maindoc/UBL-UnsubscribeFromProcedureRequest-2.5.xsd ...
     [java] Creating xsdrt/maindoc/UBL-UnsubscribeFromProcedureResponse-2.5.xsd ...
     [java] Creating xsdrt/maindoc/UBL-UtilityStatement-2.5.xsd ...
     [java] Creating xsdrt/maindoc/UBL-Waybill-2.5.xsd ...
     [java] Creating xsdrt/maindoc/UBL-WeightStatement-2.5.xsd ...
     [java] Creating xsdrt/maindoc/UBL-WorkReport-2.5.xsd ...
     [java] Creating json-schema-model/maindoc/UBL-ApplicationResponse-2.5.json ...
     [java] Creating json-schema-model/maindoc/UBL-AttachedDocument-2.5.json ...
     [java] Creating json-schema-model/maindoc/UBL-AwardedNotification-2.5.json ...
     [java] Creating json-schema-model/maindoc/UBL-BillOfLading-2.5.json ...
     [java] Creating json-schema-model/maindoc/UBL-BusinessCard-2.5.json ...
     [java] Creating json-schema-model/maindoc/UBL-BusinessInformation-2.5.json ...
     [java] Creating json-schema-model/maindoc/UBL-CallForTenders-2.5.json ...
     [java] Creating json-schema-model/maindoc/UBL-CertificateOfOrigin-2.5.json ...
     [java] Creating json-schema-model/maindoc/UBL-CommonTransportationReport-2.5.json ...
     [java] Creating json-schema-model/maindoc/UBL-ContractAwardNotice-2.5.json ...
     [java] Creating json-schema-model/maindoc/UBL-ContractNotice-2.5.json ...
     [java] Creating json-schema-model/maindoc/UBL-CreditNote-2.5.json ...
     [java] Creating json-schema-model/maindoc/UBL-Catalogue-2.5.json ...
     [java] Creating json-schema-model/maindoc/UBL-CatalogueDeletion-2.5.json ...
     [java] Creating json-schema-model/maindoc/UBL-CatalogueItemSpecificationUpdate-2.5.json ...
     [java] Creating json-schema-model/maindoc/UBL-CataloguePricingUpdate-2.5.json ...
     [java] Creating json-schema-model/maindoc/UBL-CatalogueRequest-2.5.json ...
     [java] Creating json-schema-model/maindoc/UBL-DebitNote-2.5.json ...
     [java] Creating json-schema-model/maindoc/UBL-DeliveryNote-2.5.json ...
     [java] Creating json-schema-model/maindoc/UBL-DespatchAdvice-2.5.json ...
     [java] Creating json-schema-model/maindoc/UBL-DigitalAgreement-2.5.json ...
     [java] Creating json-schema-model/maindoc/UBL-DigitalCapability-2.5.json ...
     [java] Creating json-schema-model/maindoc/UBL-DocumentStatus-2.5.json ...
     [java] Creating json-schema-model/maindoc/UBL-DocumentStatusRequest-2.5.json ...
     [java] Creating json-schema-model/maindoc/UBL-Enquiry-2.5.json ...
     [java] Creating json-schema-model/maindoc/UBL-EnquiryResponse-2.5.json ...
     [java] Creating json-schema-model/maindoc/UBL-ExceptionCriteria-2.5.json ...
     [java] Creating json-schema-model/maindoc/UBL-ExceptionNotification-2.5.json ...
     [java] Creating json-schema-model/maindoc/UBL-ExportCustomsDeclaration-2.5.json ...
     [java] Creating json-schema-model/maindoc/UBL-ExpressionOfInterestRequest-2.5.json ...
     [java] Creating json-schema-model/maindoc/UBL-ExpressionOfInterestResponse-2.5.json ...
     [java] Creating json-schema-model/maindoc/UBL-Forecast-2.5.json ...
     [java] Creating json-schema-model/maindoc/UBL-ForecastRevision-2.5.json ...
     [java] Creating json-schema-model/maindoc/UBL-ForwardingInstructions-2.5.json ...
     [java] Creating json-schema-model/maindoc/UBL-FreightInvoice-2.5.json ...
     [java] Creating json-schema-model/maindoc/UBL-FulfilmentCancellation-2.5.json ...
     [java] Creating json-schema-model/maindoc/UBL-GoodsCertificate-2.5.json ...
     [java] Creating json-schema-model/maindoc/UBL-GoodsItemItinerary-2.5.json ...
     [java] Creating json-schema-model/maindoc/UBL-GoodsItemPassport-2.5.json ...
     [java] Creating json-schema-model/maindoc/UBL-GuaranteeCertificate-2.5.json ...
     [java] Creating json-schema-model/maindoc/UBL-ImportCustomsDeclaration-2.5.json ...
     [java] Creating json-schema-model/maindoc/UBL-InstructionForReturns-2.5.json ...
     [java] Creating json-schema-model/maindoc/UBL-InventoryReport-2.5.json ...
     [java] Creating json-schema-model/maindoc/UBL-Invoice-2.5.json ...
     [java] Creating json-schema-model/maindoc/UBL-InvoiceStatusRequest-2.5.json ...
     [java] Creating json-schema-model/maindoc/UBL-InvoiceStatusResponse-2.5.json ...
     [java] Creating json-schema-model/maindoc/UBL-ItemInformationRequest-2.5.json ...
     [java] Creating json-schema-model/maindoc/UBL-Manifest-2.5.json ...
     [java] Creating json-schema-model/maindoc/UBL-Order-2.5.json ...
     [java] Creating json-schema-model/maindoc/UBL-OrderCancellation-2.5.json ...
     [java] Creating json-schema-model/maindoc/UBL-OrderChange-2.5.json ...
     [java] Creating json-schema-model/maindoc/UBL-OrderResponse-2.5.json ...
     [java] Creating json-schema-model/maindoc/UBL-OrderResponseSimple-2.5.json ...
     [java] Creating json-schema-model/maindoc/UBL-PackingList-2.5.json ...
     [java] Creating json-schema-model/maindoc/UBL-PriorInformationNotice-2.5.json ...
     [java] Creating json-schema-model/maindoc/UBL-ProcurementStatus-2.5.json ...
     [java] Creating json-schema-model/maindoc/UBL-ProcurementStatusRequest-2.5.json ...
     [java] Creating json-schema-model/maindoc/UBL-ProductActivity-2.5.json ...
     [java] Creating json-schema-model/maindoc/UBL-ProofOfReexportation-2.5.json ...
     [java] Creating json-schema-model/maindoc/UBL-ProofOfReexportationReminder-2.5.json ...
     [java] Creating json-schema-model/maindoc/UBL-ProofOfReexportationRequest-2.5.json ...
     [java] Creating json-schema-model/maindoc/UBL-PurchaseReceipt-2.5.json ...
     [java] Creating json-schema-model/maindoc/UBL-QualificationApplicationRequest-2.5.json ...
     [java] Creating json-schema-model/maindoc/UBL-QualificationApplicationResponse-2.5.json ...
     [java] Creating json-schema-model/maindoc/UBL-Quotation-2.5.json ...
     [java] Creating json-schema-model/maindoc/UBL-ReceiptAdvice-2.5.json ...
     [java] Creating json-schema-model/maindoc/UBL-Reminder-2.5.json ...
     [java] Creating json-schema-model/maindoc/UBL-RemittanceAdvice-2.5.json ...
     [java] Creating json-schema-model/maindoc/UBL-RequestForQuotation-2.5.json ...
     [java] Creating json-schema-model/maindoc/UBL-RetailEvent-2.5.json ...
     [java] Creating json-schema-model/maindoc/UBL-SelfBilledCreditNote-2.5.json ...
     [java] Creating json-schema-model/maindoc/UBL-SelfBilledInvoice-2.5.json ...
     [java] Creating json-schema-model/maindoc/UBL-Statement-2.5.json ...
     [java] Creating json-schema-model/maindoc/UBL-StockAvailabilityReport-2.5.json ...
     [java] Creating json-schema-model/maindoc/UBL-Tender-2.5.json ...
     [java] Creating json-schema-model/maindoc/UBL-TenderContract-2.5.json ...
     [java] Creating json-schema-model/maindoc/UBL-TenderReceipt-2.5.json ...
     [java] Creating json-schema-model/maindoc/UBL-TenderStatus-2.5.json ...
     [java] Creating json-schema-model/maindoc/UBL-TenderStatusRequest-2.5.json ...
     [java] Creating json-schema-model/maindoc/UBL-TenderWithdrawal-2.5.json ...
     [java] Creating json-schema-model/maindoc/UBL-TendererQualification-2.5.json ...
     [java] Creating json-schema-model/maindoc/UBL-TendererQualificationResponse-2.5.json ...
     [java] Creating json-schema-model/maindoc/UBL-TradeItemLocationProfile-2.5.json ...
     [java] Creating json-schema-model/maindoc/UBL-TransitCustomsDeclaration-2.5.json ...
     [java] Creating json-schema-model/maindoc/UBL-TransportationStatus-2.5.json ...
     [java] Creating json-schema-model/maindoc/UBL-TransportationStatusRequest-2.5.json ...
     [java] Creating json-schema-model/maindoc/UBL-TransportExecutionPlan-2.5.json ...
     [java] Creating json-schema-model/maindoc/UBL-TransportExecutionPlanRequest-2.5.json ...
     [java] Creating json-schema-model/maindoc/UBL-TransportProgressStatus-2.5.json ...
     [java] Creating json-schema-model/maindoc/UBL-TransportProgressStatusRequest-2.5.json ...
     [java] Creating json-schema-model/maindoc/UBL-TransportServiceDescription-2.5.json ...
     [java] Creating json-schema-model/maindoc/UBL-TransportServiceDescriptionRequest-2.5.json ...
     [java] Creating json-schema-model/maindoc/UBL-UnawardedNotification-2.5.json ...
     [java] Creating json-schema-model/maindoc/UBL-UnsubscribeFromProcedureRequest-2.5.json ...
     [java] Creating json-schema-model/maindoc/UBL-UnsubscribeFromProcedureResponse-2.5.json ...
     [java] Creating json-schema-model/maindoc/UBL-UtilityStatement-2.5.json ...
     [java] Creating json-schema-model/maindoc/UBL-Waybill-2.5.json ...
     [java] Creating json-schema-model/maindoc/UBL-WeightStatement-2.5.json ...
     [java] Creating json-schema-model/maindoc/UBL-WorkReport-2.5.json ...
     [java] Creating xsdrt/common/UBL-CommonAggregateComponents-2.5.xsd ...
     [java] Creating json-schema-model/common/UBL-CommonAggregateComponents-2.5.json ...
     [java] Creating xsdrt/common/UBL-CommonBasicComponents-2.5.xsd ...
     [java] Creating json-schema-model/common/UBL-CommonBasicComponents-2.5.json ...
     [java] Creating xsdrt/common/UBL-QualifiedDataTypes-2.5.xsd ...
     [java] Creating json-schema-model/common/UBL-QualifiedDataTypes-2.5.json ...

-gc2cva:
     [echo] Creating CVA/XSD from "/home/user/ubl/target/UBL-Endorsed-Entities-2.5.gc" GC file...
     [java] Creating cva/UBL-DefaultDTQ-2.5.cva ...
     [java] Creating xsd/maindoc/UBL-ApplicationResponse-2.5.xsd ...
     [java] Creating xsd/maindoc/UBL-AwardedNotification-2.5.xsd ...
     [java] Creating xsd/maindoc/UBL-BillOfLading-2.5.xsd ...
     [java] Creating xsd/maindoc/UBL-BusinessCard-2.5.xsd ...
     [java] Creating xsd/maindoc/UBL-BusinessInformation-2.5.xsd ...
     [java] Creating xsd/maindoc/UBL-CallForTenders-2.5.xsd ...
     [java] Creating xsd/maindoc/UBL-CertificateOfOrigin-2.5.xsd ...
     [java] Creating xsd/maindoc/UBL-CommonTransportationReport-2.5.xsd ...
     [java] Creating xsd/maindoc/UBL-ContractAwardNotice-2.5.xsd ...
     [java] Creating xsd/maindoc/UBL-ContractNotice-2.5.xsd ...
     [java] Creating xsd/maindoc/UBL-CreditNote-2.5.xsd ...
     [java] Creating xsd/maindoc/UBL-Catalogue-2.5.xsd ...
     [java] Creating xsd/maindoc/UBL-CatalogueDeletion-2.5.xsd ...
     [java] Creating xsd/maindoc/UBL-CatalogueItemSpecificationUpdate-2.5.xsd ...
     [java] Creating xsd/maindoc/UBL-CataloguePricingUpdate-2.5.xsd ...
     [java] Creating xsd/maindoc/UBL-CatalogueRequest-2.5.xsd ...
     [java] Creating xsd/maindoc/UBL-DebitNote-2.5.xsd ...
     [java] Creating xsd/maindoc/UBL-DeliveryNote-2.5.xsd ...
     [java] Creating xsd/maindoc/UBL-DespatchAdvice-2.5.xsd ...
     [java] Creating xsd/maindoc/UBL-DigitalAgreement-2.5.xsd ...
     [java] Creating xsd/maindoc/UBL-DigitalCapability-2.5.xsd ...
     [java] Creating xsd/maindoc/UBL-DocumentStatus-2.5.xsd ...
     [java] Creating xsd/maindoc/UBL-DocumentStatusRequest-2.5.xsd ...
     [java] Creating xsd/maindoc/UBL-ExceptionCriteria-2.5.xsd ...
     [java] Creating xsd/maindoc/UBL-ExceptionNotification-2.5.xsd ...
     [java] Creating xsd/maindoc/UBL-ExportCustomsDeclaration-2.5.xsd ...
     [java] Creating xsd/maindoc/UBL-ExpressionOfInterestRequest-2.5.xsd ...
     [java] Creating xsd/maindoc/UBL-ExpressionOfInterestResponse-2.5.xsd ...
     [java] Creating xsd/maindoc/UBL-Forecast-2.5.xsd ...
     [java] Creating xsd/maindoc/UBL-ForecastRevision-2.5.xsd ...
     [java] Creating xsd/maindoc/UBL-ForwardingInstructions-2.5.xsd ...
     [java] Creating xsd/maindoc/UBL-FulfilmentCancellation-2.5.xsd ...
     [java] Creating xsd/maindoc/UBL-GoodsCertificate-2.5.xsd ...
     [java] Creating xsd/maindoc/UBL-GoodsItemItinerary-2.5.xsd ...
     [java] Creating xsd/maindoc/UBL-GoodsItemPassport-2.5.xsd ...
     [java] Creating xsd/maindoc/UBL-GuaranteeCertificate-2.5.xsd ...
     [java] Creating xsd/maindoc/UBL-ImportCustomsDeclaration-2.5.xsd ...
     [java] Creating xsd/maindoc/UBL-InstructionForReturns-2.5.xsd ...
     [java] Creating xsd/maindoc/UBL-InventoryReport-2.5.xsd ...
     [java] Creating xsd/maindoc/UBL-Invoice-2.5.xsd ...
     [java] Creating xsd/maindoc/UBL-InvoiceStatusRequest-2.5.xsd ...
     [java] Creating xsd/maindoc/UBL-InvoiceStatusResponse-2.5.xsd ...
     [java] Creating xsd/maindoc/UBL-ItemInformationRequest-2.5.xsd ...
     [java] Creating xsd/maindoc/UBL-Manifest-2.5.xsd ...
     [java] Creating xsd/maindoc/UBL-Order-2.5.xsd ...
     [java] Creating xsd/maindoc/UBL-OrderCancellation-2.5.xsd ...
     [java] Creating xsd/maindoc/UBL-OrderChange-2.5.xsd ...
     [java] Creating xsd/maindoc/UBL-OrderResponse-2.5.xsd ...
     [java] Creating xsd/maindoc/UBL-PackingList-2.5.xsd ...
     [java] Creating xsd/maindoc/UBL-PriorInformationNotice-2.5.xsd ...
     [java] Creating xsd/maindoc/UBL-ProcurementStatus-2.5.xsd ...
     [java] Creating xsd/maindoc/UBL-ProcurementStatusRequest-2.5.xsd ...
     [java] Creating xsd/maindoc/UBL-ProductActivity-2.5.xsd ...
     [java] Creating xsd/maindoc/UBL-ProofOfReexportation-2.5.xsd ...
     [java] Creating xsd/maindoc/UBL-ProofOfReexportationReminder-2.5.xsd ...
     [java] Creating xsd/maindoc/UBL-ProofOfReexportationRequest-2.5.xsd ...
     [java] Creating xsd/maindoc/UBL-PurchaseReceipt-2.5.xsd ...
     [java] Creating xsd/maindoc/UBL-QualificationApplicationRequest-2.5.xsd ...
     [java] Creating xsd/maindoc/UBL-QualificationApplicationResponse-2.5.xsd ...
     [java] Creating xsd/maindoc/UBL-Quotation-2.5.xsd ...
     [java] Creating xsd/maindoc/UBL-ReceiptAdvice-2.5.xsd ...
     [java] Creating xsd/maindoc/UBL-Reminder-2.5.xsd ...
     [java] Creating xsd/maindoc/UBL-RemittanceAdvice-2.5.xsd ...
     [java] Creating xsd/maindoc/UBL-RequestForQuotation-2.5.xsd ...
     [java] Creating xsd/maindoc/UBL-RetailEvent-2.5.xsd ...
     [java] Creating xsd/maindoc/UBL-SelfBilledCreditNote-2.5.xsd ...
     [java] Creating xsd/maindoc/UBL-SelfBilledInvoice-2.5.xsd ...
     [java] Creating xsd/maindoc/UBL-Statement-2.5.xsd ...
     [java] Creating xsd/maindoc/UBL-Tender-2.5.xsd ...
     [java] Creating xsd/maindoc/UBL-TenderContract-2.5.xsd ...
     [java] Creating xsd/maindoc/UBL-TenderReceipt-2.5.xsd ...
     [java] Creating xsd/maindoc/UBL-TenderWithdrawal-2.5.xsd ...
     [java] Creating xsd/maindoc/UBL-TendererQualification-2.5.xsd ...
     [java] Creating xsd/maindoc/UBL-TendererQualificationResponse-2.5.xsd ...
     [java] Creating xsd/maindoc/UBL-TradeItemLocationProfile-2.5.xsd ...
     [java] Creating xsd/maindoc/UBL-TransitCustomsDeclaration-2.5.xsd ...
     [java] Creating xsd/maindoc/UBL-TransportationStatus-2.5.xsd ...
     [java] Creating xsd/maindoc/UBL-TransportationStatusRequest-2.5.xsd ...
     [java] Creating xsd/maindoc/UBL-TransportExecutionPlan-2.5.xsd ...
     [java] Creating xsd/maindoc/UBL-TransportExecutionPlanRequest-2.5.xsd ...
     [java] Creating xsd/maindoc/UBL-TransportProgressStatus-2.5.xsd ...
     [java] Creating xsd/maindoc/UBL-TransportProgressStatusRequest-2.5.xsd ...
     [java] Creating xsd/maindoc/UBL-TransportServiceDescription-2.5.xsd ...
     [java] Creating xsd/maindoc/UBL-TransportServiceDescriptionRequest-2.5.xsd ...
     [java] Creating xsd/maindoc/UBL-UnawardedNotification-2.5.xsd ...
     [java] Creating xsd/maindoc/UBL-UnsubscribeFromProcedureRequest-2.5.xsd ...
     [java] Creating xsd/maindoc/UBL-UnsubscribeFromProcedureResponse-2.5.xsd ...
     [java] Creating xsd/maindoc/UBL-UtilityStatement-2.5.xsd ...
     [java] Creating xsd/maindoc/UBL-Waybill-2.5.xsd ...
     [java] Creating xsd/maindoc/UBL-WeightStatement-2.5.xsd ...
     [java] Creating xsd/maindoc/UBL-WorkReport-2.5.xsd ...
     [java] Creating json-schema-legacy/maindoc/UBL-ApplicationResponse-2.5.json ...
     [java] Creating json-schema-legacy/maindoc/UBL-AwardedNotification-2.5.json ...
     [java] Creating json-schema-legacy/maindoc/UBL-BillOfLading-2.5.json ...
     [java] Creating json-schema-legacy/maindoc/UBL-BusinessCard-2.5.json ...
     [java] Creating json-schema-legacy/maindoc/UBL-BusinessInformation-2.5.json ...
     [java] Creating json-schema-legacy/maindoc/UBL-CallForTenders-2.5.json ...
     [java] Creating json-schema-legacy/maindoc/UBL-CertificateOfOrigin-2.5.json ...
     [java] Creating json-schema-legacy/maindoc/UBL-CommonTransportationReport-2.5.json ...
     [java] Creating json-schema-legacy/maindoc/UBL-ContractAwardNotice-2.5.json ...
     [java] Creating json-schema-legacy/maindoc/UBL-ContractNotice-2.5.json ...
     [java] Creating json-schema-legacy/maindoc/UBL-CreditNote-2.5.json ...
     [java] Creating json-schema-legacy/maindoc/UBL-Catalogue-2.5.json ...
     [java] Creating json-schema-legacy/maindoc/UBL-CatalogueDeletion-2.5.json ...
     [java] Creating json-schema-legacy/maindoc/UBL-CatalogueItemSpecificationUpdate-2.5.json ...
     [java] Creating json-schema-legacy/maindoc/UBL-CataloguePricingUpdate-2.5.json ...
     [java] Creating json-schema-legacy/maindoc/UBL-CatalogueRequest-2.5.json ...
     [java] Creating json-schema-legacy/maindoc/UBL-DebitNote-2.5.json ...
     [java] Creating json-schema-legacy/maindoc/UBL-DeliveryNote-2.5.json ...
     [java] Creating json-schema-legacy/maindoc/UBL-DespatchAdvice-2.5.json ...
     [java] Creating json-schema-legacy/maindoc/UBL-DigitalAgreement-2.5.json ...
     [java] Creating json-schema-legacy/maindoc/UBL-DigitalCapability-2.5.json ...
     [java] Creating json-schema-legacy/maindoc/UBL-DocumentStatus-2.5.json ...
     [java] Creating json-schema-legacy/maindoc/UBL-DocumentStatusRequest-2.5.json ...
     [java] Creating json-schema-legacy/maindoc/UBL-ExceptionCriteria-2.5.json ...
     [java] Creating json-schema-legacy/maindoc/UBL-ExceptionNotification-2.5.json ...
     [java] Creating json-schema-legacy/maindoc/UBL-ExportCustomsDeclaration-2.5.json ...
     [java] Creating json-schema-legacy/maindoc/UBL-ExpressionOfInterestRequest-2.5.json ...
     [java] Creating json-schema-legacy/maindoc/UBL-ExpressionOfInterestResponse-2.5.json ...
     [java] Creating json-schema-legacy/maindoc/UBL-Forecast-2.5.json ...
     [java] Creating json-schema-legacy/maindoc/UBL-ForecastRevision-2.5.json ...
     [java] Creating json-schema-legacy/maindoc/UBL-ForwardingInstructions-2.5.json ...
     [java] Creating json-schema-legacy/maindoc/UBL-FulfilmentCancellation-2.5.json ...
     [java] Creating json-schema-legacy/maindoc/UBL-GoodsCertificate-2.5.json ...
     [java] Creating json-schema-legacy/maindoc/UBL-GoodsItemItinerary-2.5.json ...
     [java] Creating json-schema-legacy/maindoc/UBL-GoodsItemPassport-2.5.json ...
     [java] Creating json-schema-legacy/maindoc/UBL-GuaranteeCertificate-2.5.json ...
     [java] Creating json-schema-legacy/maindoc/UBL-ImportCustomsDeclaration-2.5.json ...
     [java] Creating json-schema-legacy/maindoc/UBL-InstructionForReturns-2.5.json ...
     [java] Creating json-schema-legacy/maindoc/UBL-InventoryReport-2.5.json ...
     [java] Creating json-schema-legacy/maindoc/UBL-Invoice-2.5.json ...
     [java] Creating json-schema-legacy/maindoc/UBL-InvoiceStatusRequest-2.5.json ...
     [java] Creating json-schema-legacy/maindoc/UBL-InvoiceStatusResponse-2.5.json ...
     [java] Creating json-schema-legacy/maindoc/UBL-ItemInformationRequest-2.5.json ...
     [java] Creating json-schema-legacy/maindoc/UBL-Manifest-2.5.json ...
     [java] Creating json-schema-legacy/maindoc/UBL-Order-2.5.json ...
     [java] Creating json-schema-legacy/maindoc/UBL-OrderCancellation-2.5.json ...
     [java] Creating json-schema-legacy/maindoc/UBL-OrderChange-2.5.json ...
     [java] Creating json-schema-legacy/maindoc/UBL-OrderResponse-2.5.json ...
     [java] Creating json-schema-legacy/maindoc/UBL-PackingList-2.5.json ...
     [java] Creating json-schema-legacy/maindoc/UBL-PriorInformationNotice-2.5.json ...
     [java] Creating json-schema-legacy/maindoc/UBL-ProcurementStatus-2.5.json ...
     [java] Creating json-schema-legacy/maindoc/UBL-ProcurementStatusRequest-2.5.json ...
     [java] Creating json-schema-legacy/maindoc/UBL-ProductActivity-2.5.json ...
     [java] Creating json-schema-legacy/maindoc/UBL-ProofOfReexportation-2.5.json ...
     [java] Creating json-schema-legacy/maindoc/UBL-ProofOfReexportationReminder-2.5.json ...
     [java] Creating json-schema-legacy/maindoc/UBL-ProofOfReexportationRequest-2.5.json ...
     [java] Creating json-schema-legacy/maindoc/UBL-PurchaseReceipt-2.5.json ...
     [java] Creating json-schema-legacy/maindoc/UBL-QualificationApplicationRequest-2.5.json ...
     [java] Creating json-schema-legacy/maindoc/UBL-QualificationApplicationResponse-2.5.json ...
     [java] Creating json-schema-legacy/maindoc/UBL-Quotation-2.5.json ...
     [java] Creating json-schema-legacy/maindoc/UBL-ReceiptAdvice-2.5.json ...
     [java] Creating json-schema-legacy/maindoc/UBL-Reminder-2.5.json ...
     [java] Creating json-schema-legacy/maindoc/UBL-RemittanceAdvice-2.5.json ...
     [java] Creating json-schema-legacy/maindoc/UBL-RequestForQuotation-2.5.json ...
     [java] Creating json-schema-legacy/maindoc/UBL-RetailEvent-2.5.json ...
     [java] Creating json-schema-legacy/maindoc/UBL-SelfBilledCreditNote-2.5.json ...
     [java] Creating json-schema-legacy/maindoc/UBL-SelfBilledInvoice-2.5.json ...
     [java] Creating json-schema-legacy/maindoc/UBL-Statement-2.5.json ...
     [java] Creating json-schema-legacy/maindoc/UBL-Tender-2.5.json ...
     [java] Creating json-schema-legacy/maindoc/UBL-TenderContract-2.5.json ...
     [java] Creating json-schema-legacy/maindoc/UBL-TenderReceipt-2.5.json ...
     [java] Creating json-schema-legacy/maindoc/UBL-TenderWithdrawal-2.5.json ...
     [java] Creating json-schema-legacy/maindoc/UBL-TendererQualification-2.5.json ...
     [java] Creating json-schema-legacy/maindoc/UBL-TendererQualificationResponse-2.5.json ...
     [java] Creating json-schema-legacy/maindoc/UBL-TradeItemLocationProfile-2.5.json ...
     [java] Creating json-schema-legacy/maindoc/UBL-TransitCustomsDeclaration-2.5.json ...
     [java] Creating json-schema-legacy/maindoc/UBL-TransportationStatus-2.5.json ...
     [java] Creating json-schema-legacy/maindoc/UBL-TransportationStatusRequest-2.5.json ...
     [java] Creating json-schema-legacy/maindoc/UBL-TransportExecutionPlan-2.5.json ...
     [java] Creating json-schema-legacy/maindoc/UBL-TransportExecutionPlanRequest-2.5.json ...
     [java] Creating json-schema-legacy/maindoc/UBL-TransportProgressStatus-2.5.json ...
     [java] Creating json-schema-legacy/maindoc/UBL-TransportProgressStatusRequest-2.5.json ...
     [java] Creating json-schema-legacy/maindoc/UBL-TransportServiceDescription-2.5.json ...
     [java] Creating json-schema-legacy/maindoc/UBL-TransportServiceDescriptionRequest-2.5.json ...
     [java] Creating json-schema-legacy/maindoc/UBL-UnawardedNotification-2.5.json ...
     [java] Creating json-schema-legacy/maindoc/UBL-UnsubscribeFromProcedureRequest-2.5.json ...
     [java] Creating json-schema-legacy/maindoc/UBL-UnsubscribeFromProcedureResponse-2.5.json ...
     [java] Creating json-schema-legacy/maindoc/UBL-UtilityStatement-2.5.json ...
     [java] Creating json-schema-legacy/maindoc/UBL-Waybill-2.5.json ...
     [java] Creating json-schema-legacy/maindoc/UBL-WeightStatement-2.5.json ...
     [java] Creating json-schema-legacy/maindoc/UBL-WorkReport-2.5.json ...
     [java] Creating xsd/common/UBL-CommonAggregateComponents-2.5.xsd ...
     [java] Creating json-schema-legacy/common/UBL-CommonAggregateComponents-2.5.json ...
     [java] Creating xsd/common/UBL-CommonBasicComponents-2.5.xsd ...
     [java] Creating json-schema-legacy/common/UBL-CommonBasicComponents-2.5.json ...
     [java] Creating xsd/common/UBL-QualifiedDataTypes-2.5.xsd ...
     [java] Creating json-schema-legacy/common/UBL-QualifiedDataTypes-2.5.json ...
     [java] Creating xsdrt/maindoc/UBL-ApplicationResponse-2.5.xsd ...
     [java] Creating xsdrt/maindoc/UBL-AwardedNotification-2.5.xsd ...
     [java] Creating xsdrt/maindoc/UBL-BillOfLading-2.5.xsd ...
     [java] Creating xsdrt/maindoc/UBL-BusinessCard-2.5.xsd ...
     [java] Creating xsdrt/maindoc/UBL-BusinessInformation-2.5.xsd ...
     [java] Creating xsdrt/maindoc/UBL-CallForTenders-2.5.xsd ...
     [java] Creating xsdrt/maindoc/UBL-CertificateOfOrigin-2.5.xsd ...
     [java] Creating xsdrt/maindoc/UBL-CommonTransportationReport-2.5.xsd ...
     [java] Creating xsdrt/maindoc/UBL-ContractAwardNotice-2.5.xsd ...
     [java] Creating xsdrt/maindoc/UBL-ContractNotice-2.5.xsd ...
     [java] Creating xsdrt/maindoc/UBL-CreditNote-2.5.xsd ...
     [java] Creating xsdrt/maindoc/UBL-Catalogue-2.5.xsd ...
     [java] Creating xsdrt/maindoc/UBL-CatalogueDeletion-2.5.xsd ...
     [java] Creating xsdrt/maindoc/UBL-CatalogueItemSpecificationUpdate-2.5.xsd ...
     [java] Creating xsdrt/maindoc/UBL-CataloguePricingUpdate-2.5.xsd ...
     [java] Creating xsdrt/maindoc/UBL-CatalogueRequest-2.5.xsd ...
     [java] Creating xsdrt/maindoc/UBL-DebitNote-2.5.xsd ...
     [java] Creating xsdrt/maindoc/UBL-DeliveryNote-2.5.xsd ...
     [java] Creating xsdrt/maindoc/UBL-DespatchAdvice-2.5.xsd ...
     [java] Creating xsdrt/maindoc/UBL-DigitalAgreement-2.5.xsd ...
     [java] Creating xsdrt/maindoc/UBL-DigitalCapability-2.5.xsd ...
     [java] Creating xsdrt/maindoc/UBL-DocumentStatus-2.5.xsd ...
     [java] Creating xsdrt/maindoc/UBL-DocumentStatusRequest-2.5.xsd ...
     [java] Creating xsdrt/maindoc/UBL-ExceptionCriteria-2.5.xsd ...
     [java] Creating xsdrt/maindoc/UBL-ExceptionNotification-2.5.xsd ...
     [java] Creating xsdrt/maindoc/UBL-ExportCustomsDeclaration-2.5.xsd ...
     [java] Creating xsdrt/maindoc/UBL-ExpressionOfInterestRequest-2.5.xsd ...
     [java] Creating xsdrt/maindoc/UBL-ExpressionOfInterestResponse-2.5.xsd ...
     [java] Creating xsdrt/maindoc/UBL-Forecast-2.5.xsd ...
     [java] Creating xsdrt/maindoc/UBL-ForecastRevision-2.5.xsd ...
     [java] Creating xsdrt/maindoc/UBL-ForwardingInstructions-2.5.xsd ...
     [java] Creating xsdrt/maindoc/UBL-FulfilmentCancellation-2.5.xsd ...
     [java] Creating xsdrt/maindoc/UBL-GoodsCertificate-2.5.xsd ...
     [java] Creating xsdrt/maindoc/UBL-GoodsItemItinerary-2.5.xsd ...
     [java] Creating xsdrt/maindoc/UBL-GoodsItemPassport-2.5.xsd ...
     [java] Creating xsdrt/maindoc/UBL-GuaranteeCertificate-2.5.xsd ...
     [java] Creating xsdrt/maindoc/UBL-ImportCustomsDeclaration-2.5.xsd ...
     [java] Creating xsdrt/maindoc/UBL-InstructionForReturns-2.5.xsd ...
     [java] Creating xsdrt/maindoc/UBL-InventoryReport-2.5.xsd ...
     [java] Creating xsdrt/maindoc/UBL-Invoice-2.5.xsd ...
     [java] Creating xsdrt/maindoc/UBL-InvoiceStatusRequest-2.5.xsd ...
     [java] Creating xsdrt/maindoc/UBL-InvoiceStatusResponse-2.5.xsd ...
     [java] Creating xsdrt/maindoc/UBL-ItemInformationRequest-2.5.xsd ...
     [java] Creating xsdrt/maindoc/UBL-Manifest-2.5.xsd ...
     [java] Creating xsdrt/maindoc/UBL-Order-2.5.xsd ...
     [java] Creating xsdrt/maindoc/UBL-OrderCancellation-2.5.xsd ...
     [java] Creating xsdrt/maindoc/UBL-OrderChange-2.5.xsd ...
     [java] Creating xsdrt/maindoc/UBL-OrderResponse-2.5.xsd ...
     [java] Creating xsdrt/maindoc/UBL-PackingList-2.5.xsd ...
     [java] Creating xsdrt/maindoc/UBL-PriorInformationNotice-2.5.xsd ...
     [java] Creating xsdrt/maindoc/UBL-ProcurementStatus-2.5.xsd ...
     [java] Creating xsdrt/maindoc/UBL-ProcurementStatusRequest-2.5.xsd ...
     [java] Creating xsdrt/maindoc/UBL-ProductActivity-2.5.xsd ...
     [java] Creating xsdrt/maindoc/UBL-ProofOfReexportation-2.5.xsd ...
     [java] Creating xsdrt/maindoc/UBL-ProofOfReexportationReminder-2.5.xsd ...
     [java] Creating xsdrt/maindoc/UBL-ProofOfReexportationRequest-2.5.xsd ...
     [java] Creating xsdrt/maindoc/UBL-PurchaseReceipt-2.5.xsd ...
     [java] Creating xsdrt/maindoc/UBL-QualificationApplicationRequest-2.5.xsd ...
     [java] Creating xsdrt/maindoc/UBL-QualificationApplicationResponse-2.5.xsd ...
     [java] Creating xsdrt/maindoc/UBL-Quotation-2.5.xsd ...
     [java] Creating xsdrt/maindoc/UBL-ReceiptAdvice-2.5.xsd ...
     [java] Creating xsdrt/maindoc/UBL-Reminder-2.5.xsd ...
     [java] Creating xsdrt/maindoc/UBL-RemittanceAdvice-2.5.xsd ...
     [java] Creating xsdrt/maindoc/UBL-RequestForQuotation-2.5.xsd ...
     [java] Creating xsdrt/maindoc/UBL-RetailEvent-2.5.xsd ...
     [java] Creating xsdrt/maindoc/UBL-SelfBilledCreditNote-2.5.xsd ...
     [java] Creating xsdrt/maindoc/UBL-SelfBilledInvoice-2.5.xsd ...
     [java] Creating xsdrt/maindoc/UBL-Statement-2.5.xsd ...
     [java] Creating xsdrt/maindoc/UBL-Tender-2.5.xsd ...
     [java] Creating xsdrt/maindoc/UBL-TenderContract-2.5.xsd ...
     [java] Creating xsdrt/maindoc/UBL-TenderReceipt-2.5.xsd ...
     [java] Creating xsdrt/maindoc/UBL-TenderWithdrawal-2.5.xsd ...
     [java] Creating xsdrt/maindoc/UBL-TendererQualification-2.5.xsd ...
     [java] Creating xsdrt/maindoc/UBL-TendererQualificationResponse-2.5.xsd ...
     [java] Creating xsdrt/maindoc/UBL-TradeItemLocationProfile-2.5.xsd ...
     [java] Creating xsdrt/maindoc/UBL-TransitCustomsDeclaration-2.5.xsd ...
     [java] Creating xsdrt/maindoc/UBL-TransportationStatus-2.5.xsd ...
     [java] Creating xsdrt/maindoc/UBL-TransportationStatusRequest-2.5.xsd ...
     [java] Creating xsdrt/maindoc/UBL-TransportExecutionPlan-2.5.xsd ...
     [java] Creating xsdrt/maindoc/UBL-TransportExecutionPlanRequest-2.5.xsd ...
     [java] Creating xsdrt/maindoc/UBL-TransportProgressStatus-2.5.xsd ...
     [java] Creating xsdrt/maindoc/UBL-TransportProgressStatusRequest-2.5.xsd ...
     [java] Creating xsdrt/maindoc/UBL-TransportServiceDescription-2.5.xsd ...
     [java] Creating xsdrt/maindoc/UBL-TransportServiceDescriptionRequest-2.5.xsd ...
     [java] Creating xsdrt/maindoc/UBL-UnawardedNotification-2.5.xsd ...
     [java] Creating xsdrt/maindoc/UBL-UnsubscribeFromProcedureRequest-2.5.xsd ...
     [java] Creating xsdrt/maindoc/UBL-UnsubscribeFromProcedureResponse-2.5.xsd ...
     [java] Creating xsdrt/maindoc/UBL-UtilityStatement-2.5.xsd ...
     [java] Creating xsdrt/maindoc/UBL-Waybill-2.5.xsd ...
     [java] Creating xsdrt/maindoc/UBL-WeightStatement-2.5.xsd ...
     [java] Creating xsdrt/maindoc/UBL-WorkReport-2.5.xsd ...
     [java] Creating json-schema-model/maindoc/UBL-ApplicationResponse-2.5.json ...
     [java] Creating json-schema-model/maindoc/UBL-AwardedNotification-2.5.json ...
     [java] Creating json-schema-model/maindoc/UBL-BillOfLading-2.5.json ...
     [java] Creating json-schema-model/maindoc/UBL-BusinessCard-2.5.json ...
     [java] Creating json-schema-model/maindoc/UBL-BusinessInformation-2.5.json ...
     [java] Creating json-schema-model/maindoc/UBL-CallForTenders-2.5.json ...
     [java] Creating json-schema-model/maindoc/UBL-CertificateOfOrigin-2.5.json ...
     [java] Creating json-schema-model/maindoc/UBL-CommonTransportationReport-2.5.json ...
     [java] Creating json-schema-model/maindoc/UBL-ContractAwardNotice-2.5.json ...
     [java] Creating json-schema-model/maindoc/UBL-ContractNotice-2.5.json ...
     [java] Creating json-schema-model/maindoc/UBL-CreditNote-2.5.json ...
     [java] Creating json-schema-model/maindoc/UBL-Catalogue-2.5.json ...
     [java] Creating json-schema-model/maindoc/UBL-CatalogueDeletion-2.5.json ...
     [java] Creating json-schema-model/maindoc/UBL-CatalogueItemSpecificationUpdate-2.5.json ...
     [java] Creating json-schema-model/maindoc/UBL-CataloguePricingUpdate-2.5.json ...
     [java] Creating json-schema-model/maindoc/UBL-CatalogueRequest-2.5.json ...
     [java] Creating json-schema-model/maindoc/UBL-DebitNote-2.5.json ...
     [java] Creating json-schema-model/maindoc/UBL-DeliveryNote-2.5.json ...
     [java] Creating json-schema-model/maindoc/UBL-DespatchAdvice-2.5.json ...
     [java] Creating json-schema-model/maindoc/UBL-DigitalAgreement-2.5.json ...
     [java] Creating json-schema-model/maindoc/UBL-DigitalCapability-2.5.json ...
     [java] Creating json-schema-model/maindoc/UBL-DocumentStatus-2.5.json ...
     [java] Creating json-schema-model/maindoc/UBL-DocumentStatusRequest-2.5.json ...
     [java] Creating json-schema-model/maindoc/UBL-ExceptionCriteria-2.5.json ...
     [java] Creating json-schema-model/maindoc/UBL-ExceptionNotification-2.5.json ...
     [java] Creating json-schema-model/maindoc/UBL-ExportCustomsDeclaration-2.5.json ...
     [java] Creating json-schema-model/maindoc/UBL-ExpressionOfInterestRequest-2.5.json ...
     [java] Creating json-schema-model/maindoc/UBL-ExpressionOfInterestResponse-2.5.json ...
     [java] Creating json-schema-model/maindoc/UBL-Forecast-2.5.json ...
     [java] Creating json-schema-model/maindoc/UBL-ForecastRevision-2.5.json ...
     [java] Creating json-schema-model/maindoc/UBL-ForwardingInstructions-2.5.json ...
     [java] Creating json-schema-model/maindoc/UBL-FulfilmentCancellation-2.5.json ...
     [java] Creating json-schema-model/maindoc/UBL-GoodsCertificate-2.5.json ...
     [java] Creating json-schema-model/maindoc/UBL-GoodsItemItinerary-2.5.json ...
     [java] Creating json-schema-model/maindoc/UBL-GoodsItemPassport-2.5.json ...
     [java] Creating json-schema-model/maindoc/UBL-GuaranteeCertificate-2.5.json ...
     [java] Creating json-schema-model/maindoc/UBL-ImportCustomsDeclaration-2.5.json ...
     [java] Creating json-schema-model/maindoc/UBL-InstructionForReturns-2.5.json ...
     [java] Creating json-schema-model/maindoc/UBL-InventoryReport-2.5.json ...
     [java] Creating json-schema-model/maindoc/UBL-Invoice-2.5.json ...
     [java] Creating json-schema-model/maindoc/UBL-InvoiceStatusRequest-2.5.json ...
     [java] Creating json-schema-model/maindoc/UBL-InvoiceStatusResponse-2.5.json ...
     [java] Creating json-schema-model/maindoc/UBL-ItemInformationRequest-2.5.json ...
     [java] Creating json-schema-model/maindoc/UBL-Manifest-2.5.json ...
     [java] Creating json-schema-model/maindoc/UBL-Order-2.5.json ...
     [java] Creating json-schema-model/maindoc/UBL-OrderCancellation-2.5.json ...
     [java] Creating json-schema-model/maindoc/UBL-OrderChange-2.5.json ...
     [java] Creating json-schema-model/maindoc/UBL-OrderResponse-2.5.json ...
     [java] Creating json-schema-model/maindoc/UBL-PackingList-2.5.json ...
     [java] Creating json-schema-model/maindoc/UBL-PriorInformationNotice-2.5.json ...
     [java] Creating json-schema-model/maindoc/UBL-ProcurementStatus-2.5.json ...
     [java] Creating json-schema-model/maindoc/UBL-ProcurementStatusRequest-2.5.json ...
     [java] Creating json-schema-model/maindoc/UBL-ProductActivity-2.5.json ...
     [java] Creating json-schema-model/maindoc/UBL-ProofOfReexportation-2.5.json ...
     [java] Creating json-schema-model/maindoc/UBL-ProofOfReexportationReminder-2.5.json ...
     [java] Creating json-schema-model/maindoc/UBL-ProofOfReexportationRequest-2.5.json ...
     [java] Creating json-schema-model/maindoc/UBL-PurchaseReceipt-2.5.json ...
     [java] Creating json-schema-model/maindoc/UBL-QualificationApplicationRequest-2.5.json ...
     [java] Creating json-schema-model/maindoc/UBL-QualificationApplicationResponse-2.5.json ...
     [java] Creating json-schema-model/maindoc/UBL-Quotation-2.5.json ...
     [java] Creating json-schema-model/maindoc/UBL-ReceiptAdvice-2.5.json ...
     [java] Creating json-schema-model/maindoc/UBL-Reminder-2.5.json ...
     [java] Creating json-schema-model/maindoc/UBL-RemittanceAdvice-2.5.json ...
     [java] Creating json-schema-model/maindoc/UBL-RequestForQuotation-2.5.json ...
     [java] Creating json-schema-model/maindoc/UBL-RetailEvent-2.5.json ...
     [java] Creating json-schema-model/maindoc/UBL-SelfBilledCreditNote-2.5.json ...
     [java] Creating json-schema-model/maindoc/UBL-SelfBilledInvoice-2.5.json ...
     [java] Creating json-schema-model/maindoc/UBL-Statement-2.5.json ...
     [java] Creating json-schema-model/maindoc/UBL-Tender-2.5.json ...
     [java] Creating json-schema-model/maindoc/UBL-TenderContract-2.5.json ...
     [java] Creating json-schema-model/maindoc/UBL-TenderReceipt-2.5.json ...
     [java] Creating json-schema-model/maindoc/UBL-TenderWithdrawal-2.5.json ...
     [java] Creating json-schema-model/maindoc/UBL-TendererQualification-2.5.json ...
     [java] Creating json-schema-model/maindoc/UBL-TendererQualificationResponse-2.5.json ...
     [java] Creating json-schema-model/maindoc/UBL-TradeItemLocationProfile-2.5.json ...
     [java] Creating json-schema-model/maindoc/UBL-TransitCustomsDeclaration-2.5.json ...
     [java] Creating json-schema-model/maindoc/UBL-TransportationStatus-2.5.json ...
     [java] Creating json-schema-model/maindoc/UBL-TransportationStatusRequest-2.5.json ...
     [java] Creating json-schema-model/maindoc/UBL-TransportExecutionPlan-2.5.json ...
     [java] Creating json-schema-model/maindoc/UBL-TransportExecutionPlanRequest-2.5.json ...
     [java] Creating json-schema-model/maindoc/UBL-TransportProgressStatus-2.5.json ...
     [java] Creating json-schema-model/maindoc/UBL-TransportProgressStatusRequest-2.5.json ...
     [java] Creating json-schema-model/maindoc/UBL-TransportServiceDescription-2.5.json ...
     [java] Creating json-schema-model/maindoc/UBL-TransportServiceDescriptionRequest-2.5.json ...
     [java] Creating json-schema-model/maindoc/UBL-UnawardedNotification-2.5.json ...
     [java] Creating json-schema-model/maindoc/UBL-UnsubscribeFromProcedureRequest-2.5.json ...
     [java] Creating json-schema-model/maindoc/UBL-UnsubscribeFromProcedureResponse-2.5.json ...
     [java] Creating json-schema-model/maindoc/UBL-UtilityStatement-2.5.json ...
     [java] Creating json-schema-model/maindoc/UBL-Waybill-2.5.json ...
     [java] Creating json-schema-model/maindoc/UBL-WeightStatement-2.5.json ...
     [java] Creating json-schema-model/maindoc/UBL-WorkReport-2.5.json ...
     [java] Creating xsdrt/common/UBL-CommonAggregateComponents-2.5.xsd ...
     [java] Creating json-schema-model/common/UBL-CommonAggregateComponents-2.5.json ...
     [java] Creating xsdrt/common/UBL-CommonBasicComponents-2.5.xsd ...
     [java] Creating json-schema-model/common/UBL-CommonBasicComponents-2.5.json ...
     [java] Creating xsdrt/common/UBL-QualifiedDataTypes-2.5.xsd ...
     [java] Creating json-schema-model/common/UBL-QualifiedDataTypes-2.5.json ...

-cva2xsl:
   [delete] Deleting: /home/user/ubl/target/csd01-2.5/cva/UBL-DefaultDTQ-2.5.html
   [delete] Deleting: /home/user/ubl/target/csd01-2.5/val/UBL-DefaultDTQ-2.5.xsl
     [echo] Creating CVA documentation from "/home/user/ubl/target/csd01-2.5/cva/UBL-DefaultDTQ-2.5.cva" CVA file...
     [echo] Creating XSL validation from "/home/user/ubl/target/csd01-2.5/cva/UBL-DefaultDTQ-2.5.cva" CVA file...
     [echo] Creating /home/user/ubl/target/csd01-2.5/val/UBL-DefaultDTQ-2.5.xsl from /home/user/ubl/target/csd01-2.5/cva/UBL-DefaultDTQ-2.5.sch...
   [delete] Deleting: /home/user/ubl/target/csd01-2.5/cva/UBL-DefaultDTQ-2.5.cva.temp.xsl
     [echo] Completed creating CVA/SCH/XSD artefacts

-gc2ndrExt:
     [echo] Checking "/home/user/ubl/target/UBL-Signature-Entities-2.5.gc" GC file against NDR...
     [echo] Spell-checking the resulting word list into /home/user/ubl/target/unexpectedWordsExt.txt (run "aspell -p ./spellcheck-UBL.txt check /home/user/ubl/target/wordlist-UBL-Signature-2.5.txt" if abend)...
     [exec] 0
     [echo] Creating CVA/XSD extension from "/home/user/ubl/target/UBL-Signature-Entities-2.5.gc" GC file...
     [java] Creating xsd/common/UBL-CommonSignatureComponents-2.5.xsd ...
     [java] Creating xsd/common/UBL-SignatureAggregateComponents-2.5.xsd ...
     [java] Creating xsd/common/UBL-SignatureBasicComponents-2.5.xsd ...
     [java] Creating xsdrt/common/UBL-CommonSignatureComponents-2.5.xsd ...
     [java] Creating xsdrt/common/UBL-SignatureAggregateComponents-2.5.xsd ...
     [java] Creating xsdrt/common/UBL-SignatureBasicComponents-2.5.xsd ...
     [copy] Copying 2 files to /home/user/ubl/target/Endorsed-csd01-2.5/xsdrt/common
     [copy] Copying 2 files to /home/user/ubl/target/Endorsed-csd01-2.5/xsd/common

-gc2ods:
   [delete] Deleting: /home/user/ubl/target/csd01-2.5/mod/UBL-Entities-2.5.ods
     [echo] Rebuilding "/home/user/ubl/target/csd01-2.5/mod/UBL-Entities-2.5.ods" ODS file...
      [zip] Building zip: /home/user/ubl/target/csd01-2.5/mod/UBL-Entities-2.5.ods
   [delete] Deleting directory /home/user/ubl/target/csd01-2.5/mod/UBL-Entities-2.5.ods-dir

-gc2ods:
   [delete] Deleting: /home/user/ubl/target/Endorsed-csd01-2.5/mod/UBL-Endorsed-Entities-2.5.ods
     [echo] Rebuilding "/home/user/ubl/target/Endorsed-csd01-2.5/mod/UBL-Endorsed-Entities-2.5.ods" ODS file...
      [zip] Building zip: /home/user/ubl/target/Endorsed-csd01-2.5/mod/UBL-Endorsed-Entities-2.5.ods
   [delete] Deleting directory /home/user/ubl/target/Endorsed-csd01-2.5/mod/UBL-Endorsed-Entities-2.5.ods-dir

-gc2ods:
   [delete] Deleting: /home/user/ubl/target/csd01-2.5/mod/UBL-Signature-Entities-2.5.ods
     [echo] Rebuilding "/home/user/ubl/target/csd01-2.5/mod/UBL-Signature-Entities-2.5.ods" ODS file...
      [zip] Building zip: /home/user/ubl/target/csd01-2.5/mod/UBL-Signature-Entities-2.5.ods
   [delete] Deleting directory /home/user/ubl/target/csd01-2.5/mod/UBL-Signature-Entities-2.5.ods-dir

-ods2xls:
     [echo] Need to rebuild /home/user/ubl/target/csd01-2.5/mod/UBL-Signature-Entities-2.5.xls from /home/user/ubl/target/csd01-2.5/mod/UBL-Signature-Entities-2.5.ods...
     [exec] Warning: failed to launch javaldx - java may not function correctly
     [exec] Error: source file could not be loaded
     [echo] Unable to create XLS file: /home/user/ubl/target/csd01-2.5/mod/UBL-Signature-Entities-2.5.xls

-ods2xls:
     [echo] Need to rebuild /home/user/ubl/target/csd01-2.5/mod/UBL-Entities-2.5.xls from /home/user/ubl/target/csd01-2.5/mod/UBL-Entities-2.5.ods...
     [exec] Warning: failed to launch javaldx - java may not function correctly
     [exec] Error: source file could not be loaded
     [echo] Unable to create XLS file: /home/user/ubl/target/csd01-2.5/mod/UBL-Entities-2.5.xls

-ods2xls:
     [echo] Need to rebuild /home/user/ubl/target//Endorsed-csd01-2.5/mod/UBL-Endorsed-Entities-2.5.xls from /home/user/ubl/target//Endorsed-csd01-2.5/mod/UBL-Endorsed-Entities-2.5.ods...
     [exec] Warning: failed to launch javaldx - java may not function correctly
     [exec] Error: source file could not be loaded
     [echo] Unable to create XLS file: /home/user/ubl/target//Endorsed-csd01-2.5/mod/UBL-Endorsed-Entities-2.5.xls

-codelists:
     [echo] Skipping testing of code lists; assumed not updated from 2.4

-samples:
     [echo] Checking the use of namespace URI strings and processing instructions...
   [delete] Deleting: /home/user/ubl/target/csd01-2.5/UNEXPECTED-SAMPLES-NS-PI-DETAILS.txt
     [echo] Checking consistency of invocation scripts...
    [touch] Creating /home/user/ubl/target/csd01-2.5/MISMATCHED-TEST-SAMPLES-SH-WARNING.txt
    [touch] Creating /home/user/ubl/target/csd01-2.5/MISMATCHED-TEST-SAMPLES-BAT-WARNING.txt
     [echo] Testing validation error files for main files...
     [exec] 
     [exec] ############################################################
     [exec] Validating order-test-bad-syntax.xml
     [exec] ############################################################
     [exec] ============== Phase 1: XSD schema validation ==============
     [exec] org.xml.sax.SAXParseException; systemId: file:///home/user/ubl/target/csd01-2.5/val/order-test-bad-syntax.xml; lineNumber: 50; columnNumber: 25; Element type "cbc:ChannelCodeLA" must be followed by either attribute specifications, ">" or "/>".
     [exec] 	at org.apache.xerces.parsers.AbstractSAXParser.parse(Unknown Source)
     [exec] 	at org.apache.xerces.jaxp.SAXParserImpl$JAXPSAXParser.parse(Unknown Source)
     [exec] 	at org.apache.xerces.jaxp.SAXParserImpl.parse(Unknown Source)
     [exec] 	at javax.xml.parsers.SAXParser.parse(SAXParser.java:274)
     [exec] 	at com.nwalsh.parsers.XJParser.xsdParse(Unknown Source)
     [exec] 	at com.nwalsh.parsers.XJParser.parse(Unknown Source)
     [exec] 	at com.nwalsh.parsers.XJParse.run(Unknown Source)
     [exec] 	at com.nwalsh.parsers.XJParse.main(Unknown Source)
     [exec] Exception in thread "main" java.lang.NullPointerException
     [exec] 	at com.nwalsh.parsers.XJParser.printParseStats(Unknown Source)
     [exec] 	at com.nwalsh.parsers.XJParse.run(Unknown Source)
     [exec] 	at com.nwalsh.parsers.XJParse.main(Unknown Source)
     [exec] Attempting well-formed, namespace-aware parse
     [exec] Fatal error:file:///home/user/ubl/target/csd01-2.5/val/order-test-bad-syntax.xml:50:25:Element type "cbc:ChannelCodeLA" must be followed by either attribute specifications, ">" or "/>".
     [exec] 
     [exec] ############################################################
     [exec] Validating order-test-bad-model.xml
     [exec] ############################################################
     [exec] ============== Phase 1: XSD schema validation ==============
     [exec] Attempting well-formed, namespace-aware parse
     [exec] Error:file:///home/user/ubl/target/csd01-2.5/val/order-test-bad-model.xml:50:23:cvc-complex-type.2.4.a: Invalid content was found starting with element 'cbc:ChannelCod'. One of '{"urn:oasis:names:specification:ubl:schema:xsd:CommonExtensionComponents-2":UBLExtensions, "urn:oasis:names:specification:ubl:schema:xsd:CommonBasicComponents-2":ChannelCode, "urn:oasis:names:specification:ubl:schema:xsd:CommonBasicComponents-2":Channel, "urn:oasis:names:specification:ubl:schema:xsd:CommonBasicComponents-2":Value}' is expected.
     [exec] Parse succeeded (0.13) with 1 error and no warnings.
     [exec] 
     [exec] ############################################################
     [exec] Validating order-test-bad-code.xml
     [exec] ############################################################
     [exec] ============== Phase 1: XSD schema validation ==============
     [exec] No schema validation errors.
     [exec] ============ Phase 2: XSLT value validation ============
     [exec] 1. Value supplied 'LA' is unacceptable for constraints identified by 'Channel-2.0 Channel-2.1 Channel-2.2 Channel-2.3 Channel-2.4' in the context 'cbc:ChannelCode' /Order/cac:BuyerCustomerParty[1]/cac:Party[1]/cac:Contact[1]/cac:OtherCommunication[1]/cbc:ChannelCode[1] / (code list expression suppressed)
     [exec] Count of data errors: 1
     [exec] 
     [exec] 
     [exec] The following error report is simply the exit mechanism and can be ignored:
     [exec] Error in xsl:message/@terminate on line 134 column 34 of testSVRL4UBLerrors.xsl:
     [exec]   XTMM9000: Processing terminated by xsl:message at line 134 in testSVRL4UBLerrors.xsl
     [exec] Processing terminated by xsl:message at line 134 in testSVRL4UBLerrors.xsl
     [exec] 
     [exec] ############################################################
     [exec] Validating order-test-good.xml
     [exec] ############################################################
     [exec] ============== Phase 1: XSD schema validation ==============
     [exec] No schema validation errors.
     [exec] ============ Phase 2: XSLT value validation ============
     [exec] No value validation errors.
     [echo] 
     [echo] 
     [echo] Testing validation error files for endorsed files...
     [copy] Copying 50 files to /home/user/ubl/target/Endorsed-csd01-2.5/val
     [exec] 
     [exec] ############################################################
     [exec] Validating order-test-bad-syntax.xml
     [exec] ############################################################
     [exec] ============== Phase 1: XSD schema validation ==============
     [exec] org.xml.sax.SAXParseException; systemId: file:///home/user/ubl/target/Endorsed-csd01-2.5/val/order-test-bad-syntax.xml; lineNumber: 50; columnNumber: 25; Element type "cbc:ChannelCodeLA" must be followed by either attribute specifications, ">" or "/>".
     [exec] 	at org.apache.xerces.parsers.AbstractSAXParser.parse(Unknown Source)
     [exec] 	at org.apache.xerces.jaxp.SAXParserImpl$JAXPSAXParser.parse(Unknown Source)
     [exec] 	at org.apache.xerces.jaxp.SAXParserImpl.parse(Unknown Source)
     [exec] 	at javax.xml.parsers.SAXParser.parse(SAXParser.java:274)
     [exec] 	at com.nwalsh.parsers.XJParser.xsdParse(Unknown Source)
     [exec] 	at com.nwalsh.parsers.XJParser.parse(Unknown Source)
     [exec] 	at com.nwalsh.parsers.XJParse.run(Unknown Source)
     [exec] 	at com.nwalsh.parsers.XJParse.main(Unknown Source)
     [exec] Exception in thread "main" java.lang.NullPointerException
     [exec] 	at com.nwalsh.parsers.XJParser.printParseStats(Unknown Source)
     [exec] 	at com.nwalsh.parsers.XJParse.run(Unknown Source)
     [exec] 	at com.nwalsh.parsers.XJParse.main(Unknown Source)
     [exec] Attempting well-formed, namespace-aware parse
     [exec] Error:file:///home/user/ubl/target/Endorsed-csd01-2.5/val/order-test-bad-syntax.xml:10:21:cvc-complex-type.2.4.a: Invalid content was found starting with element 'cbc:CopyIndicator'. One of '{"urn:oasis:names:specification:ubl:schema:xsd:CommonBasicComponents-2":UUID, "urn:oasis:names:specification:ubl:schema:xsd:CommonBasicComponents-2":IssueDate}' is expected.
     [exec] Fatal error:file:///home/user/ubl/target/Endorsed-csd01-2.5/val/order-test-bad-syntax.xml:50:25:Element type "cbc:ChannelCodeLA" must be followed by either attribute specifications, ">" or "/>".
     [exec] 
     [exec] ############################################################
     [exec] Validating order-test-bad-model.xml
     [exec] ############################################################
     [exec] ============== Phase 1: XSD schema validation ==============
     [exec] Attempting well-formed, namespace-aware parse
     [exec] Error:file:///home/user/ubl/target/Endorsed-csd01-2.5/val/order-test-bad-model.xml:10:21:cvc-complex-type.2.4.a: Invalid content was found starting with element 'cbc:CopyIndicator'. One of '{"urn:oasis:names:specification:ubl:schema:xsd:CommonBasicComponents-2":UUID, "urn:oasis:names:specification:ubl:schema:xsd:CommonBasicComponents-2":IssueDate}' is expected.
     [exec] Error:file:///home/user/ubl/target/Endorsed-csd01-2.5/val/order-test-bad-model.xml:50:23:cvc-complex-type.2.4.a: Invalid content was found starting with element 'cbc:ChannelCod'. One of '{"urn:oasis:names:specification:ubl:schema:xsd:CommonExtensionComponents-2":UBLExtensions, "urn:oasis:names:specification:ubl:schema:xsd:CommonBasicComponents-2":ChannelCode, "urn:oasis:names:specification:ubl:schema:xsd:CommonBasicComponents-2":Channel, "urn:oasis:names:specification:ubl:schema:xsd:CommonBasicComponents-2":Value}' is expected.
     [exec] Parse succeeded (0.11) with 2 errors and no warnings.
     [exec] 
     [exec] ############################################################
     [exec] Validating order-test-bad-code.xml
     [exec] ############################################################
     [exec] ============== Phase 1: XSD schema validation ==============
     [exec] Attempting well-formed, namespace-aware parse
     [exec] Error:file:///home/user/ubl/target/Endorsed-csd01-2.5/val/order-test-bad-code.xml:10:21:cvc-complex-type.2.4.a: Invalid content was found starting with element 'cbc:CopyIndicator'. One of '{"urn:oasis:names:specification:ubl:schema:xsd:CommonBasicComponents-2":UUID, "urn:oasis:names:specification:ubl:schema:xsd:CommonBasicComponents-2":IssueDate}' is expected.
     [exec] Parse succeeded (0.11) with 1 error and no warnings.
     [exec] 
     [exec] ############################################################
     [exec] Validating order-test-good.xml
     [exec] ############################################################
     [exec] ============== Phase 1: XSD schema validation ==============
     [exec] Attempting well-formed, namespace-aware parse
     [exec] Error:file:///home/user/ubl/target/Endorsed-csd01-2.5/val/order-test-good.xml:10:21:cvc-complex-type.2.4.a: Invalid content was found starting with element 'cbc:CopyIndicator'. One of '{"urn:oasis:names:specification:ubl:schema:xsd:CommonBasicComponents-2":UUID, "urn:oasis:names:specification:ubl:schema:xsd:CommonBasicComponents-2":IssueDate}' is expected.
     [exec] Parse succeeded (0.12) with 1 error and no warnings.
     [exec] Result: 1
     [echo] Deleting the temporary endorsed val directory to reduce space
   [delete] Deleting directory /home/user/ubl/target/Endorsed-csd01-2.5/val
     [echo] 
     [echo] 
     [echo] Validating sample test files...
     [exec] 
     [exec] ############################################################
     [exec] Validating ../xml/MyTransportationStatus.xml
     [exec] ############################################################
     [exec] ============== Phase 1: XSD schema validation ==============
     [exec] No schema validation errors.
     [exec] ============ Phase 2: XSLT value validation ============
     [exec] No value validation errors.
     [exec] 
     [exec] ############################################################
     [exec] Validating ../xml/UBL-BusinessCard-2.2-Example.xml
     [exec] ############################################################
     [exec] ============== Phase 1: XSD schema validation ==============
     [exec] No schema validation errors.
     [exec] ============ Phase 2: XSLT value validation ============
     [exec] No value validation errors.
     [exec] 
     [exec] ############################################################
     [exec] Validating ../xml/UBL-CommonTransportationReport-2.3-Example.xml
     [exec] ############################################################
     [exec] ============== Phase 1: XSD schema validation ==============
     [exec] No schema validation errors.
     [exec] ============ Phase 2: XSLT value validation ============
     [exec] No value validation errors.
     [exec] 
     [exec] ############################################################
     [exec] Validating ../xml/UBL-CreditNote-2.0-Example.xml
     [exec] ############################################################
     [exec] ============== Phase 1: XSD schema validation ==============
     [exec] No schema validation errors.
     [exec] ============ Phase 2: XSLT value validation ============
     [exec] No value validation errors.
     [exec] 
     [exec] ############################################################
     [exec] Validating ../xml/UBL-CreditNote-2.1-Example.xml
     [exec] ############################################################
     [exec] ============== Phase 1: XSD schema validation ==============
     [exec] No schema validation errors.
     [exec] ============ Phase 2: XSLT value validation ============
     [exec] No value validation errors.
     [exec] 
     [exec] ############################################################
     [exec] Validating ../xml/UBL-DebitNote-2.5-Example.xml
     [exec] ############################################################
     [exec] ============== Phase 1: XSD schema validation ==============
     [exec] No schema validation errors.
     [exec] ============ Phase 2: XSLT value validation ============
     [exec] No value validation errors.
     [exec] 
     [exec] ############################################################
     [exec] Validating ../xml/UBL-DespatchAdvice-2.0-Example.xml
     [exec] ############################################################
     [exec] ============== Phase 1: XSD schema validation ==============
     [exec] No schema validation errors.
     [exec] ============ Phase 2: XSLT value validation ============
     [exec] No value validation errors.
     [exec] 
     [exec] ############################################################
     [exec] Validating ../xml/UBL-DigitalAgreement-2.2-Example-Multilateral.xml
     [exec] ############################################################
     [exec] ============== Phase 1: XSD schema validation ==============
     [exec] No schema validation errors.
     [exec] ============ Phase 2: XSLT value validation ============
     [exec] No value validation errors.
     [exec] 
     [exec] ############################################################
     [exec] Validating ../xml/UBL-DigitalAgreement-2.2-Example.xml
     [exec] ############################################################
     [exec] ============== Phase 1: XSD schema validation ==============
     [exec] No schema validation errors.
     [exec] ============ Phase 2: XSLT value validation ============
     [exec] No value validation errors.
     [exec] 
     [exec] ############################################################
     [exec] Validating ../xml/UBL-DigitalCapability-2.2-Example.xml
     [exec] ############################################################
     [exec] ============== Phase 1: XSD schema validation ==============
     [exec] No schema validation errors.
     [exec] ============ Phase 2: XSLT value validation ============
     [exec] No value validation errors.
     [exec] 
     [exec] ############################################################
     [exec] Validating ../xml/UBL-ExceptionCriteria-2.1-Example.xml
     [exec] ############################################################
     [exec] ============== Phase 1: XSD schema validation ==============
     [exec] No schema validation errors.
     [exec] ============ Phase 2: XSLT value validation ============
     [exec] No value validation errors.
     [exec] 
     [exec] ############################################################
     [exec] Validating ../xml/UBL-ExceptionNotification-2.1-Example.xml
     [exec] ############################################################
     [exec] ============== Phase 1: XSD schema validation ==============
     [exec] No schema validation errors.
     [exec] ============ Phase 2: XSLT value validation ============
     [exec] No value validation errors.
     [exec] 
     [exec] ############################################################
     [exec] Validating ../xml/UBL-ExportCustomsDeclaration-2.3-Example.xml
     [exec] ############################################################
     [exec] ============== Phase 1: XSD schema validation ==============
     [exec] No schema validation errors.
     [exec] ============ Phase 2: XSLT value validation ============
     [exec] No value validation errors.
     [exec] 
     [exec] ############################################################
     [exec] Validating ../xml/UBL-ExpressionOfInterestRequest-2.2-Example.xml
     [exec] ############################################################
     [exec] ============== Phase 1: XSD schema validation ==============
     [exec] No schema validation errors.
     [exec] ============ Phase 2: XSLT value validation ============
     [exec] No value validation errors.
     [exec] 
     [exec] ############################################################
     [exec] Validating ../xml/UBL-Forecast-2.1-Example.xml
     [exec] ############################################################
     [exec] ============== Phase 1: XSD schema validation ==============
     [exec] No schema validation errors.
     [exec] ============ Phase 2: XSLT value validation ============
     [exec] No value validation errors.
     [exec] 
     [exec] ############################################################
     [exec] Validating ../xml/UBL-ForecastRevision-2.1-Example.xml
     [exec] ############################################################
     [exec] ============== Phase 1: XSD schema validation ==============
     [exec] No schema validation errors.
     [exec] ============ Phase 2: XSLT value validation ============
     [exec] No value validation errors.
     [exec] 
     [exec] ############################################################
     [exec] Validating ../xml/UBL-ForwardingInstructions-2.0-Example-International.xml
     [exec] ############################################################
     [exec] ============== Phase 1: XSD schema validation ==============
     [exec] No schema validation errors.
     [exec] ============ Phase 2: XSLT value validation ============
     [exec] No value validation errors.
     [exec] 
     [exec] ############################################################
     [exec] Validating ../xml/UBL-FulfilmentCancellation-2.1-Example.xml
     [exec] ############################################################
     [exec] ============== Phase 1: XSD schema validation ==============
     [exec] No schema validation errors.
     [exec] ============ Phase 2: XSLT value validation ============
     [exec] No value validation errors.
     [exec] 
     [exec] ############################################################
     [exec] Validating ../xml/UBL-GoodsCertificate-2.3-Example.xml
     [exec] ############################################################
     [exec] ============== Phase 1: XSD schema validation ==============
     [exec] No schema validation errors.
     [exec] ============ Phase 2: XSLT value validation ============
     [exec] No value validation errors.
     [exec] 
     [exec] ############################################################
     [exec] Validating ../xml/UBL-GoodsItemItinerary-2.1-Example.xml
     [exec] ############################################################
     [exec] ============== Phase 1: XSD schema validation ==============
     [exec] No schema validation errors.
     [exec] ============ Phase 2: XSLT value validation ============
     [exec] No value validation errors.
     [exec] 
     [exec] ############################################################
     [exec] Validating ../xml/UBL-GoodsItemPassport-2.3-Example-Issued.xml
     [exec] ############################################################
     [exec] ============== Phase 1: XSD schema validation ==============
     [exec] No schema validation errors.
     [exec] ============ Phase 2: XSLT value validation ============
     [exec] No value validation errors.
     [exec] 
     [exec] ############################################################
     [exec] Validating ../xml/UBL-ImportCustomsDeclaration-2.3-Example.xml
     [exec] ############################################################
     [exec] ============== Phase 1: XSD schema validation ==============
     [exec] No schema validation errors.
     [exec] ============ Phase 2: XSLT value validation ============
     [exec] No value validation errors.
     [exec] 
     [exec] ############################################################
     [exec] Validating ../xml/UBL-InstructionForReturns-2.1-Example.xml
     [exec] ############################################################
     [exec] ============== Phase 1: XSD schema validation ==============
     [exec] No schema validation errors.
     [exec] ============ Phase 2: XSLT value validation ============
     [exec] No value validation errors.
     [exec] 
     [exec] ############################################################
     [exec] Validating ../xml/UBL-InventoryReport-2.1-Example.xml
     [exec] ############################################################
     [exec] ============== Phase 1: XSD schema validation ==============
     [exec] No schema validation errors.
     [exec] ============ Phase 2: XSLT value validation ============
     [exec] No value validation errors.
     [exec] 
     [exec] ############################################################
     [exec] Validating ../xml/UBL-Invoice-2.0-Detached.xml
     [exec] ############################################################
     [exec] ============== Phase 1: XSD schema validation ==============
     [exec] No schema validation errors.
     [exec] ============ Phase 2: XSLT value validation ============
     [exec] No value validation errors.
     [exec] 
     [exec] ############################################################
     [exec] Validating ../xml/UBL-Invoice-2.0-Enveloped.xml
     [exec] ############################################################
     [exec] ============== Phase 1: XSD schema validation ==============
     [exec] No schema validation errors.
     [exec] ============ Phase 2: XSLT value validation ============
     [exec] No value validation errors.
     [exec] 
     [exec] ############################################################
     [exec] Validating ../xml/UBL-Invoice-2.0-Example-NS1.xml
     [exec] ############################################################
     [exec] ============== Phase 1: XSD schema validation ==============
     [exec] No schema validation errors.
     [exec] ============ Phase 2: XSLT value validation ============
     [exec] No value validation errors.
     [exec] 
     [exec] ############################################################
     [exec] Validating ../xml/UBL-Invoice-2.0-Example-NS2.xml
     [exec] ############################################################
     [exec] ============== Phase 1: XSD schema validation ==============
     [exec] No schema validation errors.
     [exec] ============ Phase 2: XSLT value validation ============
     [exec] No value validation errors.
     [exec] 
     [exec] ############################################################
     [exec] Validating ../xml/UBL-Invoice-2.0-Example-NS3.xml
     [exec] ############################################################
     [exec] ============== Phase 1: XSD schema validation ==============
     [exec] No schema validation errors.
     [exec] ============ Phase 2: XSLT value validation ============
     [exec] No value validation errors.
     [exec] 
     [exec] ############################################################
     [exec] Validating ../xml/UBL-Invoice-2.0-Example-NS4.xml
     [exec] ############################################################
     [exec] ============== Phase 1: XSD schema validation ==============
     [exec] No schema validation errors.
     [exec] ============ Phase 2: XSLT value validation ============
     [exec] No value validation errors.
     [exec] 
     [exec] ############################################################
     [exec] Validating ../xml/UBL-Invoice-2.0-Example.xml
     [exec] ############################################################
     [exec] ============== Phase 1: XSD schema validation ==============
     [exec] No schema validation errors.
     [exec] ============ Phase 2: XSLT value validation ============
     [exec] No value validation errors.
     [exec] 
     [exec] ############################################################
     [exec] Validating ../xml/UBL-Invoice-2.1-Example-Trivial.xml
     [exec] ############################################################
     [exec] ============== Phase 1: XSD schema validation ==============
     [exec] No schema validation errors.
     [exec] ============ Phase 2: XSLT value validation ============
     [exec] No value validation errors.
     [exec] 
     [exec] ############################################################
     [exec] Validating ../xml/UBL-Invoice-2.1-Example.xml
     [exec] ############################################################
     [exec] ============== Phase 1: XSD schema validation ==============
     [exec] No schema validation errors.
     [exec] ============ Phase 2: XSLT value validation ============
     [exec] No value validation errors.
     [exec] 
     [exec] ############################################################
     [exec] Validating ../xml/UBL-Manifest-2.3-Example-Reference-Only.xml
     [exec] ############################################################
     [exec] ============== Phase 1: XSD schema validation ==============
     [exec] No schema validation errors.
     [exec] ============ Phase 2: XSLT value validation ============
     [exec] No value validation errors.
     [exec] 
     [exec] ############################################################
     [exec] Validating ../xml/UBL-Manifest-2.3-Example-Shipment.xml
     [exec] ############################################################
     [exec] ============== Phase 1: XSD schema validation ==============
     [exec] No schema validation errors.
     [exec] ============ Phase 2: XSLT value validation ============
     [exec] No value validation errors.
     [exec] 
     [exec] ############################################################
     [exec] Validating ../xml/UBL-Order-2.0-Example-International.xml
     [exec] ############################################################
     [exec] ============== Phase 1: XSD schema validation ==============
     [exec] No schema validation errors.
     [exec] ============ Phase 2: XSLT value validation ============
     [exec] No value validation errors.
     [exec] 
     [exec] ############################################################
     [exec] Validating ../xml/UBL-Order-2.0-Example.xml
     [exec] ############################################################
     [exec] ============== Phase 1: XSD schema validation ==============
     [exec] No schema validation errors.
     [exec] ============ Phase 2: XSLT value validation ============
     [exec] No value validation errors.
     [exec] 
     [exec] ############################################################
     [exec] Validating ../xml/UBL-Order-2.1-Example.xml
     [exec] ############################################################
     [exec] ============== Phase 1: XSD schema validation ==============
     [exec] No schema validation errors.
     [exec] ============ Phase 2: XSLT value validation ============
     [exec] No value validation errors.
     [exec] 
     [exec] ############################################################
     [exec] Validating ../xml/UBL-OrderCancellation-2.1-Example.xml
     [exec] ############################################################
     [exec] ============== Phase 1: XSD schema validation ==============
     [exec] No schema validation errors.
     [exec] ============ Phase 2: XSLT value validation ============
     [exec] No value validation errors.
     [exec] 
     [exec] ############################################################
     [exec] Validating ../xml/UBL-OrderChange-2.1-Example.xml
     [exec] ############################################################
     [exec] ============== Phase 1: XSD schema validation ==============
     [exec] No schema validation errors.
     [exec] ============ Phase 2: XSLT value validation ============
     [exec] No value validation errors.
     [exec] 
     [exec] ############################################################
     [exec] Validating ../xml/UBL-OrderResponse-2.1-Example.xml
     [exec] ############################################################
     [exec] ============== Phase 1: XSD schema validation ==============
     [exec] No schema validation errors.
     [exec] ============ Phase 2: XSLT value validation ============
     [exec] No value validation errors.
     [exec] 
     [exec] ############################################################
     [exec] Validating ../xml/UBL-OrderResponseSimple-2.0-Example.xml
     [exec] ############################################################
     [exec] ============== Phase 1: XSD schema validation ==============
     [exec] No schema validation errors.
     [exec] ============ Phase 2: XSLT value validation ============
     [exec] No value validation errors.
     [exec] 
     [exec] ############################################################
     [exec] Validating ../xml/UBL-OrderResponseSimple-2.1-Example.xml
     [exec] ############################################################
     [exec] ============== Phase 1: XSD schema validation ==============
     [exec] No schema validation errors.
     [exec] ============ Phase 2: XSLT value validation ============
     [exec] No value validation errors.
     [exec] 
     [exec] ############################################################
     [exec] Validating ../xml/UBL-PriorInformationNotice-2.2-Example-Embedded.xml
     [exec] ############################################################
     [exec] ============== Phase 1: XSD schema validation ==============
     [exec] No schema validation errors.
     [exec] ============ Phase 2: XSLT value validation ============
     [exec] No value validation errors.
     [exec] 
     [exec] ############################################################
     [exec] Validating ../xml/UBL-PriorInformationNotice-2.2-Example-External.xml
     [exec] ############################################################
     [exec] ============== Phase 1: XSD schema validation ==============
     [exec] No schema validation errors.
     [exec] ============ Phase 2: XSLT value validation ============
     [exec] No value validation errors.
     [exec] 
     [exec] ############################################################
     [exec] Validating ../xml/UBL-ProductActivity-2.1-Example-1.xml
     [exec] ############################################################
     [exec] ============== Phase 1: XSD schema validation ==============
     [exec] No schema validation errors.
     [exec] ============ Phase 2: XSLT value validation ============
     [exec] No value validation errors.
     [exec] 
     [exec] ############################################################
     [exec] Validating ../xml/UBL-ProductActivity-2.1-Example-2.xml
     [exec] ############################################################
     [exec] ============== Phase 1: XSD schema validation ==============
     [exec] No schema validation errors.
     [exec] ============ Phase 2: XSLT value validation ============
     [exec] No value validation errors.
     [exec] 
     [exec] ############################################################
     [exec] Validating ../xml/UBL-ProductActivity-2.1-Example-3.xml
     [exec] ############################################################
     [exec] ============== Phase 1: XSD schema validation ==============
     [exec] No schema validation errors.
     [exec] ============ Phase 2: XSLT value validation ============
     [exec] No value validation errors.
     [exec] 
     [exec] ############################################################
     [exec] Validating ../xml/UBL-ProofOfReexportation-2.3-Example.xml
     [exec] ############################################################
     [exec] ============== Phase 1: XSD schema validation ==============
     [exec] No schema validation errors.
     [exec] ============ Phase 2: XSLT value validation ============
     [exec] No value validation errors.
     [exec] 
     [exec] ############################################################
     [exec] Validating ../xml/UBL-ProofOfReexportationReminder-2.3-Example.xml
     [exec] ############################################################
     [exec] ============== Phase 1: XSD schema validation ==============
     [exec] No schema validation errors.
     [exec] ============ Phase 2: XSLT value validation ============
     [exec] No value validation errors.
     [exec] 
     [exec] ############################################################
     [exec] Validating ../xml/UBL-ProofOfReexportationRequest-2.3-Example.xml
     [exec] ############################################################
     [exec] ============== Phase 1: XSD schema validation ==============
     [exec] No schema validation errors.
     [exec] ============ Phase 2: XSLT value validation ============
     [exec] No value validation errors.
     [exec] 
     [exec] ############################################################
     [exec] Validating ../xml/UBL-Quotation-2.0-Example.xml
     [exec] ############################################################
     [exec] ============== Phase 1: XSD schema validation ==============
     [exec] No schema validation errors.
     [exec] ============ Phase 2: XSLT value validation ============
     [exec] No value validation errors.
     [exec] 
     [exec] ############################################################
     [exec] Validating ../xml/UBL-Quotation-2.1-Example.xml
     [exec] ############################################################
     [exec] ============== Phase 1: XSD schema validation ==============
     [exec] No schema validation errors.
     [exec] ============ Phase 2: XSLT value validation ============
     [exec] No value validation errors.
     [exec] 
     [exec] ############################################################
     [exec] Validating ../xml/UBL-ReceiptAdvice-2.0-Example.xml
     [exec] ############################################################
     [exec] ============== Phase 1: XSD schema validation ==============
     [exec] No schema validation errors.
     [exec] ============ Phase 2: XSLT value validation ============
     [exec] No value validation errors.
     [exec] 
     [exec] ############################################################
     [exec] Validating ../xml/UBL-Reminder-2.1-Example.xml
     [exec] ############################################################
     [exec] ============== Phase 1: XSD schema validation ==============
     [exec] No schema validation errors.
     [exec] ============ Phase 2: XSLT value validation ============
     [exec] No value validation errors.
     [exec] 
     [exec] ############################################################
     [exec] Validating ../xml/UBL-RemittanceAdvice-2.0-Example.xml
     [exec] ############################################################
     [exec] ============== Phase 1: XSD schema validation ==============
     [exec] No schema validation errors.
     [exec] ============ Phase 2: XSLT value validation ============
     [exec] No value validation errors.
     [exec] 
     [exec] ############################################################
     [exec] Validating ../xml/UBL-RequestForQuotation-2.0-Example.xml
     [exec] ############################################################
     [exec] ============== Phase 1: XSD schema validation ==============
     [exec] No schema validation errors.
     [exec] ============ Phase 2: XSLT value validation ============
     [exec] No value validation errors.
     [exec] 
     [exec] ############################################################
     [exec] Validating ../xml/UBL-RequestForQuotation-2.1-Example.xml
     [exec] ############################################################
     [exec] ============== Phase 1: XSD schema validation ==============
     [exec] No schema validation errors.
     [exec] ============ Phase 2: XSLT value validation ============
     [exec] No value validation errors.
     [exec] 
     [exec] ############################################################
     [exec] Validating ../xml/UBL-RetailEvent-2.1-Example.xml
     [exec] ############################################################
     [exec] ============== Phase 1: XSD schema validation ==============
     [exec] No schema validation errors.
     [exec] ============ Phase 2: XSLT value validation ============
     [exec] No value validation errors.
     [exec] 
     [exec] ############################################################
     [exec] Validating ../xml/UBL-SelfBilledCreditNote-2.1-Example.xml
     [exec] ############################################################
     [exec] ============== Phase 1: XSD schema validation ==============
     [exec] No schema validation errors.
     [exec] ============ Phase 2: XSLT value validation ============
     [exec] No value validation errors.
     [exec] 
     [exec] ############################################################
     [exec] Validating ../xml/UBL-Statement-2.0-Example.xml
     [exec] ############################################################
     [exec] ============== Phase 1: XSD schema validation ==============
     [exec] No schema validation errors.
     [exec] ============ Phase 2: XSLT value validation ============
     [exec] No value validation errors.
     [exec] 
     [exec] ############################################################
     [exec] Validating ../xml/UBL-StockAvailabilityReport-2.1-Example.xml
     [exec] ############################################################
     [exec] ============== Phase 1: XSD schema validation ==============
     [exec] No schema validation errors.
     [exec] ============ Phase 2: XSLT value validation ============
     [exec] No value validation errors.
     [exec] 
     [exec] ############################################################
     [exec] Validating ../xml/UBL-TradeItemLocationProfile-2.1-Example.xml
     [exec] ############################################################
     [exec] ============== Phase 1: XSD schema validation ==============
     [exec] No schema validation errors.
     [exec] ============ Phase 2: XSLT value validation ============
     [exec] No value validation errors.
     [exec] 
     [exec] ############################################################
     [exec] Validating ../xml/UBL-TransitCustomsDeclaration-2.3-Example.xml
     [exec] ############################################################
     [exec] ============== Phase 1: XSD schema validation ==============
     [exec] No schema validation errors.
     [exec] ============ Phase 2: XSLT value validation ============
     [exec] No value validation errors.
     [exec] 
     [exec] ############################################################
     [exec] Validating ../xml/UBL-TransportExecutionPlan-2.1-Example.xml
     [exec] ############################################################
     [exec] ============== Phase 1: XSD schema validation ==============
     [exec] No schema validation errors.
     [exec] ============ Phase 2: XSLT value validation ============
     [exec] No value validation errors.
     [exec] 
     [exec] ############################################################
     [exec] Validating ../xml/UBL-TransportExecutionPlanRequest-2.1-Example.xml
     [exec] ############################################################
     [exec] ============== Phase 1: XSD schema validation ==============
     [exec] No schema validation errors.
     [exec] ============ Phase 2: XSLT value validation ============
     [exec] No value validation errors.
     [exec] 
     [exec] ############################################################
     [exec] Validating ../xml/UBL-TransportProgressStatus-2.1-Example.xml
     [exec] ############################################################
     [exec] ============== Phase 1: XSD schema validation ==============
     [exec] No schema validation errors.
     [exec] ============ Phase 2: XSLT value validation ============
     [exec] No value validation errors.
     [exec] 
     [exec] ############################################################
     [exec] Validating ../xml/UBL-TransportProgressStatusRequest-2.1-Example.xml
     [exec] ############################################################
     [exec] ============== Phase 1: XSD schema validation ==============
     [exec] No schema validation errors.
     [exec] ============ Phase 2: XSLT value validation ============
     [exec] No value validation errors.
     [exec] 
     [exec] ############################################################
     [exec] Validating ../xml/UBL-TransportServiceDescription-2.1-Example.xml
     [exec] ############################################################
     [exec] ============== Phase 1: XSD schema validation ==============
     [exec] No schema validation errors.
     [exec] ============ Phase 2: XSLT value validation ============
     [exec] No value validation errors.
     [exec] 
     [exec] ############################################################
     [exec] Validating ../xml/UBL-TransportServiceDescriptionRequest-2.1-Example.xml
     [exec] ############################################################
     [exec] ============== Phase 1: XSD schema validation ==============
     [exec] No schema validation errors.
     [exec] ============ Phase 2: XSLT value validation ============
     [exec] No value validation errors.
     [exec] 
     [exec] ############################################################
     [exec] Validating ../xml/UBL-TransportationStatus-2.1-Example.xml
     [exec] ############################################################
     [exec] ============== Phase 1: XSD schema validation ==============
     [exec] No schema validation errors.
     [exec] ============ Phase 2: XSLT value validation ============
     [exec] No value validation errors.
     [exec] 
     [exec] ############################################################
     [exec] Validating ../xml/UBL-TransportationStatusRequest-2.1-Example.xml
     [exec] ############################################################
     [exec] ============== Phase 1: XSD schema validation ==============
     [exec] No schema validation errors.
     [exec] ============ Phase 2: XSLT value validation ============
     [exec] No value validation errors.
     [exec] 
     [exec] ############################################################
     [exec] Validating ../xml/UBL-Waybill-2.0-Example-International.xml
     [exec] ############################################################
     [exec] ============== Phase 1: XSD schema validation ==============
     [exec] No schema validation errors.
     [exec] ============ Phase 2: XSLT value validation ============
     [exec] No value validation errors.
     [exec] 
     [exec] ############################################################
     [exec] Validating ../xml/UBL-WeightStatement-2.2-Example.xml
     [exec] ############################################################
     [exec] ============== Phase 1: XSD schema validation ==============
     [exec] No schema validation errors.
     [exec] ============ Phase 2: XSLT value validation ============
     [exec] No value validation errors.
     [exec] 
     [exec] ############################################################
     [exec] Validating ../xml/UBL-PurchaseReceipt-2.4-Example.xml
     [exec] ############################################################
     [exec] ============== Phase 1: XSD schema validation ==============
     [exec] No schema validation errors.
     [exec] ============ Phase 2: XSLT value validation ============
     [exec] No value validation errors.

-package-artefacts:
     [copy] Copying 664 files to /home/user/ubl/target/artefacts-UBL-2.5-csd01-test-20251106-1143
    [mkdir] Created dir: /home/user/ubl/target/artefacts-UBL-2.5-csd01-test-20251106-1143/intermediate-support-files
    [mkdir] Created dir: /home/user/ubl/target/artefacts-UBL-2.5-csd01-test-20251106-1143/intermediate-support-files/json
    [mkdir] Created dir: /home/user/ubl/target/artefacts-UBL-2.5-csd01-test-20251106-1143/intermediate-support-files/json/val
     [copy] Copying 8722 files to /home/user/ubl/target/artefacts-UBL-2.5-csd01-test-20251106-1143/intermediate-support-files
     [move] Moving 80 files to /home/user/ubl/target/artefacts-UBL-2.5-csd01-test-20251106-1143/intermediate-support-files
     [move] Moving 73 files to /home/user/ubl/target/artefacts-UBL-2.5-csd01-test-20251106-1143/intermediate-support-files/json
     [move] Moving 12 files to /home/user/ubl/target/artefacts-UBL-2.5-csd01-test-20251106-1143/intermediate-support-files/json/val
     [move] Moving 1 file to /home/user/ubl/target/artefacts-UBL-2.5-csd01-test-20251106-1143/intermediate-support-files
     [echo] UBLstage=csd01
     [echo] label=test-20251106-1143
    [touch] Creating /home/user/ubl/target/artefacts-UBL-2.5-csd01-test-20251106-1143/HUB-SKIPPED-INCOMPLETE-ARTEFACTS.txt

-check-package-distribution:

-package-distribution:
     [echo] Packaging results with artefacts...
   [delete] Deleting directory /home/user/ubl/target/UBL-2.5-csd01-test-20251106-1143
    [mkdir] Created dir: /home/user/ubl/target/UBL-2.5-csd01-test-20251106-1143
    [mkdir] Created dir: /home/user/ubl/target/UBL-2.5-csd01-test-20251106-1143-archive-only
    [mkdir] Created dir: /home/user/ubl/target/UBL-2.5-csd01-test-20251106-1143-iso-iec-19845
     [copy] Copying 9416 files to /home/user/ubl/target/UBL-2.5-csd01-test-20251106-1143
     [copy] Copying 218 files to /home/user/ubl/target/UBL-2.5-csd01-test-20251106-1143/endorsed
     [echo] Copying catalogue...
     [move] Moving 8837 files to /home/user/ubl/target/UBL-2.5-csd01-test-20251106-1143-archive-only
     [move] Moving 102 files to /home/user/ubl/target/UBL-2.5-csd01-test-20251106-1143-archive-only/json-schema-legacy
     [move] Moving 102 files to /home/user/ubl/target/UBL-2.5-csd01-test-20251106-1143-archive-only/json-schema-model

BUILD SUCCESSFUL
Total time: 8 minutes 12 seconds
/home/user/ubl/target /home/user/ubl

7-Zip 23.01 (x64) : Copyright (c) 1999-2023 Igor Pavlov : 2023-06-20
 64-bit locale=C.UTF-8 Threads:16 OPEN_MAX:20000

Scanning the drive:
450 folders, 9042 files, 685991130 bytes (655 MiB)

Creating archive: UBL-2.5-csd01-test-20251106-1143-archive-only.7z

Add new data to archive: 450 folders, 9042 files, 685991130 bytes (655 MiB)


Files read from disk: 9012
Archive size: 67972549 bytes (65 MiB)
Everything is Ok

7-Zip 23.01 (x64) : Copyright (c) 1999-2023 Igor Pavlov : 2023-06-20
 64-bit locale=C.UTF-8 Threads:16 OPEN_MAX:20000

Scanning the drive:
1 folder, 0 files, 0 bytes

Creating archive: UBL-2.5-csd01-test-20251106-1143-iso-iec-19845.7z

Add new data to archive: 1 folder, 0 files, 0 bytes


Files read from disk: 0
Archive size: 170 bytes (1 KiB)
Everything is Ok

7-Zip 23.01 (x64) : Copyright (c) 1999-2023 Igor Pavlov : 2023-06-20
 64-bit locale=C.UTF-8 Threads:16 OPEN_MAX:20000

Scanning the drive:
28 folders, 593 files, 68517734 bytes (66 MiB)

Creating archive: UBL-2.5-csd01-test-20251106-1143.7z

Add new data to archive: 28 folders, 593 files, 68517734 bytes (66 MiB)


Files read from disk: 590
Archive size: 10305867 bytes (10065 KiB)
Everything is Ok
/home/user/ubl
